[   10625ms] [WARNING] Failed to decode downloaded font: http://localhost:3000/fonts/Basel-Grotesk-Book.woff2 @ http://localhost:3000/:0
[   10625ms] [WARNING] OTS parsing error: invalid sfntVersion: 1008813135 @ http://localhost:3000/:0
[   10625ms] [WARNING] Failed to decode downloaded font: http://localhost:3000/fonts/Basel-Grotesk-Medium.woff2 @ http://localhost:3000/:0
[   10625ms] [WARNING] OTS parsing error: invalid sfntVersion: 1008813135 @ http://localhost:3000/:0
[   66663ms] [INFO] %cDownload the React DevTools for a better development experience: https://react.dev/link/react-devtools font-weight:bold @ http://localhost:3000/node_modules/.vite/deps/chunk-GIFLVW4N.js?v=0d3f4219:29554
[   66721ms] [WARNING] Failed to decode downloaded font: http://localhost:3000/fonts/Basel-Grotesk-Medium.woff2 @ http://localhost:3000/src/state/scroll/scrollStore.ts:8
[   66721ms] [WARNING] OTS parsing error: invalid sfntVersion: 1008813135 @ http://localhost:3000/src/state/scroll/scrollStore.ts:8
[   66721ms] [WARNING] Failed to decode downloaded font: http://localhost:3000/fonts/Basel-Grotesk-Book.woff2 @ http://localhost:3000/src/state/scroll/scrollStore.ts:8
[   66721ms] [WARNING] OTS parsing error: invalid sfntVersion: 1008813135 @ http://localhost:3000/src/state/scroll/scrollStore.ts:8
[   66816ms] [WARNING] Failed to decode downloaded font: http://localhost:3000/fonts/Basel-Grotesk-Medium.woff2 @ http://localhost:3000/:0
[   66816ms] [WARNING] OTS parsing error: invalid sfntVersion: 1008813135 @ http://localhost:3000/:0
[   66816ms] [WARNING] Failed to decode downloaded font: http://localhost:3000/fonts/Basel-Grotesk-Book.woff2 @ http://localhost:3000/:0
[   66816ms] [WARNING] OTS parsing error: invalid sfntVersion: 1008813135 @ http://localhost:3000/:0
[   67009ms] [INFO] Note: this could just be due to you not setting all the theme tokens Tamagui expects, which is harmless, but
                    it also often can be because you have a duplicated Tamagui in your bundle, which can cause tricky bugs. @ http://localhost:3000/node_modules/.vite/deps/chunk-Z56GXT5X.js?v=0d3f4219:2833
[   67009ms] [INFO] To see if you have duplicated dependencies, in Chrome DevTools hit CMD+P and type TamaguiProvider.
                    If you see both a .cjs and a .mjs entry, it's duplicated. @ http://localhost:3000/node_modules/.vite/deps/chunk-Z56GXT5X.js?v=0d3f4219:2834
[   67009ms] [INFO] You can debug that issue by opening the .mjs and .cjs files and setting a breakpoint at the top of each. @ http://localhost:3000/node_modules/.vite/deps/chunk-Z56GXT5X.js?v=0d3f4219:2835
[   67009ms] [INFO] We only log this warning one time as it's sometimes harmless, to disable this log entirely set process.env.TAMAGUI_DISABLE_MISSING_TOKEN_LOG=1. @ http://localhost:3000/node_modules/.vite/deps/chunk-Z56GXT5X.js?v=0d3f4219:2835
[   67031ms] [ERROR] Each child in a list should have a unique "key" prop.%s%s See https://react.dev/link/warning-keys for more information. 

Check the render method of `PrivacyPolicyNotice`.  It was passed a child from Trans2. @ http://localhost:3000/src/utils/setupTurnstileCSPErrorFilter.ts:29
[   67072ms] [WARNING] styled-components: it looks like an unknown prop "delay" is being sent through to the DOM, which will likely trigger a React console error. If you would like automatic filtering of unknown props, you can opt-into that behavior via `<StyleSheetManager shouldForwardProp={...}>` (connect an API like `@emotion/is-prop-valid`) or consider using transient props (`$` prefix for automatic filtering.) @ http://localhost:3000/node_modules/.vite/deps/chunk-HPGWUDCK.js?v=0d3f4219:1256
[   67110ms] [WARNING] Failed to decode downloaded font: http://localhost:3000/fonts/Basel-Grotesk-Medium.woff2 @ http://localhost:3000/node_modules/.vite/deps/chunk-2QGBL2ZB.js?v=0d3f4219:727
[   67111ms] [WARNING] OTS parsing error: invalid sfntVersion: 1008813135 @ http://localhost:3000/node_modules/.vite/deps/chunk-2QGBL2ZB.js?v=0d3f4219:727
[   67111ms] [WARNING] Failed to decode downloaded font: http://localhost:3000/fonts/Basel-Grotesk-Book.woff2 @ http://localhost:3000/node_modules/.vite/deps/chunk-2QGBL2ZB.js?v=0d3f4219:727
[   67112ms] [WARNING] OTS parsing error: invalid sfntVersion: 1008813135 @ http://localhost:3000/node_modules/.vite/deps/chunk-2QGBL2ZB.js?v=0d3f4219:727
[   72151ms] [INFO] INFO {context: Object} [Event: Application Loaded] {service_worker: uninstalled, cache: unknown, git_commit_hash: 9ed17066c95192873c6353c7f745d760f7641dce} @ http://localhost:3000/@fs/C:/Users/avone/OneDrive/Desktop/HokkOS/HookSwap/packages/utilities/src/logger/logger.ts:57
[   72154ms] [WARNING] WARN {context: Object} Invalid call to `updateScrollLock` before calling `initializeScrollWatcher` @ http://localhost:3000/@fs/C:/Users/avone/OneDrive/Desktop/HokkOS/HookSwap/packages/utilities/src/logger/logger.ts:57
[   72170ms] [INFO] INFO {context: Object} [Event: Page Viewed] {page: landing-page, git_commit_hash: 9ed17066c95192873c6353c7f745d760f7641dce} @ http://localhost:3000/@fs/C:/Users/avone/OneDrive/Desktop/HokkOS/HookSwap/packages/utilities/src/logger/logger.ts:57
[   72176ms] [INFO] INFO {context: Object} Setting active chain id to 1 @ http://localhost:3000/@fs/C:/Users/avone/OneDrive/Desktop/HokkOS/HookSwap/packages/utilities/src/logger/logger.ts:57
[   72412ms] [WARNING] Failed to decode downloaded font: http://localhost:3000/fonts/Basel-Grotesk-Medium.woff2 @ http://localhost:3000/node_modules/.vite/deps/chunk-CJVGMGYH.js?v=0d3f4219:998
[   72412ms] [WARNING] OTS parsing error: invalid sfntVersion: 1008813135 @ http://localhost:3000/node_modules/.vite/deps/chunk-CJVGMGYH.js?v=0d3f4219:998
[   72412ms] [WARNING] Failed to decode downloaded font: http://localhost:3000/fonts/Basel-Grotesk-Book.woff2 @ http://localhost:3000/node_modules/.vite/deps/chunk-CJVGMGYH.js?v=0d3f4219:998
[   72413ms] [WARNING] OTS parsing error: invalid sfntVersion: 1008813135 @ http://localhost:3000/node_modules/.vite/deps/chunk-CJVGMGYH.js?v=0d3f4219:998
[   72436ms] [INFO] INFO {context: Object} Setting active chain id to 1 @ http://localhost:3000/@fs/C:/Users/avone/OneDrive/Desktop/HokkOS/HookSwap/packages/utilities/src/logger/logger.ts:57
[   72439ms] [INFO] INFO {context: Object} [Event: Page Viewed] {page: landing-page, section: swap-form, git_commit_hash: 9ed17066c95192873c6353c7f745d760f7641dce} @ http://localhost:3000/@fs/C:/Users/avone/OneDrive/Desktop/HokkOS/HookSwap/packages/utilities/src/logger/logger.ts:57
[   72607ms] [INFO] INFO {context: Object} [Property: user_agent]: Mozilla/5.0 (Windows NT 10.0; Win64; x64) AppleWebKit/537.36 (KHTML, like Gecko) Chrome/149.0.0.0 Safari/537.36 @ http://localhost:3000/@fs/C:/Users/avone/OneDrive/Desktop/HokkOS/HookSwap/packages/utilities/src/logger/logger.ts:57
[   72607ms] [INFO] INFO {context: Object} [Property: browser]: Google Chrome or Chromium @ http://localhost:3000/@fs/C:/Users/avone/OneDrive/Desktop/HokkOS/HookSwap/packages/utilities/src/logger/logger.ts:57
[   72608ms] [INFO] INFO {context: Object} [Property: screen_resolution_height]: 1080 @ http://localhost:3000/@fs/C:/Users/avone/OneDrive/Desktop/HokkOS/HookSwap/packages/utilities/src/logger/logger.ts:57
[   72608ms] [INFO] INFO {context: Object} [Property: screen_resolution_width]: 1920 @ http://localhost:3000/@fs/C:/Users/avone/OneDrive/Desktop/HokkOS/HookSwap/packages/utilities/src/logger/logger.ts:57
[   72608ms] [INFO] INFO {context: Object} [Property: git_commit_hash]: 9ed17066c95192873c6353c7f745d760f7641dce @ http://localhost:3000/@fs/C:/Users/avone/OneDrive/Desktop/HokkOS/HookSwap/packages/utilities/src/logger/logger.ts:57
[   72608ms] [INFO] INFO {context: Object} [Property: is_dark_mode]: false @ http://localhost:3000/@fs/C:/Users/avone/OneDrive/Desktop/HokkOS/HookSwap/packages/utilities/src/logger/logger.ts:57
[   72608ms] [INFO] INFO {context: Object} [Property: testnet_mode_enabled]: false @ http://localhost:3000/@fs/C:/Users/avone/OneDrive/Desktop/HokkOS/HookSwap/packages/utilities/src/logger/logger.ts:57
[   72615ms] [WARNING] Failed to decode downloaded font: http://localhost:3000/fonts/Basel-Grotesk-Medium.woff2 @ http://localhost:3000/:0
[   72615ms] [WARNING] OTS parsing error: invalid sfntVersion: 1008813135 @ http://localhost:3000/:0
[   72615ms] [WARNING] Failed to decode downloaded font: http://localhost:3000/fonts/Basel-Grotesk-Book.woff2 @ http://localhost:3000/:0
[   72615ms] [WARNING] OTS parsing error: invalid sfntVersion: 1008813135 @ http://localhost:3000/:0
[   73658ms] [INFO] INFO {context: Object} [Event: Session Init Started] {git_commit_hash: 9ed17066c95192873c6353c7f745d760f7641dce} @ http://localhost:3000/@fs/C:/Users/avone/OneDrive/Desktop/HokkOS/HookSwap/packages/utilities/src/logger/logger.ts:57
[   73658ms] [INFO] INFO {context: Object} Session init started @ http://localhost:3000/@fs/C:/Users/avone/OneDrive/Desktop/HokkOS/HookSwap/packages/utilities/src/logger/logger.ts:57
[   73659ms] [INFO] INFO {context: Object} [Event: Session Init Completed] {need_challenge: false, duration_ms: 0, git_commit_hash: 9ed17066c95192873c6353c7f745d760f7641dce} @ http://localhost:3000/@fs/C:/Users/avone/OneDrive/Desktop/HokkOS/HookSwap/packages/utilities/src/logger/logger.ts:57
[   73659ms] [INFO] INFO {context: Object} Session init completed {needChallenge: false, durationMs: 0} @ http://localhost:3000/@fs/C:/Users/avone/OneDrive/Desktop/HokkOS/HookSwap/packages/utilities/src/logger/logger.ts:57
[   73902ms] [INFO] INFO {context: Object} [Property: router_preference]: uniswapx @ http://localhost:3000/@fs/C:/Users/avone/OneDrive/Desktop/HokkOS/HookSwap/packages/utilities/src/logger/logger.ts:57
[   74157ms] [ERROR] Failed to load resource: the server responded with a status of 401 () @ https://entry-gateway.backend-staging.api.uniswap.org/rpc/1:0
[   74218ms] [WARNING] The configured WalletConnect 'metadata.url':https://app.uniswap.org differs from the actual page url:http://localhost:3000. This is probably unintended and can lead to issues. @ http://localhost:3000/node_modules/.vite/deps/index.es-KGVGLJCL.js:929
[   74650ms] [ERROR] Failed to load resource: the server responded with a status of 401 () @ https://entry-gateway.backend-staging.api.uniswap.org/rpc/1:0
[   74651ms] [ERROR] Access to fetch at 'https://entry-gateway.backend-staging.api.uniswap.org/uniswap.compliancev2service.v1.compliancev2Service/FeatureGatedTokens' from origin 'http://localhost:3000' has been blocked by CORS policy: Response to preflight request doesn't pass access control check: It does not have HTTP ok status. @ http://localhost:3000/:0
[   74652ms] [ERROR] Failed to load resource: net::ERR_FAILED @ https://entry-gateway.backend-staging.api.uniswap.org/uniswap.compliancev2service.v1.compliancev2Service/FeatureGatedTokens:0
[   74781ms] [ERROR] redux-persist: rehydrate for "interface" called after timeout. {user: Object, lists: Object, _persist: Object, userSettings: Object, searchHistory: Object} undefined @ http://localhost:3000/src/utils/setupTurnstileCSPErrorFilter.ts:29
[   75308ms] [ERROR] Failed to load resource: the server responded with a status of 401 () @ https://entry-gateway.backend-staging.api.uniswap.org/rpc/1:0
[   75308ms] [ERROR] Failed to load resource: the server responded with a status of 401 () @ https://entry-gateway.backend-staging.api.uniswap.org/rpc/1:0
[   75375ms] [WARNING] Failed to decode downloaded font: http://localhost:3000/fonts/Basel-Grotesk-Medium.woff2 @ http://localhost:3000/node_modules/.vite/deps/chunk-2QGBL2ZB.js?v=0d3f4219:727
[   75375ms] [WARNING] OTS parsing error: invalid sfntVersion: 1008813135 @ http://localhost:3000/node_modules/.vite/deps/chunk-2QGBL2ZB.js?v=0d3f4219:727
[   75375ms] [WARNING] Failed to decode downloaded font: http://localhost:3000/fonts/Basel-Grotesk-Book.woff2 @ http://localhost:3000/node_modules/.vite/deps/chunk-2QGBL2ZB.js?v=0d3f4219:727
[   75376ms] [WARNING] OTS parsing error: invalid sfntVersion: 1008813135 @ http://localhost:3000/node_modules/.vite/deps/chunk-2QGBL2ZB.js?v=0d3f4219:727
[   75488ms] [WARNING] WARN {context: Object} RPC error {method: getBlockNumber, chainId: 1, durationMs: 2879, provider: unirpc, transport: ethers} @ http://localhost:3000/@fs/C:/Users/avone/OneDrive/Desktop/HokkOS/HookSwap/packages/utilities/src/logger/logger.ts:57
[   75678ms] [WARNING] Failed to decode downloaded font: http://localhost:3000/fonts/Basel-Grotesk-Medium.woff2 @ http://localhost:3000/:0
[   75678ms] [WARNING] OTS parsing error: invalid sfntVersion: 1008813135 @ http://localhost:3000/:0
[   75678ms] [WARNING] Failed to decode downloaded font: http://localhost:3000/fonts/Basel-Grotesk-Book.woff2 @ http://localhost:3000/:0
[   75678ms] [WARNING] OTS parsing error: invalid sfntVersion: 1008813135 @ http://localhost:3000/:0
[   75787ms] [ERROR] Failed to load resource: the server responded with a status of 400 () @ https://entry-gateway.backend-staging.api.uniswap.org/uniswap.notificationservice.v1.NotificationService/GetNotifications:0
[   75994ms] [INFO] INFO {context: Object} Session recovery started {tags: Object, extra: undefined} @ http://localhost:3000/@fs/C:/Users/avone/OneDrive/Desktop/HokkOS/HookSwap/packages/utilities/src/logger/logger.ts:57
[   76167ms] [ERROR] Failed to load resource: the server responded with a status of 401 () @ https://beta.trading-api-labs.interface.gateway.uniswap.org/v1/swappable_tokens?tokenIn=0x0000000000000000000000000000000000000000&tokenInChainId=1:0
[   76168ms] [INFO] INFO {context: Object} Session recovery started {tags: Object, extra: undefined} @ http://localhost:3000/@fs/C:/Users/avone/OneDrive/Desktop/HokkOS/HookSwap/packages/utilities/src/logger/logger.ts:57
[   76206ms] [INFO] INFO {context: Object} Session recovery started {tags: Object, extra: undefined} @ http://localhost:3000/@fs/C:/Users/avone/OneDrive/Desktop/HokkOS/HookSwap/packages/utilities/src/logger/logger.ts:57
[   76207ms] [INFO] INFO {context: Object} Session recovery started {tags: Object, extra: undefined} @ http://localhost:3000/@fs/C:/Users/avone/OneDrive/Desktop/HokkOS/HookSwap/packages/utilities/src/logger/logger.ts:57
[   76209ms] [LOG] [DEBUG] ethereum-provider request {method: eth_accounts} @ http://localhost:3000/node_modules/.vite/deps/chunk-K6AKYCO5.js?v=0d3f4219:629
[   76271ms] [ERROR] Error: Failed to fetch notifications: Response status: 400
    at Object.getNotifications (http://localhost:3000/@fs/C:/Users/avone/OneDrive/Desktop/HokkOS/HookSwap/packages/api/src/clients/notifications/createNotificationsApiClient.ts:20:13)
    at async queryFn (http://localhost:3000/@fs/C:/Users/avone/OneDrive/Desktop/HokkOS/HookSwap/packages/notifications/src/notification-data-source/getNotificationQueryOptions.ts:25:26) {tags: Object} @ http://localhost:3000/src/utils/setupTurnstileCSPErrorFilter.ts:29
[   76287ms] [ERROR] Failed to load resource: the server responded with a status of 401 () @ https://entry-gateway.backend-staging.api.uniswap.org/rpc/1:0
[   76537ms] [WARNING] Failed to decode downloaded font: http://localhost:3000/fonts/Basel-Grotesk-Medium.woff2 @ http://localhost:3000/node_modules/.vite/deps/chunk-GIFLVW4N.js?v=0d3f4219:25539
[   76538ms] [WARNING] OTS parsing error: invalid sfntVersion: 1008813135 @ http://localhost:3000/node_modules/.vite/deps/chunk-GIFLVW4N.js?v=0d3f4219:25539
[   76538ms] [WARNING] Failed to decode downloaded font: http://localhost:3000/fonts/Basel-Grotesk-Book.woff2 @ http://localhost:3000/node_modules/.vite/deps/chunk-GIFLVW4N.js?v=0d3f4219:25539
[   76538ms] [WARNING] OTS parsing error: invalid sfntVersion: 1008813135 @ http://localhost:3000/node_modules/.vite/deps/chunk-GIFLVW4N.js?v=0d3f4219:25539
[   76542ms] [WARNING] Failed to decode downloaded font: http://localhost:3000/fonts/Basel-Grotesk-Medium.woff2 @ http://localhost:3000/node_modules/.vite/deps/chunk-2QGBL2ZB.js?v=0d3f4219:727
[   76542ms] [WARNING] OTS parsing error: invalid sfntVersion: 1008813135 @ http://localhost:3000/node_modules/.vite/deps/chunk-2QGBL2ZB.js?v=0d3f4219:727
[   76542ms] [WARNING] Failed to decode downloaded font: http://localhost:3000/fonts/Basel-Grotesk-Book.woff2 @ http://localhost:3000/node_modules/.vite/deps/chunk-2QGBL2ZB.js?v=0d3f4219:727
[   76542ms] [WARNING] OTS parsing error: invalid sfntVersion: 1008813135 @ http://localhost:3000/node_modules/.vite/deps/chunk-2QGBL2ZB.js?v=0d3f4219:727
[   76556ms] [INFO] INFO {context: Object} [Event: Application Loaded] {service_worker: uninstalled, cache: unknown, git_commit_hash: 9ed17066c95192873c6353c7f745d760f7641dce} @ http://localhost:3000/@fs/C:/Users/avone/OneDrive/Desktop/HokkOS/HookSwap/packages/utilities/src/logger/logger.ts:57
[   76559ms] [INFO] INFO {context: Object} [Event: Page Viewed] {page: landing-page, modal: sign-up-modal, git_commit_hash: 9ed17066c95192873c6353c7f745d760f7641dce} @ http://localhost:3000/@fs/C:/Users/avone/OneDrive/Desktop/HokkOS/HookSwap/packages/utilities/src/logger/logger.ts:57
[   76564ms] [INFO] INFO {context: Object} [Event: Page Viewed] {page: landing-page, git_commit_hash: 9ed17066c95192873c6353c7f745d760f7641dce} @ http://localhost:3000/@fs/C:/Users/avone/OneDrive/Desktop/HokkOS/HookSwap/packages/utilities/src/logger/logger.ts:57
[   76565ms] [WARNING] WARN {context: Object} `ScrollWatcher` already initialized. You should only call `initializeScrollWatcher` once. @ http://localhost:3000/@fs/C:/Users/avone/OneDrive/Desktop/HokkOS/HookSwap/packages/utilities/src/logger/logger.ts:57
[   76570ms] [WARNING] Failed to decode downloaded font: http://localhost:3000/fonts/Basel-Grotesk-Medium.woff2 @ http://localhost:3000/node_modules/.vite/deps/chunk-2QGBL2ZB.js?v=0d3f4219:727
[   76571ms] [WARNING] OTS parsing error: invalid sfntVersion: 1008813135 @ http://localhost:3000/node_modules/.vite/deps/chunk-2QGBL2ZB.js?v=0d3f4219:727
[   76571ms] [WARNING] Failed to decode downloaded font: http://localhost:3000/fonts/Basel-Grotesk-Book.woff2 @ http://localhost:3000/node_modules/.vite/deps/chunk-2QGBL2ZB.js?v=0d3f4219:727
[   76571ms] [WARNING] OTS parsing error: invalid sfntVersion: 1008813135 @ http://localhost:3000/node_modules/.vite/deps/chunk-2QGBL2ZB.js?v=0d3f4219:727
[   76575ms] [INFO] INFO {context: Object} [Event: Application Loaded] {service_worker: uninstalled, cache: unknown, git_commit_hash: 9ed17066c95192873c6353c7f745d760f7641dce} @ http://localhost:3000/@fs/C:/Users/avone/OneDrive/Desktop/HokkOS/HookSwap/packages/utilities/src/logger/logger.ts:57
[   76591ms] [WARNING] WARN {context: Object} `ScrollWatcher` already initialized. You should only call `initializeScrollWatcher` once. @ http://localhost:3000/@fs/C:/Users/avone/OneDrive/Desktop/HokkOS/HookSwap/packages/utilities/src/logger/logger.ts:57
[   76754ms] [LOG] RWS> connect 0 @ http://localhost:3000/node_modules/.vite/deps/partysocket.js?v=28d847b2:257
[   76754ms] [LOG] RWS> next delay 0 @ http://localhost:3000/node_modules/.vite/deps/partysocket.js?v=28d847b2:257
[   76763ms] [INFO] INFO {context: Object} Setting active chain id to 1 @ http://localhost:3000/@fs/C:/Users/avone/OneDrive/Desktop/HokkOS/HookSwap/packages/utilities/src/logger/logger.ts:57
[   76765ms] [INFO] INFO {context: Object} [Event: Page Viewed] {page: landing-page, section: swap-form, git_commit_hash: 9ed17066c95192873c6353c7f745d760f7641dce} @ http://localhost:3000/@fs/C:/Users/avone/OneDrive/Desktop/HokkOS/HookSwap/packages/utilities/src/logger/logger.ts:57
[   76876ms] [INFO] INFO {context: Object} [Property: user_agent]: Mozilla/5.0 (Windows NT 10.0; Win64; x64) AppleWebKit/537.36 (KHTML, like Gecko) Chrome/149.0.0.0 Safari/537.36 @ http://localhost:3000/@fs/C:/Users/avone/OneDrive/Desktop/HokkOS/HookSwap/packages/utilities/src/logger/logger.ts:57
[   76876ms] [INFO] INFO {context: Object} [Property: browser]: Google Chrome or Chromium @ http://localhost:3000/@fs/C:/Users/avone/OneDrive/Desktop/HokkOS/HookSwap/packages/utilities/src/logger/logger.ts:57
[   76876ms] [INFO] INFO {context: Object} [Property: screen_resolution_height]: 1080 @ http://localhost:3000/@fs/C:/Users/avone/OneDrive/Desktop/HokkOS/HookSwap/packages/utilities/src/logger/logger.ts:57
[   76876ms] [INFO] INFO {context: Object} [Property: screen_resolution_width]: 1920 @ http://localhost:3000/@fs/C:/Users/avone/OneDrive/Desktop/HokkOS/HookSwap/packages/utilities/src/logger/logger.ts:57
[   76876ms] [INFO] INFO {context: Object} [Property: git_commit_hash]: 9ed17066c95192873c6353c7f745d760f7641dce @ http://localhost:3000/@fs/C:/Users/avone/OneDrive/Desktop/HokkOS/HookSwap/packages/utilities/src/logger/logger.ts:57
[   76876ms] [INFO] INFO {context: Object} [Property: is_dark_mode]: false @ http://localhost:3000/@fs/C:/Users/avone/OneDrive/Desktop/HokkOS/HookSwap/packages/utilities/src/logger/logger.ts:57
[   76876ms] [INFO] INFO {context: Object} [Property: router_preference]: uniswapx @ http://localhost:3000/@fs/C:/Users/avone/OneDrive/Desktop/HokkOS/HookSwap/packages/utilities/src/logger/logger.ts:57
[   76876ms] [INFO] INFO {context: Object} [Property: testnet_mode_enabled]: false @ http://localhost:3000/@fs/C:/Users/avone/OneDrive/Desktop/HokkOS/HookSwap/packages/utilities/src/logger/logger.ts:57
[   76877ms] [INFO] INFO {context: Object} [Property: user_agent]: Mozilla/5.0 (Windows NT 10.0; Win64; x64) AppleWebKit/537.36 (KHTML, like Gecko) Chrome/149.0.0.0 Safari/537.36 @ http://localhost:3000/@fs/C:/Users/avone/OneDrive/Desktop/HokkOS/HookSwap/packages/utilities/src/logger/logger.ts:57
[   76877ms] [INFO] INFO {context: Object} [Property: browser]: Google Chrome or Chromium @ http://localhost:3000/@fs/C:/Users/avone/OneDrive/Desktop/HokkOS/HookSwap/packages/utilities/src/logger/logger.ts:57
[   76877ms] [INFO] INFO {context: Object} [Property: screen_resolution_height]: 1080 @ http://localhost:3000/@fs/C:/Users/avone/OneDrive/Desktop/HokkOS/HookSwap/packages/utilities/src/logger/logger.ts:57
[   76877ms] [INFO] INFO {context: Object} [Property: screen_resolution_width]: 1920 @ http://localhost:3000/@fs/C:/Users/avone/OneDrive/Desktop/HokkOS/HookSwap/packages/utilities/src/logger/logger.ts:57
[   76877ms] [INFO] INFO {context: Object} [Property: git_commit_hash]: 9ed17066c95192873c6353c7f745d760f7641dce @ http://localhost:3000/@fs/C:/Users/avone/OneDrive/Desktop/HokkOS/HookSwap/packages/utilities/src/logger/logger.ts:57
[   76877ms] [INFO] INFO {context: Object} [Property: is_dark_mode]: false @ http://localhost:3000/@fs/C:/Users/avone/OneDrive/Desktop/HokkOS/HookSwap/packages/utilities/src/logger/logger.ts:57
[   76877ms] [INFO] INFO {context: Object} [Property: router_preference]: uniswapx @ http://localhost:3000/@fs/C:/Users/avone/OneDrive/Desktop/HokkOS/HookSwap/packages/utilities/src/logger/logger.ts:57
[   76878ms] [INFO] INFO {context: Object} [Property: testnet_mode_enabled]: false @ http://localhost:3000/@fs/C:/Users/avone/OneDrive/Desktop/HokkOS/HookSwap/packages/utilities/src/logger/logger.ts:57
[   76909ms] [ERROR] Failed to load resource: the server responded with a status of 401 () @ https://beta.trading-api-labs.interface.gateway.uniswap.org/v1/swappable_tokens?tokenIn=0x0000000000000000000000000000000000000000&tokenInChainId=1:0
[   76909ms] [WARNING] WARN {context: Object} Session-gated retry still failed {tags: Object, extra: Object} @ http://localhost:3000/@fs/C:/Users/avone/OneDrive/Desktop/HokkOS/HookSwap/packages/utilities/src/logger/logger.ts:57
[   76959ms] [ERROR] Failed to load resource: the server responded with a status of 401 () @ https://entry-gateway.backend-staging.api.uniswap.org/rpc/1:0
[   76962ms] [ERROR] Failed to load resource: the server responded with a status of 401 () @ https://entry-gateway.backend-staging.api.uniswap.org/rpc/1:0
[   77197ms] [LOG] RWS> connect {url: wss://websockets.backend-staging.api.uniswap.org, protocols: Array(0)} @ http://localhost:3000/node_modules/.vite/deps/partysocket.js?v=28d847b2:257
[   77198ms] [LOG] RWS> addListeners @ http://localhost:3000/node_modules/.vite/deps/partysocket.js?v=28d847b2:257
[   77201ms] [LOG] Download the Apollo DevTools for a better development experience: %s https://chrome.google.com/webstore/detail/apollo-client-developer-t/jdkknkkbebbapilgoeccciglkfbmbnfm @ http://localhost:3000/node_modules/.vite/deps/chunk-YA23BSTC.js?v=0d3f4219:97
[   77210ms] [WARNING] WARN {context: Object} Session-gated retry still failed {tags: Object, extra: Object} @ http://localhost:3000/@fs/C:/Users/avone/OneDrive/Desktop/HokkOS/HookSwap/packages/utilities/src/logger/logger.ts:57
[   77210ms] [WARNING] WARN {context: Object} RPC error {method: eth_blockNumber, chainId: 1, durationMs: 3553, provider: unirpc, transport: viem} @ http://localhost:3000/@fs/C:/Users/avone/OneDrive/Desktop/HokkOS/HookSwap/packages/utilities/src/logger/logger.ts:57
[   77302ms] [ERROR] Access to fetch at 'https://entry-gateway.backend-staging.api.uniswap.org/uniswap.compliancev2service.v1.compliancev2Service/FeatureGatedTokens' from origin 'http://localhost:3000' has been blocked by CORS policy: Response to preflight request doesn't pass access control check: It does not have HTTP ok status. @ http://localhost:3000/:0
[   77302ms] [ERROR] Failed to load resource: net::ERR_FAILED @ https://entry-gateway.backend-staging.api.uniswap.org/uniswap.compliancev2service.v1.compliancev2Service/FeatureGatedTokens:0
[   77353ms] [ERROR] Failed to load resource: the server responded with a status of 401 () @ https://entry-gateway.backend-staging.api.uniswap.org/rpc/1:0
[   77417ms] [WARNING] WARN {context: Object} Session-gated retry still failed {tags: Object, extra: Object} @ http://localhost:3000/@fs/C:/Users/avone/OneDrive/Desktop/HokkOS/HookSwap/packages/utilities/src/logger/logger.ts:57
[   77417ms] [WARNING] WARN {context: Object} RPC error {method: eth_call, chainId: 1, durationMs: 3219, provider: unirpc, transport: viem} @ http://localhost:3000/@fs/C:/Users/avone/OneDrive/Desktop/HokkOS/HookSwap/packages/utilities/src/logger/logger.ts:57
[   77434ms] [WARNING] WARN {context: Object} Session-gated retry still failed {tags: Object, extra: Object} @ http://localhost:3000/@fs/C:/Users/avone/OneDrive/Desktop/HokkOS/HookSwap/packages/utilities/src/logger/logger.ts:57
[   77434ms] [WARNING] WARN {context: Object} RPC error {method: eth_chainId, chainId: 1, durationMs: 3277, provider: unirpc, transport: viem} @ http://localhost:3000/@fs/C:/Users/avone/OneDrive/Desktop/HokkOS/HookSwap/packages/utilities/src/logger/logger.ts:57
[   77475ms] [ERROR] Failed to load resource: the server responded with a status of 401 () @ https://entry-gateway.backend-staging.api.uniswap.org/rpc/1:0
[   77640ms] [WARNING] WARN {context: Object} RPC error {method: getBlockNumber, chainId: 1, durationMs: 763, provider: unirpc, transport: ethers} @ http://localhost:3000/@fs/C:/Users/avone/OneDrive/Desktop/HokkOS/HookSwap/packages/utilities/src/logger/logger.ts:57
[   77685ms] [ERROR] Failed to load resource: the server responded with a status of 401 () @ https://entry-gateway.backend-staging.api.uniswap.org/rpc/1:0
[   77692ms] [ERROR] Failed to load resource: the server responded with a status of 401 () @ https://entry-gateway.backend-staging.api.uniswap.org/rpc/1:0
[   77728ms] [INFO] INFO {context: Object} Session recovery started {tags: Object, extra: undefined} @ http://localhost:3000/@fs/C:/Users/avone/OneDrive/Desktop/HokkOS/HookSwap/packages/utilities/src/logger/logger.ts:57
[   77728ms] [INFO] INFO {context: Object} [Event: Session Init Started] {git_commit_hash: 9ed17066c95192873c6353c7f745d760f7641dce} @ http://localhost:3000/@fs/C:/Users/avone/OneDrive/Desktop/HokkOS/HookSwap/packages/utilities/src/logger/logger.ts:57
[   77729ms] [INFO] INFO {context: Object} Session init started @ http://localhost:3000/@fs/C:/Users/avone/OneDrive/Desktop/HokkOS/HookSwap/packages/utilities/src/logger/logger.ts:57
[   77792ms] [ERROR] WebSocket connection to 'wss://websockets.backend-staging.api.uniswap.org/' failed: HTTP Authentication failed; no valid credentials available @ http://localhost:3000/node_modules/.vite/deps/partysocket.js?v=28d847b2:346
[   77879ms] [INFO] INFO {context: Object} Session recovery started {tags: Object, extra: undefined} @ http://localhost:3000/@fs/C:/Users/avone/OneDrive/Desktop/HokkOS/HookSwap/packages/utilities/src/logger/logger.ts:57
[   77882ms] [INFO] INFO {context: Object} Session recovery started {tags: Object, extra: undefined} @ http://localhost:3000/@fs/C:/Users/avone/OneDrive/Desktop/HokkOS/HookSwap/packages/utilities/src/logger/logger.ts:57
[   77893ms] [LOG] RWS> error event undefined @ http://localhost:3000/node_modules/.vite/deps/partysocket.js?v=28d847b2:257
[   77893ms] [LOG] RWS> removeListeners @ http://localhost:3000/node_modules/.vite/deps/partysocket.js?v=28d847b2:257
[   77893ms] [LOG] RWS> close event @ http://localhost:3000/node_modules/.vite/deps/partysocket.js?v=28d847b2:257
[   77893ms] [LOG] RWS> connect 1 @ http://localhost:3000/node_modules/.vite/deps/partysocket.js?v=28d847b2:257
[   77893ms] [LOG] RWS> removeListeners @ http://localhost:3000/node_modules/.vite/deps/partysocket.js?v=28d847b2:257
[   77893ms] [LOG] RWS> next delay 4537.01007660354 @ http://localhost:3000/node_modules/.vite/deps/partysocket.js?v=28d847b2:257
[   77894ms] [LOG] RWS> exec error listeners @ http://localhost:3000/node_modules/.vite/deps/partysocket.js?v=28d847b2:257
[   77894ms] [WARNING] WARN {context: Object} WebSocket error {error: Error: WebSocket error - check Network tab for details
    at ReconnectingWebSocket2.<anonymous> (h…} @ http://localhost:3000/@fs/C:/Users/avone/OneDrive/Desktop/HokkOS/HookSwap/packages/utilities/src/logger/logger.ts:57
[   78280ms] [INFO] INFO {context: Object} [Event: Session Init Completed] {need_challenge: true, duration_ms: 551.7000000178814, git_commit_hash: 9ed17066c95192873c6353c7f745d760f7641dce} @ http://localhost:3000/@fs/C:/Users/avone/OneDrive/Desktop/HokkOS/HookSwap/packages/utilities/src/logger/logger.ts:57
[   78280ms] [INFO] INFO {context: Object} Session init completed {needChallenge: true, durationMs: 551.7000000178814} @ http://localhost:3000/@fs/C:/Users/avone/OneDrive/Desktop/HokkOS/HookSwap/packages/utilities/src/logger/logger.ts:57
[   78717ms] [WARNING] Failed to decode downloaded font: http://localhost:3000/fonts/Basel-Grotesk-Medium.woff2 @ http://localhost:3000/:0
[   78717ms] [WARNING] OTS parsing error: invalid sfntVersion: 1008813135 @ http://localhost:3000/:0
[   78717ms] [WARNING] Failed to decode downloaded font: http://localhost:3000/fonts/Basel-Grotesk-Book.woff2 @ http://localhost:3000/:0
[   78717ms] [WARNING] OTS parsing error: invalid sfntVersion: 1008813135 @ http://localhost:3000/:0
[   79126ms] [ERROR] Failed to load resource: the server responded with a status of 400 () @ https://entry-gateway.backend-staging.api.uniswap.org/uniswap.platformservice.v1.SessionService/Challenge:0
[   79459ms] [WARNING] Failed to decode downloaded font: http://localhost:3000/fonts/Basel-Grotesk-Medium.woff2 @ http://localhost:3000/node_modules/.vite/deps/sonner.js?v=cdf7d211:239
[   79460ms] [WARNING] OTS parsing error: invalid sfntVersion: 1008813135 @ http://localhost:3000/node_modules/.vite/deps/sonner.js?v=cdf7d211:239
[   79460ms] [WARNING] Failed to decode downloaded font: http://localhost:3000/fonts/Basel-Grotesk-Book.woff2 @ http://localhost:3000/node_modules/.vite/deps/sonner.js?v=cdf7d211:239
[   79460ms] [WARNING] OTS parsing error: invalid sfntVersion: 1008813135 @ http://localhost:3000/node_modules/.vite/deps/sonner.js?v=cdf7d211:239
[   79731ms] [WARNING] Failed to decode downloaded font: http://localhost:3000/fonts/Basel-Grotesk-Medium.woff2 @ http://localhost:3000/:0
[   79732ms] [WARNING] OTS parsing error: invalid sfntVersion: 1008813135 @ http://localhost:3000/:0
[   79732ms] [WARNING] Failed to decode downloaded font: http://localhost:3000/fonts/Basel-Grotesk-Book.woff2 @ http://localhost:3000/:0
[   79732ms] [WARNING] OTS parsing error: invalid sfntVersion: 1008813135 @ http://localhost:3000/:0
[   79903ms] [WARNING] styled-components: it looks like an unknown prop "live" is being sent through to the DOM, which will likely trigger a React console error. If you would like automatic filtering of unknown props, you can opt-into that behavior via `<StyleSheetManager shouldForwardProp={...}>` (connect an API like `@emotion/is-prop-valid`) or consider using transient props (`$` prefix for automatic filtering.) @ http://localhost:3000/node_modules/.vite/deps/chunk-HPGWUDCK.js?v=0d3f4219:1256
[   79922ms] [ERROR] Received `%s` for a non-boolean attribute `%s`.

If you want to write it to the DOM, pass a string instead: %s="%s" or %s={value.toString()}. true live live true live @ http://localhost:3000/src/utils/setupTurnstileCSPErrorFilter.ts:29
[   80071ms] [WARNING] Failed to decode downloaded font: http://localhost:3000/fonts/Basel-Grotesk-Medium.woff2 @ http://localhost:3000/node_modules/.vite/deps/sonner.js?v=cdf7d211:239
[   80071ms] [WARNING] OTS parsing error: invalid sfntVersion: 1008813135 @ http://localhost:3000/node_modules/.vite/deps/sonner.js?v=cdf7d211:239
[   80071ms] [WARNING] Failed to decode downloaded font: http://localhost:3000/fonts/Basel-Grotesk-Book.woff2 @ http://localhost:3000/node_modules/.vite/deps/sonner.js?v=cdf7d211:239
[   80072ms] [WARNING] OTS parsing error: invalid sfntVersion: 1008813135 @ http://localhost:3000/node_modules/.vite/deps/sonner.js?v=cdf7d211:239
[   80090ms] [ERROR] Failed to load resource: the server responded with a status of 401 () @ https://entry-gateway.backend-staging.api.uniswap.org/rpc/1:0
[   80110ms] [INFO] INFO {context: Object} Session recovery started {tags: Object, extra: undefined} @ http://localhost:3000/@fs/C:/Users/avone/OneDrive/Desktop/HokkOS/HookSwap/packages/utilities/src/logger/logger.ts:57
[   80403ms] [INFO] INFO {context: Object} [Event: Session Init Started] {git_commit_hash: 9ed17066c95192873c6353c7f745d760f7641dce} @ http://localhost:3000/@fs/C:/Users/avone/OneDrive/Desktop/HokkOS/HookSwap/packages/utilities/src/logger/logger.ts:57
[   80403ms] [INFO] INFO {context: Object} Session init started @ http://localhost:3000/@fs/C:/Users/avone/OneDrive/Desktop/HokkOS/HookSwap/packages/utilities/src/logger/logger.ts:57
[   80456ms] [WARNING] Failed to decode downloaded font: http://localhost:3000/fonts/Basel-Grotesk-Medium.woff2 @ http://localhost:3000/node_modules/.vite/deps/chunk-2QGBL2ZB.js?v=0d3f4219:727
[   80456ms] [WARNING] OTS parsing error: invalid sfntVersion: 1008813135 @ http://localhost:3000/node_modules/.vite/deps/chunk-2QGBL2ZB.js?v=0d3f4219:727
[   80457ms] [WARNING] Failed to decode downloaded font: http://localhost:3000/fonts/Basel-Grotesk-Book.woff2 @ http://localhost:3000/node_modules/.vite/deps/chunk-2QGBL2ZB.js?v=0d3f4219:727
[   80457ms] [WARNING] OTS parsing error: invalid sfntVersion: 1008813135 @ http://localhost:3000/node_modules/.vite/deps/chunk-2QGBL2ZB.js?v=0d3f4219:727
[   80737ms] [INFO] INFO {context: Object} [Event: Session Init Completed] {need_challenge: true, duration_ms: 333.7000000178814, git_commit_hash: 9ed17066c95192873c6353c7f745d760f7641dce} @ http://localhost:3000/@fs/C:/Users/avone/OneDrive/Desktop/HokkOS/HookSwap/packages/utilities/src/logger/logger.ts:57
[   80737ms] [INFO] INFO {context: Object} Session init completed {needChallenge: true, durationMs: 333.7000000178814} @ http://localhost:3000/@fs/C:/Users/avone/OneDrive/Desktop/HokkOS/HookSwap/packages/utilities/src/logger/logger.ts:57
[   80778ms] [WARNING] Failed to decode downloaded font: http://localhost:3000/fonts/Basel-Grotesk-Medium.woff2 @ http://localhost:3000/node_modules/.vite/deps/@rive-app_react-canvas.js?v=40232193:6116
[   80778ms] [WARNING] OTS parsing error: invalid sfntVersion: 1008813135 @ http://localhost:3000/node_modules/.vite/deps/@rive-app_react-canvas.js?v=40232193:6116
[   80778ms] [WARNING] Failed to decode downloaded font: http://localhost:3000/fonts/Basel-Grotesk-Book.woff2 @ http://localhost:3000/node_modules/.vite/deps/@rive-app_react-canvas.js?v=40232193:6116
[   80779ms] [WARNING] OTS parsing error: invalid sfntVersion: 1008813135 @ http://localhost:3000/node_modules/.vite/deps/@rive-app_react-canvas.js?v=40232193:6116
[   80800ms] [INFO] INFO {context: Object} [Event: Web Vitals] {service_worker: uninstalled, cache: unknown, first_contentful_paint_ms: 80740, git_commit_hash: 9ed17066c95192873c6353c7f745d760f7641dce} @ http://localhost:3000/@fs/C:/Users/avone/OneDrive/Desktop/HokkOS/HookSwap/packages/utilities/src/logger/logger.ts:57
[   80801ms] [INFO] INFO {context: Object} [Event: Web Vitals] {service_worker: uninstalled, cache: unknown, first_contentful_paint_ms: 80740, git_commit_hash: 9ed17066c95192873c6353c7f745d760f7641dce} @ http://localhost:3000/@fs/C:/Users/avone/OneDrive/Desktop/HokkOS/HookSwap/packages/utilities/src/logger/logger.ts:57
[   80801ms] [INFO] INFO {context: Object} [Event: Web Vitals] {service_worker: uninstalled, cache: unknown, first_contentful_paint_ms: 80740, git_commit_hash: 9ed17066c95192873c6353c7f745d760f7641dce} @ http://localhost:3000/@fs/C:/Users/avone/OneDrive/Desktop/HokkOS/HookSwap/packages/utilities/src/logger/logger.ts:57
[   80851ms] [ERROR] Failed to load resource: the server responded with a status of 400 () @ https://entry-gateway.backend-staging.api.uniswap.org/uniswap.platformservice.v1.SessionService/Challenge:0
[   80943ms] [WARNING] Lit is in dev mode. Not recommended for production! See https://lit.dev/msg/dev-mode for more information. @ http://localhost:3000/node_modules/.vite/deps/chunk-UHGVI6XG.js?v=0d3f4219:39
[   81045ms] [ERROR] Failed to load resource: the server responded with a status of 400 () @ https://pulse.walletconnect.org/e?projectId=hookswap_dev_placeholder&st=appkit&sv=html-core-1.7.8:0
[   81045ms] [ERROR] Failed to load resource: the server responded with a status of 403 () @ https://api.web3modal.org/appkit/v1/config?projectId=hookswap_dev_placeholder&st=appkit&sv=html-core-1.7.8:0
[   81045ms] [WARNING] [Reown Config] Failed to fetch remote project configuration. Using local/default values. Error: HTTP status code: 403
    at fetchData (http://localhost:3000/node_modules/.vite/deps/chunk-EQ4LTIO5.js?v=0d3f4219:3440:17)
    at async FetchUtil.get (http://localhost:3000/node_modules/.vite/deps/chunk-EQ4LTIO5.js?v=0d3f4219:3454:22)
    at async Object.fetchProjectConfig (http://localhost:3000/node_modules/.vite/deps/chunk-EQ4LTIO5.js?v=0d3f4219:6589:22)
    at async Object.fetchRemoteFeatures (http://localhost:3000/node_modules/.vite/deps/core-746JKTGC.js?v=0d3f4219:1073:26)
    at async AppKit.initialize (http://localhost:3000/node_modules/.vite/deps/core-746JKTGC.js?v=0d3f4219:1271:27) @ http://localhost:3000/node_modules/.vite/deps/core-746JKTGC.js?v=0d3f4219:1075
[   82300ms] [WARNING] Failed to decode downloaded font: http://localhost:3000/fonts/Basel-Grotesk-Book.woff @ http://localhost:3000/:0
[   82300ms] [WARNING] OTS parsing error: invalid sfntVersion: 1008813135 @ http://localhost:3000/:0
[   82300ms] [WARNING] Failed to decode downloaded font: http://localhost:3000/fonts/Basel-Grotesk-Book.woff @ http://localhost:3000/:0
[   82300ms] [WARNING] OTS parsing error: invalid sfntVersion: 1008813135 @ http://localhost:3000/:0
[   82300ms] [WARNING] Failed to decode downloaded font: http://localhost:3000/fonts/Basel-Grotesk-Book.woff @ http://localhost:3000/:0
[   82300ms] [WARNING] OTS parsing error: invalid sfntVersion: 1008813135 @ http://localhost:3000/:0
[   82301ms] [WARNING] Failed to decode downloaded font: http://localhost:3000/fonts/Basel-Grotesk-Book.woff @ http://localhost:3000/:0
[   82301ms] [WARNING] OTS parsing error: invalid sfntVersion: 1008813135 @ http://localhost:3000/:0
[   82301ms] [WARNING] Failed to decode downloaded font: http://localhost:3000/fonts/Basel-Grotesk-Book.woff @ http://localhost:3000/:0
[   82301ms] [WARNING] OTS parsing error: invalid sfntVersion: 1008813135 @ http://localhost:3000/:0
[   82301ms] [WARNING] Failed to decode downloaded font: http://localhost:3000/fonts/Basel-Grotesk-Book.woff @ http://localhost:3000/:0
[   82301ms] [WARNING] OTS parsing error: invalid sfntVersion: 1008813135 @ http://localhost:3000/:0
[   82301ms] [WARNING] Failed to decode downloaded font: http://localhost:3000/fonts/Basel-Grotesk-Book.woff @ http://localhost:3000/:0
[   82301ms] [WARNING] OTS parsing error: invalid sfntVersion: 1008813135 @ http://localhost:3000/:0
[   82301ms] [WARNING] Failed to decode downloaded font: http://localhost:3000/fonts/Basel-Grotesk-Book.woff @ http://localhost:3000/:0
[   82301ms] [WARNING] OTS parsing error: invalid sfntVersion: 1008813135 @ http://localhost:3000/:0
[   82301ms] [WARNING] Failed to decode downloaded font: http://localhost:3000/fonts/Basel-Grotesk-Book.woff @ http://localhost:3000/:0
[   82301ms] [WARNING] OTS parsing error: invalid sfntVersion: 1008813135 @ http://localhost:3000/:0
[   82301ms] [WARNING] Failed to decode downloaded font: http://localhost:3000/fonts/Basel-Grotesk-Book.woff @ http://localhost:3000/:0
[   82301ms] [WARNING] OTS parsing error: invalid sfntVersion: 1008813135 @ http://localhost:3000/:0
[   82301ms] [WARNING] Failed to decode downloaded font: http://localhost:3000/fonts/Basel-Grotesk-Book.woff @ http://localhost:3000/:0
[   82301ms] [WARNING] OTS parsing error: invalid sfntVersion: 1008813135 @ http://localhost:3000/:0
[   82301ms] [WARNING] Failed to decode downloaded font: http://localhost:3000/fonts/Basel-Grotesk-Book.woff @ http://localhost:3000/:0
[   82301ms] [WARNING] OTS parsing error: invalid sfntVersion: 1008813135 @ http://localhost:3000/:0
[   82301ms] [WARNING] Failed to decode downloaded font: http://localhost:3000/fonts/Basel-Grotesk-Medium.woff @ http://localhost:3000/:0
[   82301ms] [WARNING] OTS parsing error: invalid sfntVersion: 1008813135 @ http://localhost:3000/:0
[   82301ms] [WARNING] Failed to decode downloaded font: http://localhost:3000/fonts/Basel-Grotesk-Medium.woff @ http://localhost:3000/:0
[   82301ms] [WARNING] OTS parsing error: invalid sfntVersion: 1008813135 @ http://localhost:3000/:0
[   82301ms] [WARNING] Failed to decode downloaded font: http://localhost:3000/fonts/Basel-Grotesk-Medium.woff @ http://localhost:3000/:0
[   82301ms] [WARNING] OTS parsing error: invalid sfntVersion: 1008813135 @ http://localhost:3000/:0
[   82301ms] [WARNING] Failed to decode downloaded font: http://localhost:3000/fonts/Basel-Grotesk-Medium.woff @ http://localhost:3000/:0
[   82301ms] [WARNING] OTS parsing error: invalid sfntVersion: 1008813135 @ http://localhost:3000/:0
[   82301ms] [WARNING] Failed to decode downloaded font: http://localhost:3000/fonts/Basel-Grotesk-Medium.woff @ http://localhost:3000/:0
[   82301ms] [WARNING] OTS parsing error: invalid sfntVersion: 1008813135 @ http://localhost:3000/:0
[   82301ms] [WARNING] Failed to decode downloaded font: http://localhost:3000/fonts/Basel-Grotesk-Medium.woff @ http://localhost:3000/:0
[   82301ms] [WARNING] OTS parsing error: invalid sfntVersion: 1008813135 @ http://localhost:3000/:0
[   82301ms] [WARNING] Failed to decode downloaded font: http://localhost:3000/fonts/Basel-Grotesk-Medium.woff @ http://localhost:3000/:0
[   82301ms] [WARNING] OTS parsing error: invalid sfntVersion: 1008813135 @ http://localhost:3000/:0
[   82301ms] [WARNING] Failed to decode downloaded font: http://localhost:3000/fonts/Basel-Grotesk-Medium.woff @ http://localhost:3000/:0
[   82301ms] [WARNING] OTS parsing error: invalid sfntVersion: 1008813135 @ http://localhost:3000/:0
[   82301ms] [WARNING] Failed to decode downloaded font: http://localhost:3000/fonts/Basel-Grotesk-Medium.woff @ http://localhost:3000/:0
[   82301ms] [WARNING] OTS parsing error: invalid sfntVersion: 1008813135 @ http://localhost:3000/:0
[   82301ms] [WARNING] Failed to decode downloaded font: http://localhost:3000/fonts/Basel-Grotesk-Medium.woff @ http://localhost:3000/:0
[   82301ms] [WARNING] OTS parsing error: invalid sfntVersion: 1008813135 @ http://localhost:3000/:0
[   82301ms] [WARNING] Failed to decode downloaded font: http://localhost:3000/fonts/Basel-Grotesk-Medium.woff @ http://localhost:3000/:0
[   82302ms] [WARNING] OTS parsing error: invalid sfntVersion: 1008813135 @ http://localhost:3000/:0
[   82302ms] [WARNING] Failed to decode downloaded font: http://localhost:3000/fonts/Basel-Grotesk-Medium.woff @ http://localhost:3000/:0
[   82302ms] [WARNING] OTS parsing error: invalid sfntVersion: 1008813135 @ http://localhost:3000/:0
[   82440ms] [LOG] RWS> connect {url: wss://websockets.backend-staging.api.uniswap.org, protocols: Array(0)} @ http://localhost:3000/node_modules/.vite/deps/partysocket.js?v=28d847b2:257
[   82440ms] [LOG] RWS> addListeners @ http://localhost:3000/node_modules/.vite/deps/partysocket.js?v=28d847b2:257
[   82859ms] [INFO] INFO {context: Object} [Event: Session Init Started] {git_commit_hash: 9ed17066c95192873c6353c7f745d760f7641dce} @ http://localhost:3000/@fs/C:/Users/avone/OneDrive/Desktop/HokkOS/HookSwap/packages/utilities/src/logger/logger.ts:57
[   82859ms] [INFO] INFO {context: Object} Session init started @ http://localhost:3000/@fs/C:/Users/avone/OneDrive/Desktop/HokkOS/HookSwap/packages/utilities/src/logger/logger.ts:57
[   83984ms] [INFO] INFO {context: Object} [Event: Session Init Completed] {need_challenge: true, duration_ms: 1125.699999988079, git_commit_hash: 9ed17066c95192873c6353c7f745d760f7641dce} @ http://localhost:3000/@fs/C:/Users/avone/OneDrive/Desktop/HokkOS/HookSwap/packages/utilities/src/logger/logger.ts:57
[   83984ms] [INFO] INFO {context: Object} Session init completed {needChallenge: true, durationMs: 1125.699999988079} @ http://localhost:3000/@fs/C:/Users/avone/OneDrive/Desktop/HokkOS/HookSwap/packages/utilities/src/logger/logger.ts:57
[   84094ms] [ERROR] Failed to load resource: the server responded with a status of 400 () @ https://entry-gateway.backend-staging.api.uniswap.org/uniswap.platformservice.v1.SessionService/Challenge:0
[   84120ms] [ERROR] WebSocket connection to 'wss://websockets.backend-staging.api.uniswap.org/' failed: HTTP Authentication failed; no valid credentials available @ http://localhost:3000/node_modules/.vite/deps/partysocket.js?v=28d847b2:346
[   84120ms] [LOG] RWS> error event undefined @ http://localhost:3000/node_modules/.vite/deps/partysocket.js?v=28d847b2:257
[   84120ms] [LOG] RWS> removeListeners @ http://localhost:3000/node_modules/.vite/deps/partysocket.js?v=28d847b2:257
[   84120ms] [LOG] RWS> close event @ http://localhost:3000/node_modules/.vite/deps/partysocket.js?v=28d847b2:257
[   84120ms] [LOG] RWS> connect 2 @ http://localhost:3000/node_modules/.vite/deps/partysocket.js?v=28d847b2:257
[   84120ms] [LOG] RWS> removeListeners @ http://localhost:3000/node_modules/.vite/deps/partysocket.js?v=28d847b2:257
[   84120ms] [LOG] RWS> next delay 5898.113099584602 @ http://localhost:3000/node_modules/.vite/deps/partysocket.js?v=28d847b2:257
[   84120ms] [LOG] RWS> exec error listeners @ http://localhost:3000/node_modules/.vite/deps/partysocket.js?v=28d847b2:257
[   84120ms] [WARNING] WARN {context: Object} WebSocket error {error: Error: WebSocket error - check Network tab for details
    at ReconnectingWebSocket2.<anonymous> (h…} @ http://localhost:3000/@fs/C:/Users/avone/OneDrive/Desktop/HokkOS/HookSwap/packages/utilities/src/logger/logger.ts:57
[   88096ms] [INFO] INFO {context: Object} [Event: Session Init Started] {git_commit_hash: 9ed17066c95192873c6353c7f745d760f7641dce} @ http://localhost:3000/@fs/C:/Users/avone/OneDrive/Desktop/HokkOS/HookSwap/packages/utilities/src/logger/logger.ts:57
[   88096ms] [INFO] INFO {context: Object} Session init started @ http://localhost:3000/@fs/C:/Users/avone/OneDrive/Desktop/HokkOS/HookSwap/packages/utilities/src/logger/logger.ts:57
[   88440ms] [INFO] INFO {context: Object} [Event: Session Init Completed] {need_challenge: true, duration_ms: 344.7999999821186, git_commit_hash: 9ed17066c95192873c6353c7f745d760f7641dce} @ http://localhost:3000/@fs/C:/Users/avone/OneDrive/Desktop/HokkOS/HookSwap/packages/utilities/src/logger/logger.ts:57
[   88440ms] [INFO] INFO {context: Object} Session init completed {needChallenge: true, durationMs: 344.7999999821186} @ http://localhost:3000/@fs/C:/Users/avone/OneDrive/Desktop/HokkOS/HookSwap/packages/utilities/src/logger/logger.ts:57
[   88768ms] [ERROR] Failed to load resource: the server responded with a status of 400 () @ https://entry-gateway.backend-staging.api.uniswap.org/uniswap.platformservice.v1.SessionService/Challenge:0
[   89258ms] [ERROR] Failed to load resource: the server responded with a status of 401 () @ https://entry-gateway.backend-staging.api.uniswap.org/rpc/1:0
[   89258ms] [ERROR] Failed to load resource: the server responded with a status of 401 () @ https://entry-gateway.backend-staging.api.uniswap.org/rpc/1:0
[   89258ms] [ERROR] Failed to load resource: the server responded with a status of 401 () @ https://entry-gateway.backend-staging.api.uniswap.org/rpc/1:0
[   89259ms] [ERROR] Failed to load resource: the server responded with a status of 401 () @ https://entry-gateway.backend-staging.api.uniswap.org/rpc/1:0
[   89259ms] [WARNING] WARN {context: Object} Session-gated retry still failed {tags: Object, extra: Object} @ http://localhost:3000/@fs/C:/Users/avone/OneDrive/Desktop/HokkOS/HookSwap/packages/utilities/src/logger/logger.ts:57
[   89260ms] [INFO] INFO {context: Object} [Event: Session Init Started] {git_commit_hash: 9ed17066c95192873c6353c7f745d760f7641dce} @ http://localhost:3000/@fs/C:/Users/avone/OneDrive/Desktop/HokkOS/HookSwap/packages/utilities/src/logger/logger.ts:57
[   89260ms] [INFO] INFO {context: Object} Session init started @ http://localhost:3000/@fs/C:/Users/avone/OneDrive/Desktop/HokkOS/HookSwap/packages/utilities/src/logger/logger.ts:57
[   89261ms] [WARNING] WARN {context: Object} Session-gated retry still failed {tags: Object, extra: Object} @ http://localhost:3000/@fs/C:/Users/avone/OneDrive/Desktop/HokkOS/HookSwap/packages/utilities/src/logger/logger.ts:57
[   89261ms] [WARNING] WARN {context: Object} Session-gated retry still failed {tags: Object, extra: Object} @ http://localhost:3000/@fs/C:/Users/avone/OneDrive/Desktop/HokkOS/HookSwap/packages/utilities/src/logger/logger.ts:57
[   89262ms] [WARNING] WARN {context: Object} Session-gated retry still failed {tags: Object, extra: Object} @ http://localhost:3000/@fs/C:/Users/avone/OneDrive/Desktop/HokkOS/HookSwap/packages/utilities/src/logger/logger.ts:57
[   89429ms] [INFO] INFO {context: Object} [Event: Session Init Completed] {need_challenge: true, duration_ms: 169.80000001192093, git_commit_hash: 9ed17066c95192873c6353c7f745d760f7641dce} @ http://localhost:3000/@fs/C:/Users/avone/OneDrive/Desktop/HokkOS/HookSwap/packages/utilities/src/logger/logger.ts:57
[   89430ms] [INFO] INFO {context: Object} Session init completed {needChallenge: true, durationMs: 169.80000001192093} @ http://localhost:3000/@fs/C:/Users/avone/OneDrive/Desktop/HokkOS/HookSwap/packages/utilities/src/logger/logger.ts:57
[   89601ms] [ERROR] Failed to load resource: the server responded with a status of 400 () @ https://entry-gateway.backend-staging.api.uniswap.org/uniswap.platformservice.v1.SessionService/Challenge:0
[   90025ms] [LOG] RWS> connect {url: wss://websockets.backend-staging.api.uniswap.org, protocols: Array(0)} @ http://localhost:3000/node_modules/.vite/deps/partysocket.js?v=28d847b2:257
[   90026ms] [LOG] RWS> addListeners @ http://localhost:3000/node_modules/.vite/deps/partysocket.js?v=28d847b2:257
[   90603ms] [INFO] INFO {context: Object} [Event: Session Init Started] {git_commit_hash: 9ed17066c95192873c6353c7f745d760f7641dce} @ http://localhost:3000/@fs/C:/Users/avone/OneDrive/Desktop/HokkOS/HookSwap/packages/utilities/src/logger/logger.ts:57
[   90603ms] [INFO] INFO {context: Object} Session init started @ http://localhost:3000/@fs/C:/Users/avone/OneDrive/Desktop/HokkOS/HookSwap/packages/utilities/src/logger/logger.ts:57
[   91067ms] [INFO] INFO {context: Object} [Event: Session Init Completed] {need_challenge: true, duration_ms: 464.19999998807907, git_commit_hash: 9ed17066c95192873c6353c7f745d760f7641dce} @ http://localhost:3000/@fs/C:/Users/avone/OneDrive/Desktop/HokkOS/HookSwap/packages/utilities/src/logger/logger.ts:57
[   91067ms] [INFO] INFO {context: Object} Session init completed {needChallenge: true, durationMs: 464.19999998807907} @ http://localhost:3000/@fs/C:/Users/avone/OneDrive/Desktop/HokkOS/HookSwap/packages/utilities/src/logger/logger.ts:57
[   94035ms] [LOG] RWS> timeout event @ http://localhost:3000/node_modules/.vite/deps/partysocket.js?v=28d847b2:257
[   94036ms] [LOG] RWS> error event TIMEOUT @ http://localhost:3000/node_modules/.vite/deps/partysocket.js?v=28d847b2:257
[   94036ms] [LOG] RWS> removeListeners @ http://localhost:3000/node_modules/.vite/deps/partysocket.js?v=28d847b2:257
[   94036ms] [WARNING] WebSocket connection to 'wss://websockets.backend-staging.api.uniswap.org/' failed: WebSocket is closed before the connection is established. @ http://localhost:3000/node_modules/.vite/deps/partysocket.js?v=28d847b2:369
[   94036ms] [LOG] RWS> close event @ http://localhost:3000/node_modules/.vite/deps/partysocket.js?v=28d847b2:257
[   94036ms] [LOG] RWS> connect 3 @ http://localhost:3000/node_modules/.vite/deps/partysocket.js?v=28d847b2:257
[   94036ms] [LOG] RWS> removeListeners @ http://localhost:3000/node_modules/.vite/deps/partysocket.js?v=28d847b2:257
[   94036ms] [LOG] RWS> next delay 7667.547029459984 @ http://localhost:3000/node_modules/.vite/deps/partysocket.js?v=28d847b2:257
[   94036ms] [LOG] RWS> exec error listeners @ http://localhost:3000/node_modules/.vite/deps/partysocket.js?v=28d847b2:257
[   94036ms] [WARNING] WARN {context: Object} WebSocket error {error: Error: WebSocket error - check Network tab for details
    at ReconnectingWebSocket2.<anonymous> (h…} @ http://localhost:3000/@fs/C:/Users/avone/OneDrive/Desktop/HokkOS/HookSwap/packages/utilities/src/logger/logger.ts:57
[   94891ms] [ERROR] Failed to load resource: the server responded with a status of 400 () @ https://entry-gateway.backend-staging.api.uniswap.org/uniswap.platformservice.v1.SessionService/Challenge:0
[   96902ms] [INFO] INFO {context: Object} [Event: Session Init Started] {git_commit_hash: 9ed17066c95192873c6353c7f745d760f7641dce} @ http://localhost:3000/@fs/C:/Users/avone/OneDrive/Desktop/HokkOS/HookSwap/packages/utilities/src/logger/logger.ts:57
[   96902ms] [INFO] INFO {context: Object} Session init started @ http://localhost:3000/@fs/C:/Users/avone/OneDrive/Desktop/HokkOS/HookSwap/packages/utilities/src/logger/logger.ts:57
[   97079ms] [INFO] INFO {context: Object} [Event: Session Init Completed] {need_challenge: true, duration_ms: 177.09999999403954, git_commit_hash: 9ed17066c95192873c6353c7f745d760f7641dce} @ http://localhost:3000/@fs/C:/Users/avone/OneDrive/Desktop/HokkOS/HookSwap/packages/utilities/src/logger/logger.ts:57
[   97079ms] [INFO] INFO {context: Object} Session init completed {needChallenge: true, durationMs: 177.09999999403954} @ http://localhost:3000/@fs/C:/Users/avone/OneDrive/Desktop/HokkOS/HookSwap/packages/utilities/src/logger/logger.ts:57
[   97267ms] [ERROR] Failed to load resource: the server responded with a status of 400 () @ https://entry-gateway.backend-staging.api.uniswap.org/uniswap.platformservice.v1.SessionService/Challenge:0
[   99275ms] [WARNING] WARN {context: Object} Session ready timed out {tags: Object, extra: Object} @ http://localhost:3000/@fs/C:/Users/avone/OneDrive/Desktop/HokkOS/HookSwap/packages/utilities/src/logger/logger.ts:57
[   99276ms] [WARNING] WARN {context: Object} Session ready timed out {tags: Object, extra: Object} @ http://localhost:3000/@fs/C:/Users/avone/OneDrive/Desktop/HokkOS/HookSwap/packages/utilities/src/logger/logger.ts:57
[   99277ms] [WARNING] WARN {context: Object} Session ready timed out {tags: Object, extra: Object} @ http://localhost:3000/@fs/C:/Users/avone/OneDrive/Desktop/HokkOS/HookSwap/packages/utilities/src/logger/logger.ts:57
[  101274ms] [INFO] INFO {context: Object} [Event: Session Init Started] {git_commit_hash: 9ed17066c95192873c6353c7f745d760f7641dce} @ http://localhost:3000/@fs/C:/Users/avone/OneDrive/Desktop/HokkOS/HookSwap/packages/utilities/src/logger/logger.ts:57
[  101275ms] [INFO] INFO {context: Object} Session init started @ http://localhost:3000/@fs/C:/Users/avone/OneDrive/Desktop/HokkOS/HookSwap/packages/utilities/src/logger/logger.ts:57
[  101394ms] [INFO] INFO {context: Object} [Event: Session Init Completed] {need_challenge: true, duration_ms: 120.5, git_commit_hash: 9ed17066c95192873c6353c7f745d760f7641dce} @ http://localhost:3000/@fs/C:/Users/avone/OneDrive/Desktop/HokkOS/HookSwap/packages/utilities/src/logger/logger.ts:57
[  101394ms] [INFO] INFO {context: Object} Session init completed {needChallenge: true, durationMs: 120.5} @ http://localhost:3000/@fs/C:/Users/avone/OneDrive/Desktop/HokkOS/HookSwap/packages/utilities/src/logger/logger.ts:57
[  101512ms] [ERROR] Failed to load resource: the server responded with a status of 400 () @ https://entry-gateway.backend-staging.api.uniswap.org/uniswap.platformservice.v1.SessionService/Challenge:0
[  101515ms] [WARNING] WARN {context: Object} Session init failed {tags: Object, extra: Object} @ http://localhost:3000/@fs/C:/Users/avone/OneDrive/Desktop/HokkOS/HookSwap/packages/utilities/src/logger/logger.ts:57
[  101515ms] [WARNING] WARN {context: Object} Session init failed {tags: Object, extra: Object} @ http://localhost:3000/@fs/C:/Users/avone/OneDrive/Desktop/HokkOS/HookSwap/packages/utilities/src/logger/logger.ts:57
[  101515ms] [WARNING] WARN {context: Object} Session init failed {tags: Object, extra: Object} @ http://localhost:3000/@fs/C:/Users/avone/OneDrive/Desktop/HokkOS/HookSwap/packages/utilities/src/logger/logger.ts:57
[  101516ms] [INFO] INFO {context: Object} [Event: Session Init Started] {git_commit_hash: 9ed17066c95192873c6353c7f745d760f7641dce} @ http://localhost:3000/@fs/C:/Users/avone/OneDrive/Desktop/HokkOS/HookSwap/packages/utilities/src/logger/logger.ts:57
[  101516ms] [INFO] INFO {context: Object} Session init started @ http://localhost:3000/@fs/C:/Users/avone/OneDrive/Desktop/HokkOS/HookSwap/packages/utilities/src/logger/logger.ts:57
[  101637ms] [INFO] INFO {context: Object} [Event: Session Init Completed] {need_challenge: true, duration_ms: 121.09999999403954, git_commit_hash: 9ed17066c95192873c6353c7f745d760f7641dce} @ http://localhost:3000/@fs/C:/Users/avone/OneDrive/Desktop/HokkOS/HookSwap/packages/utilities/src/logger/logger.ts:57
[  101637ms] [INFO] INFO {context: Object} Session init completed {needChallenge: true, durationMs: 121.09999999403954} @ http://localhost:3000/@fs/C:/Users/avone/OneDrive/Desktop/HokkOS/HookSwap/packages/utilities/src/logger/logger.ts:57
[  101708ms] [LOG] RWS> connect {url: wss://websockets.backend-staging.api.uniswap.org, protocols: Array(0)} @ http://localhost:3000/node_modules/.vite/deps/partysocket.js?v=28d847b2:257
[  101709ms] [LOG] RWS> addListeners @ http://localhost:3000/node_modules/.vite/deps/partysocket.js?v=28d847b2:257
[  101771ms] [ERROR] Failed to load resource: the server responded with a status of 400 () @ https://entry-gateway.backend-staging.api.uniswap.org/uniswap.platformservice.v1.SessionService/Challenge:0
[  102786ms] [INFO] INFO {context: Object} [Event: Session Init Started] {git_commit_hash: 9ed17066c95192873c6353c7f745d760f7641dce} @ http://localhost:3000/@fs/C:/Users/avone/OneDrive/Desktop/HokkOS/HookSwap/packages/utilities/src/logger/logger.ts:57
[  102786ms] [INFO] INFO {context: Object} Session init started @ http://localhost:3000/@fs/C:/Users/avone/OneDrive/Desktop/HokkOS/HookSwap/packages/utilities/src/logger/logger.ts:57
[  103471ms] [ERROR] WebSocket connection to 'wss://websockets.backend-staging.api.uniswap.org/' failed: HTTP Authentication failed; no valid credentials available @ http://localhost:3000/node_modules/.vite/deps/partysocket.js?v=28d847b2:346
[  103472ms] [LOG] RWS> error event undefined @ http://localhost:3000/node_modules/.vite/deps/partysocket.js?v=28d847b2:257
[  103473ms] [LOG] RWS> removeListeners @ http://localhost:3000/node_modules/.vite/deps/partysocket.js?v=28d847b2:257
[  103473ms] [LOG] RWS> close event @ http://localhost:3000/node_modules/.vite/deps/partysocket.js?v=28d847b2:257
[  103473ms] [LOG] RWS> connect 4 @ http://localhost:3000/node_modules/.vite/deps/partysocket.js?v=28d847b2:257
[  103473ms] [LOG] RWS> removeListeners @ http://localhost:3000/node_modules/.vite/deps/partysocket.js?v=28d847b2:257
[  103473ms] [LOG] RWS> next delay 9967.811138297979 @ http://localhost:3000/node_modules/.vite/deps/partysocket.js?v=28d847b2:257
[  103473ms] [LOG] RWS> exec error listeners @ http://localhost:3000/node_modules/.vite/deps/partysocket.js?v=28d847b2:257
[  103473ms] [WARNING] WARN {context: Object} WebSocket error {error: Error: WebSocket error - check Network tab for details
    at ReconnectingWebSocket2.<anonymous> (h…} @ http://localhost:3000/@fs/C:/Users/avone/OneDrive/Desktop/HokkOS/HookSwap/packages/utilities/src/logger/logger.ts:57
[  103525ms] [INFO] INFO {context: Object} [Event: Session Init Completed] {need_challenge: true, duration_ms: 739.5, git_commit_hash: 9ed17066c95192873c6353c7f745d760f7641dce} @ http://localhost:3000/@fs/C:/Users/avone/OneDrive/Desktop/HokkOS/HookSwap/packages/utilities/src/logger/logger.ts:57
[  103525ms] [INFO] INFO {context: Object} Session init completed {needChallenge: true, durationMs: 739.5} @ http://localhost:3000/@fs/C:/Users/avone/OneDrive/Desktop/HokkOS/HookSwap/packages/utilities/src/logger/logger.ts:57
[  103851ms] [ERROR] Failed to load resource: the server responded with a status of 400 () @ https://entry-gateway.backend-staging.api.uniswap.org/uniswap.platformservice.v1.SessionService/Challenge:0
[  105867ms] [INFO] INFO {context: Object} [Event: Session Init Started] {git_commit_hash: 9ed17066c95192873c6353c7f745d760f7641dce} @ http://localhost:3000/@fs/C:/Users/avone/OneDrive/Desktop/HokkOS/HookSwap/packages/utilities/src/logger/logger.ts:57
[  105867ms] [INFO] INFO {context: Object} Session init started @ http://localhost:3000/@fs/C:/Users/avone/OneDrive/Desktop/HokkOS/HookSwap/packages/utilities/src/logger/logger.ts:57
[  107710ms] [INFO] INFO {context: Object} [Event: Session Init Completed] {need_challenge: true, duration_ms: 1843.0999999940395, git_commit_hash: 9ed17066c95192873c6353c7f745d760f7641dce} @ http://localhost:3000/@fs/C:/Users/avone/OneDrive/Desktop/HokkOS/HookSwap/packages/utilities/src/logger/logger.ts:57
[  107710ms] [INFO] INFO {context: Object} Session init completed {needChallenge: true, durationMs: 1843.0999999940395} @ http://localhost:3000/@fs/C:/Users/avone/OneDrive/Desktop/HokkOS/HookSwap/packages/utilities/src/logger/logger.ts:57
[  107882ms] [ERROR] Failed to load resource: the server responded with a status of 400 () @ https://entry-gateway.backend-staging.api.uniswap.org/uniswap.platformservice.v1.SessionService/Challenge:0
[  111527ms] [WARNING] WARN {context: Object} Session ready timed out {tags: Object, extra: Object} @ http://localhost:3000/@fs/C:/Users/avone/OneDrive/Desktop/HokkOS/HookSwap/packages/utilities/src/logger/logger.ts:57
[  111529ms] [WARNING] WARN {context: Object} Session ready timed out {tags: Object, extra: Object} @ http://localhost:3000/@fs/C:/Users/avone/OneDrive/Desktop/HokkOS/HookSwap/packages/utilities/src/logger/logger.ts:57
[  111530ms] [WARNING] WARN {context: Object} Session ready timed out {tags: Object, extra: Object} @ http://localhost:3000/@fs/C:/Users/avone/OneDrive/Desktop/HokkOS/HookSwap/packages/utilities/src/logger/logger.ts:57
[  111887ms] [INFO] INFO {context: Object} [Event: Session Init Started] {git_commit_hash: 9ed17066c95192873c6353c7f745d760f7641dce} @ http://localhost:3000/@fs/C:/Users/avone/OneDrive/Desktop/HokkOS/HookSwap/packages/utilities/src/logger/logger.ts:57
[  111887ms] [INFO] INFO {context: Object} Session init started @ http://localhost:3000/@fs/C:/Users/avone/OneDrive/Desktop/HokkOS/HookSwap/packages/utilities/src/logger/logger.ts:57
[  113450ms] [LOG] RWS> connect {url: wss://websockets.backend-staging.api.uniswap.org, protocols: Array(0)} @ http://localhost:3000/node_modules/.vite/deps/partysocket.js?v=28d847b2:257
[  113450ms] [LOG] RWS> addListeners @ http://localhost:3000/node_modules/.vite/deps/partysocket.js?v=28d847b2:257
[  114937ms] [INFO] INFO {context: Object} [Event: Session Init Completed] {need_challenge: true, duration_ms: 3050.2000000178814, git_commit_hash: 9ed17066c95192873c6353c7f745d760f7641dce} @ http://localhost:3000/@fs/C:/Users/avone/OneDrive/Desktop/HokkOS/HookSwap/packages/utilities/src/logger/logger.ts:57
[  114937ms] [INFO] INFO {context: Object} Session init completed {needChallenge: true, durationMs: 3050.2000000178814} @ http://localhost:3000/@fs/C:/Users/avone/OneDrive/Desktop/HokkOS/HookSwap/packages/utilities/src/logger/logger.ts:57
[  115286ms] [ERROR] Failed to load resource: the server responded with a status of 400 () @ https://entry-gateway.backend-staging.api.uniswap.org/uniswap.platformservice.v1.SessionService/Challenge:0
[  115288ms] [WARNING] WARN {context: Object} Session init failed {tags: Object, extra: Object} @ http://localhost:3000/@fs/C:/Users/avone/OneDrive/Desktop/HokkOS/HookSwap/packages/utilities/src/logger/logger.ts:57
[  115288ms] [WARNING] WARN {context: Object} Session init failed {tags: Object, extra: Object} @ http://localhost:3000/@fs/C:/Users/avone/OneDrive/Desktop/HokkOS/HookSwap/packages/utilities/src/logger/logger.ts:57
[  115288ms] [WARNING] WARN {context: Object} Session init failed {tags: Object, extra: Object} @ http://localhost:3000/@fs/C:/Users/avone/OneDrive/Desktop/HokkOS/HookSwap/packages/utilities/src/logger/logger.ts:57
[  115288ms] [INFO] INFO {context: Object} [Event: Session Init Started] {git_commit_hash: 9ed17066c95192873c6353c7f745d760f7641dce} @ http://localhost:3000/@fs/C:/Users/avone/OneDrive/Desktop/HokkOS/HookSwap/packages/utilities/src/logger/logger.ts:57
[  115289ms] [INFO] INFO {context: Object} Session init started @ http://localhost:3000/@fs/C:/Users/avone/OneDrive/Desktop/HokkOS/HookSwap/packages/utilities/src/logger/logger.ts:57
[  115418ms] [INFO] INFO {context: Object} [Event: Session Init Completed] {need_challenge: true, duration_ms: 129.09999999403954, git_commit_hash: 9ed17066c95192873c6353c7f745d760f7641dce} @ http://localhost:3000/@fs/C:/Users/avone/OneDrive/Desktop/HokkOS/HookSwap/packages/utilities/src/logger/logger.ts:57
[  115418ms] [INFO] INFO {context: Object} Session init completed {needChallenge: true, durationMs: 129.09999999403954} @ http://localhost:3000/@fs/C:/Users/avone/OneDrive/Desktop/HokkOS/HookSwap/packages/utilities/src/logger/logger.ts:57
[  115458ms] [ERROR] WebSocket connection to 'wss://websockets.backend-staging.api.uniswap.org/' failed: HTTP Authentication failed; no valid credentials available @ http://localhost:3000/node_modules/.vite/deps/partysocket.js?v=28d847b2:346
[  115458ms] [LOG] RWS> error event undefined @ http://localhost:3000/node_modules/.vite/deps/partysocket.js?v=28d847b2:257
[  115458ms] [LOG] RWS> removeListeners @ http://localhost:3000/node_modules/.vite/deps/partysocket.js?v=28d847b2:257
[  115458ms] [LOG] RWS> close event @ http://localhost:3000/node_modules/.vite/deps/partysocket.js?v=28d847b2:257
[  115458ms] [LOG] RWS> connect 5 @ http://localhost:3000/node_modules/.vite/deps/partysocket.js?v=28d847b2:257
[  115458ms] [LOG] RWS> removeListeners @ http://localhost:3000/node_modules/.vite/deps/partysocket.js?v=28d847b2:257
[  115458ms] [LOG] RWS> next delay 10000 @ http://localhost:3000/node_modules/.vite/deps/partysocket.js?v=28d847b2:257
[  115459ms] [LOG] RWS> exec error listeners @ http://localhost:3000/node_modules/.vite/deps/partysocket.js?v=28d847b2:257
[  115459ms] [WARNING] WARN {context: Object} WebSocket error {error: Error: WebSocket error - check Network tab for details
    at ReconnectingWebSocket2.<anonymous> (h…} @ http://localhost:3000/@fs/C:/Users/avone/OneDrive/Desktop/HokkOS/HookSwap/packages/utilities/src/logger/logger.ts:57
[  115541ms] [ERROR] Failed to load resource: the server responded with a status of 400 () @ https://entry-gateway.backend-staging.api.uniswap.org/uniswap.platformservice.v1.SessionService/Challenge:0
[  116556ms] [INFO] INFO {context: Object} [Event: Session Init Started] {git_commit_hash: 9ed17066c95192873c6353c7f745d760f7641dce} @ http://localhost:3000/@fs/C:/Users/avone/OneDrive/Desktop/HokkOS/HookSwap/packages/utilities/src/logger/logger.ts:57
[  116556ms] [INFO] INFO {context: Object} Session init started @ http://localhost:3000/@fs/C:/Users/avone/OneDrive/Desktop/HokkOS/HookSwap/packages/utilities/src/logger/logger.ts:57
[  116735ms] [INFO] INFO {context: Object} [Event: Session Init Completed] {need_challenge: true, duration_ms: 179.19999998807907, git_commit_hash: 9ed17066c95192873c6353c7f745d760f7641dce} @ http://localhost:3000/@fs/C:/Users/avone/OneDrive/Desktop/HokkOS/HookSwap/packages/utilities/src/logger/logger.ts:57
[  116735ms] [INFO] INFO {context: Object} Session init completed {needChallenge: true, durationMs: 179.19999998807907} @ http://localhost:3000/@fs/C:/Users/avone/OneDrive/Desktop/HokkOS/HookSwap/packages/utilities/src/logger/logger.ts:57
[  116894ms] [ERROR] Failed to load resource: the server responded with a status of 400 () @ https://entry-gateway.backend-staging.api.uniswap.org/uniswap.platformservice.v1.SessionService/Challenge:0
[  118900ms] [INFO] INFO {context: Object} [Event: Session Init Started] {git_commit_hash: 9ed17066c95192873c6353c7f745d760f7641dce} @ http://localhost:3000/@fs/C:/Users/avone/OneDrive/Desktop/HokkOS/HookSwap/packages/utilities/src/logger/logger.ts:57
[  118901ms] [INFO] INFO {context: Object} Session init started @ http://localhost:3000/@fs/C:/Users/avone/OneDrive/Desktop/HokkOS/HookSwap/packages/utilities/src/logger/logger.ts:57
[  119685ms] [INFO] INFO {context: Object} [Event: Session Init Completed] {need_challenge: true, duration_ms: 784.8000000119209, git_commit_hash: 9ed17066c95192873c6353c7f745d760f7641dce} @ http://localhost:3000/@fs/C:/Users/avone/OneDrive/Desktop/HokkOS/HookSwap/packages/utilities/src/logger/logger.ts:57
[  119685ms] [INFO] INFO {context: Object} Session init completed {needChallenge: true, durationMs: 784.8000000119209} @ http://localhost:3000/@fs/C:/Users/avone/OneDrive/Desktop/HokkOS/HookSwap/packages/utilities/src/logger/logger.ts:57
[  119899ms] [ERROR] Failed to load resource: the server responded with a status of 400 () @ https://entry-gateway.backend-staging.api.uniswap.org/uniswap.platformservice.v1.SessionService/Challenge:0
[  123915ms] [INFO] INFO {context: Object} [Event: Session Init Started] {git_commit_hash: 9ed17066c95192873c6353c7f745d760f7641dce} @ http://localhost:3000/@fs/C:/Users/avone/OneDrive/Desktop/HokkOS/HookSwap/packages/utilities/src/logger/logger.ts:57
[  123915ms] [INFO] INFO {context: Object} Session init started @ http://localhost:3000/@fs/C:/Users/avone/OneDrive/Desktop/HokkOS/HookSwap/packages/utilities/src/logger/logger.ts:57
[  124052ms] [INFO] INFO {context: Object} [Event: Session Init Completed] {need_challenge: true, duration_ms: 137.19999998807907, git_commit_hash: 9ed17066c95192873c6353c7f745d760f7641dce} @ http://localhost:3000/@fs/C:/Users/avone/OneDrive/Desktop/HokkOS/HookSwap/packages/utilities/src/logger/logger.ts:57
[  124052ms] [INFO] INFO {context: Object} Session init completed {needChallenge: true, durationMs: 137.19999998807907} @ http://localhost:3000/@fs/C:/Users/avone/OneDrive/Desktop/HokkOS/HookSwap/packages/utilities/src/logger/logger.ts:57
[  124496ms] [ERROR] Failed to load resource: the server responded with a status of 400 () @ https://entry-gateway.backend-staging.api.uniswap.org/uniswap.platformservice.v1.SessionService/Challenge:0
[  124497ms] [WARNING] WARN {context: Object} Session init failed {tags: Object, extra: Object} @ http://localhost:3000/@fs/C:/Users/avone/OneDrive/Desktop/HokkOS/HookSwap/packages/utilities/src/logger/logger.ts:57
[  124497ms] [WARNING] WARN {context: Object} Session init failed {tags: Object, extra: Object} @ http://localhost:3000/@fs/C:/Users/avone/OneDrive/Desktop/HokkOS/HookSwap/packages/utilities/src/logger/logger.ts:57
[  124497ms] [WARNING] WARN {context: Object} Session init failed {tags: Object, extra: Object} @ http://localhost:3000/@fs/C:/Users/avone/OneDrive/Desktop/HokkOS/HookSwap/packages/utilities/src/logger/logger.ts:57
[  124498ms] [INFO] INFO {context: Object} [Event: Session Init Started] {git_commit_hash: 9ed17066c95192873c6353c7f745d760f7641dce} @ http://localhost:3000/@fs/C:/Users/avone/OneDrive/Desktop/HokkOS/HookSwap/packages/utilities/src/logger/logger.ts:57
[  124498ms] [INFO] INFO {context: Object} Session init started @ http://localhost:3000/@fs/C:/Users/avone/OneDrive/Desktop/HokkOS/HookSwap/packages/utilities/src/logger/logger.ts:57
[  124679ms] [INFO] INFO {context: Object} [Event: Session Init Completed] {need_challenge: true, duration_ms: 180.90000000596046, git_commit_hash: 9ed17066c95192873c6353c7f745d760f7641dce} @ http://localhost:3000/@fs/C:/Users/avone/OneDrive/Desktop/HokkOS/HookSwap/packages/utilities/src/logger/logger.ts:57
[  124679ms] [INFO] INFO {context: Object} Session init completed {needChallenge: true, durationMs: 180.90000000596046} @ http://localhost:3000/@fs/C:/Users/avone/OneDrive/Desktop/HokkOS/HookSwap/packages/utilities/src/logger/logger.ts:57
[  124829ms] [ERROR] Failed to load resource: the server responded with a status of 400 () @ https://entry-gateway.backend-staging.api.uniswap.org/uniswap.platformservice.v1.SessionService/Challenge:0
[  125527ms] [LOG] RWS> connect {url: wss://websockets.backend-staging.api.uniswap.org, protocols: Array(0)} @ http://localhost:3000/node_modules/.vite/deps/partysocket.js?v=28d847b2:257
[  125528ms] [LOG] RWS> addListeners @ http://localhost:3000/node_modules/.vite/deps/partysocket.js?v=28d847b2:257
[  125833ms] [INFO] INFO {context: Object} [Event: Session Init Started] {git_commit_hash: 9ed17066c95192873c6353c7f745d760f7641dce} @ http://localhost:3000/@fs/C:/Users/avone/OneDrive/Desktop/HokkOS/HookSwap/packages/utilities/src/logger/logger.ts:57
[  125833ms] [INFO] INFO {context: Object} Session init started @ http://localhost:3000/@fs/C:/Users/avone/OneDrive/Desktop/HokkOS/HookSwap/packages/utilities/src/logger/logger.ts:57
[  125881ms] [ERROR] WebSocket connection to 'wss://websockets.backend-staging.api.uniswap.org/' failed: HTTP Authentication failed; no valid credentials available @ http://localhost:3000/node_modules/.vite/deps/partysocket.js?v=28d847b2:346
[  125881ms] [LOG] RWS> error event undefined @ http://localhost:3000/node_modules/.vite/deps/partysocket.js?v=28d847b2:257
[  125881ms] [LOG] RWS> removeListeners @ http://localhost:3000/node_modules/.vite/deps/partysocket.js?v=28d847b2:257
[  125881ms] [LOG] RWS> close event @ http://localhost:3000/node_modules/.vite/deps/partysocket.js?v=28d847b2:257
[  125881ms] [LOG] RWS> max retries reached 5 >= 5 @ http://localhost:3000/node_modules/.vite/deps/partysocket.js?v=28d847b2:257
[  125882ms] [LOG] RWS> exec error listeners @ http://localhost:3000/node_modules/.vite/deps/partysocket.js?v=28d847b2:257
[  125882ms] [WARNING] WARN {context: Object} WebSocket error {error: Error: WebSocket error - check Network tab for details
    at ReconnectingWebSocket2.<anonymous> (h…} @ http://localhost:3000/@fs/C:/Users/avone/OneDrive/Desktop/HokkOS/HookSwap/packages/utilities/src/logger/logger.ts:57
[  125979ms] [INFO] INFO {context: Object} [Event: Session Init Completed] {need_challenge: true, duration_ms: 145.90000000596046, git_commit_hash: 9ed17066c95192873c6353c7f745d760f7641dce} @ http://localhost:3000/@fs/C:/Users/avone/OneDrive/Desktop/HokkOS/HookSwap/packages/utilities/src/logger/logger.ts:57
[  125979ms] [INFO] INFO {context: Object} Session init completed {needChallenge: true, durationMs: 145.90000000596046} @ http://localhost:3000/@fs/C:/Users/avone/OneDrive/Desktop/HokkOS/HookSwap/packages/utilities/src/logger/logger.ts:57
[  126126ms] [ERROR] Failed to load resource: the server responded with a status of 400 () @ https://entry-gateway.backend-staging.api.uniswap.org/uniswap.platformservice.v1.SessionService/Challenge:0
[  128137ms] [INFO] INFO {context: Object} [Event: Session Init Started] {git_commit_hash: 9ed17066c95192873c6353c7f745d760f7641dce} @ http://localhost:3000/@fs/C:/Users/avone/OneDrive/Desktop/HokkOS/HookSwap/packages/utilities/src/logger/logger.ts:57
[  128137ms] [INFO] INFO {context: Object} Session init started @ http://localhost:3000/@fs/C:/Users/avone/OneDrive/Desktop/HokkOS/HookSwap/packages/utilities/src/logger/logger.ts:57
[  128537ms] [INFO] INFO {context: Object} [Event: Session Init Completed] {need_challenge: true, duration_ms: 400.30000001192093, git_commit_hash: 9ed17066c95192873c6353c7f745d760f7641dce} @ http://localhost:3000/@fs/C:/Users/avone/OneDrive/Desktop/HokkOS/HookSwap/packages/utilities/src/logger/logger.ts:57
[  128538ms] [INFO] INFO {context: Object} Session init completed {needChallenge: true, durationMs: 400.30000001192093} @ http://localhost:3000/@fs/C:/Users/avone/OneDrive/Desktop/HokkOS/HookSwap/packages/utilities/src/logger/logger.ts:57
[  128716ms] [ERROR] Failed to load resource: the server responded with a status of 400 () @ https://entry-gateway.backend-staging.api.uniswap.org/uniswap.platformservice.v1.SessionService/Challenge:0
[  132724ms] [INFO] INFO {context: Object} [Event: Session Init Started] {git_commit_hash: 9ed17066c95192873c6353c7f745d760f7641dce} @ http://localhost:3000/@fs/C:/Users/avone/OneDrive/Desktop/HokkOS/HookSwap/packages/utilities/src/logger/logger.ts:57
[  132725ms] [INFO] INFO {context: Object} Session init started @ http://localhost:3000/@fs/C:/Users/avone/OneDrive/Desktop/HokkOS/HookSwap/packages/utilities/src/logger/logger.ts:57
[  132938ms] [INFO] INFO {context: Object} [Event: Session Init Completed] {need_challenge: true, duration_ms: 213.80000001192093, git_commit_hash: 9ed17066c95192873c6353c7f745d760f7641dce} @ http://localhost:3000/@fs/C:/Users/avone/OneDrive/Desktop/HokkOS/HookSwap/packages/utilities/src/logger/logger.ts:57
[  132938ms] [INFO] INFO {context: Object} Session init completed {needChallenge: true, durationMs: 213.80000001192093} @ http://localhost:3000/@fs/C:/Users/avone/OneDrive/Desktop/HokkOS/HookSwap/packages/utilities/src/logger/logger.ts:57
[  133088ms] [ERROR] Failed to load resource: the server responded with a status of 400 () @ https://entry-gateway.backend-staging.api.uniswap.org/uniswap.platformservice.v1.SessionService/Challenge:0
[  133089ms] [WARNING] WARN {context: Object} Session init failed {tags: Object, extra: Object} @ http://localhost:3000/@fs/C:/Users/avone/OneDrive/Desktop/HokkOS/HookSwap/packages/utilities/src/logger/logger.ts:57
[  133089ms] [WARNING] WARN {context: Object} Session init failed {tags: Object, extra: Object} @ http://localhost:3000/@fs/C:/Users/avone/OneDrive/Desktop/HokkOS/HookSwap/packages/utilities/src/logger/logger.ts:57
[  133089ms] [WARNING] WARN {context: Object} Session init failed {tags: Object, extra: Object} @ http://localhost:3000/@fs/C:/Users/avone/OneDrive/Desktop/HokkOS/HookSwap/packages/utilities/src/logger/logger.ts:57
[  133089ms] [INFO] INFO {context: Object} [Event: Session Init Started] {git_commit_hash: 9ed17066c95192873c6353c7f745d760f7641dce} @ http://localhost:3000/@fs/C:/Users/avone/OneDrive/Desktop/HokkOS/HookSwap/packages/utilities/src/logger/logger.ts:57
[  133089ms] [INFO] INFO {context: Object} Session init started @ http://localhost:3000/@fs/C:/Users/avone/OneDrive/Desktop/HokkOS/HookSwap/packages/utilities/src/logger/logger.ts:57
[  133255ms] [INFO] INFO {context: Object} [Event: Session Init Completed] {need_challenge: true, duration_ms: 165.40000000596046, git_commit_hash: 9ed17066c95192873c6353c7f745d760f7641dce} @ http://localhost:3000/@fs/C:/Users/avone/OneDrive/Desktop/HokkOS/HookSwap/packages/utilities/src/logger/logger.ts:57
[  133255ms] [INFO] INFO {context: Object} Session init completed {needChallenge: true, durationMs: 165.40000000596046} @ http://localhost:3000/@fs/C:/Users/avone/OneDrive/Desktop/HokkOS/HookSwap/packages/utilities/src/logger/logger.ts:57
[  133389ms] [ERROR] Failed to load resource: the server responded with a status of 400 () @ https://entry-gateway.backend-staging.api.uniswap.org/uniswap.platformservice.v1.SessionService/Challenge:0
[  134397ms] [INFO] INFO {context: Object} [Event: Session Init Started] {git_commit_hash: 9ed17066c95192873c6353c7f745d760f7641dce} @ http://localhost:3000/@fs/C:/Users/avone/OneDrive/Desktop/HokkOS/HookSwap/packages/utilities/src/logger/logger.ts:57
[  134398ms] [INFO] INFO {context: Object} Session init started @ http://localhost:3000/@fs/C:/Users/avone/OneDrive/Desktop/HokkOS/HookSwap/packages/utilities/src/logger/logger.ts:57
[  134621ms] [INFO] INFO {context: Object} [Event: Session Init Completed] {need_challenge: true, duration_ms: 223.60000002384186, git_commit_hash: 9ed17066c95192873c6353c7f745d760f7641dce} @ http://localhost:3000/@fs/C:/Users/avone/OneDrive/Desktop/HokkOS/HookSwap/packages/utilities/src/logger/logger.ts:57
[  134621ms] [INFO] INFO {context: Object} Session init completed {needChallenge: true, durationMs: 223.60000002384186} @ http://localhost:3000/@fs/C:/Users/avone/OneDrive/Desktop/HokkOS/HookSwap/packages/utilities/src/logger/logger.ts:57
[  134826ms] [ERROR] Failed to load resource: the server responded with a status of 400 () @ https://entry-gateway.backend-staging.api.uniswap.org/uniswap.platformservice.v1.SessionService/Challenge:0
[  136831ms] [INFO] INFO {context: Object} [Event: Session Init Started] {git_commit_hash: 9ed17066c95192873c6353c7f745d760f7641dce} @ http://localhost:3000/@fs/C:/Users/avone/OneDrive/Desktop/HokkOS/HookSwap/packages/utilities/src/logger/logger.ts:57
[  136831ms] [INFO] INFO {context: Object} Session init started @ http://localhost:3000/@fs/C:/Users/avone/OneDrive/Desktop/HokkOS/HookSwap/packages/utilities/src/logger/logger.ts:57
[  137655ms] [INFO] INFO {context: Object} [Event: Session Init Completed] {need_challenge: true, duration_ms: 823.3999999761581, git_commit_hash: 9ed17066c95192873c6353c7f745d760f7641dce} @ http://localhost:3000/@fs/C:/Users/avone/OneDrive/Desktop/HokkOS/HookSwap/packages/utilities/src/logger/logger.ts:57
[  137655ms] [INFO] INFO {context: Object} Session init completed {needChallenge: true, durationMs: 823.3999999761581} @ http://localhost:3000/@fs/C:/Users/avone/OneDrive/Desktop/HokkOS/HookSwap/packages/utilities/src/logger/logger.ts:57
[  137759ms] [ERROR] Failed to load resource: the server responded with a status of 400 () @ https://entry-gateway.backend-staging.api.uniswap.org/uniswap.platformservice.v1.SessionService/Challenge:0
[  141765ms] [INFO] INFO {context: Object} [Event: Session Init Started] {git_commit_hash: 9ed17066c95192873c6353c7f745d760f7641dce} @ http://localhost:3000/@fs/C:/Users/avone/OneDrive/Desktop/HokkOS/HookSwap/packages/utilities/src/logger/logger.ts:57
[  141766ms] [INFO] INFO {context: Object} Session init started @ http://localhost:3000/@fs/C:/Users/avone/OneDrive/Desktop/HokkOS/HookSwap/packages/utilities/src/logger/logger.ts:57
[  141919ms] [INFO] INFO {context: Object} [Event: Session Init Completed] {need_challenge: true, duration_ms: 153.40000000596046, git_commit_hash: 9ed17066c95192873c6353c7f745d760f7641dce} @ http://localhost:3000/@fs/C:/Users/avone/OneDrive/Desktop/HokkOS/HookSwap/packages/utilities/src/logger/logger.ts:57
[  141919ms] [INFO] INFO {context: Object} Session init completed {needChallenge: true, durationMs: 153.40000000596046} @ http://localhost:3000/@fs/C:/Users/avone/OneDrive/Desktop/HokkOS/HookSwap/packages/utilities/src/logger/logger.ts:57
[  142143ms] [ERROR] Failed to load resource: the server responded with a status of 400 () @ https://entry-gateway.backend-staging.api.uniswap.org/uniswap.platformservice.v1.SessionService/Challenge:0
[  142145ms] [WARNING] WARN {context: Object} Session init failed {tags: Object, extra: Object} @ http://localhost:3000/@fs/C:/Users/avone/OneDrive/Desktop/HokkOS/HookSwap/packages/utilities/src/logger/logger.ts:57
[  142146ms] [WARNING] WARN {context: Object} Session init failed {tags: Object, extra: Object} @ http://localhost:3000/@fs/C:/Users/avone/OneDrive/Desktop/HokkOS/HookSwap/packages/utilities/src/logger/logger.ts:57
[  142146ms] [WARNING] WARN {context: Object} Session init failed {tags: Object, extra: Object} @ http://localhost:3000/@fs/C:/Users/avone/OneDrive/Desktop/HokkOS/HookSwap/packages/utilities/src/logger/logger.ts:57
[  142146ms] [WARNING] WARN {context: Object} Suppressed 23 RPC errors in previous 60s window {provider: unirpc, chainId: 1, methods: Object, errors: Object} @ http://localhost:3000/@fs/C:/Users/avone/OneDrive/Desktop/HokkOS/HookSwap/packages/utilities/src/logger/logger.ts:57
[  142147ms] [WARNING] WARN {context: Object} RPC error {method: net_version, chainId: 1, durationMs: 9057, provider: unirpc, transport: viem} @ http://localhost:3000/@fs/C:/Users/avone/OneDrive/Desktop/HokkOS/HookSwap/packages/utilities/src/logger/logger.ts:57
[  142147ms] [WARNING] WARN {context: Object} RPC error {method: eth_blockNumber, chainId: 1, durationMs: 9057, provider: unirpc, transport: viem} @ http://localhost:3000/@fs/C:/Users/avone/OneDrive/Desktop/HokkOS/HookSwap/packages/utilities/src/logger/logger.ts:57
[  142147ms] [WARNING] WARN {context: Object} RPC error {method: eth_chainId, chainId: 1, durationMs: 9056, provider: unirpc, transport: viem} @ http://localhost:3000/@fs/C:/Users/avone/OneDrive/Desktop/HokkOS/HookSwap/packages/utilities/src/logger/logger.ts:57
[  142148ms] [INFO] INFO {context: Object} [Event: Session Init Started] {git_commit_hash: 9ed17066c95192873c6353c7f745d760f7641dce} @ http://localhost:3000/@fs/C:/Users/avone/OneDrive/Desktop/HokkOS/HookSwap/packages/utilities/src/logger/logger.ts:57
[  142148ms] [INFO] INFO {context: Object} Session init started @ http://localhost:3000/@fs/C:/Users/avone/OneDrive/Desktop/HokkOS/HookSwap/packages/utilities/src/logger/logger.ts:57
[  142276ms] [INFO] INFO {context: Object} [Event: Session Init Completed] {need_challenge: true, duration_ms: 128.19999998807907, git_commit_hash: 9ed17066c95192873c6353c7f745d760f7641dce} @ http://localhost:3000/@fs/C:/Users/avone/OneDrive/Desktop/HokkOS/HookSwap/packages/utilities/src/logger/logger.ts:57
[  142276ms] [INFO] INFO {context: Object} Session init completed {needChallenge: true, durationMs: 128.19999998807907} @ http://localhost:3000/@fs/C:/Users/avone/OneDrive/Desktop/HokkOS/HookSwap/packages/utilities/src/logger/logger.ts:57
[  142396ms] [ERROR] Failed to load resource: the server responded with a status of 400 () @ https://entry-gateway.backend-staging.api.uniswap.org/uniswap.platformservice.v1.SessionService/Challenge:0
[  143639ms] [INFO] INFO {context: Object} [Event: Session Init Started] {git_commit_hash: 9ed17066c95192873c6353c7f745d760f7641dce} @ http://localhost:3000/@fs/C:/Users/avone/OneDrive/Desktop/HokkOS/HookSwap/packages/utilities/src/logger/logger.ts:57
[  143640ms] [INFO] INFO {context: Object} Session init started @ http://localhost:3000/@fs/C:/Users/avone/OneDrive/Desktop/HokkOS/HookSwap/packages/utilities/src/logger/logger.ts:57
[  144155ms] [INFO] INFO {context: Object} [Event: Session Init Completed] {need_challenge: true, duration_ms: 515.4000000059605, git_commit_hash: 9ed17066c95192873c6353c7f745d760f7641dce} @ http://localhost:3000/@fs/C:/Users/avone/OneDrive/Desktop/HokkOS/HookSwap/packages/utilities/src/logger/logger.ts:57
[  144155ms] [INFO] INFO {context: Object} Session init completed {needChallenge: true, durationMs: 515.4000000059605} @ http://localhost:3000/@fs/C:/Users/avone/OneDrive/Desktop/HokkOS/HookSwap/packages/utilities/src/logger/logger.ts:57
[  144347ms] [ERROR] Failed to load resource: the server responded with a status of 400 () @ https://entry-gateway.backend-staging.api.uniswap.org/uniswap.platformservice.v1.SessionService/Challenge:0
[  146357ms] [INFO] INFO {context: Object} [Event: Session Init Started] {git_commit_hash: 9ed17066c95192873c6353c7f745d760f7641dce} @ http://localhost:3000/@fs/C:/Users/avone/OneDrive/Desktop/HokkOS/HookSwap/packages/utilities/src/logger/logger.ts:57
[  146358ms] [INFO] INFO {context: Object} Session init started @ http://localhost:3000/@fs/C:/Users/avone/OneDrive/Desktop/HokkOS/HookSwap/packages/utilities/src/logger/logger.ts:57
[  146486ms] [INFO] INFO {context: Object} [Event: Session Init Completed] {need_challenge: true, duration_ms: 128.59999999403954, git_commit_hash: 9ed17066c95192873c6353c7f745d760f7641dce} @ http://localhost:3000/@fs/C:/Users/avone/OneDrive/Desktop/HokkOS/HookSwap/packages/utilities/src/logger/logger.ts:57
[  146486ms] [INFO] INFO {context: Object} Session init completed {needChallenge: true, durationMs: 128.59999999403954} @ http://localhost:3000/@fs/C:/Users/avone/OneDrive/Desktop/HokkOS/HookSwap/packages/utilities/src/logger/logger.ts:57
[  146808ms] [ERROR] Failed to load resource: the server responded with a status of 400 () @ https://entry-gateway.backend-staging.api.uniswap.org/uniswap.platformservice.v1.SessionService/Challenge:0
[  150817ms] [INFO] INFO {context: Object} [Event: Session Init Started] {git_commit_hash: 9ed17066c95192873c6353c7f745d760f7641dce} @ http://localhost:3000/@fs/C:/Users/avone/OneDrive/Desktop/HokkOS/HookSwap/packages/utilities/src/logger/logger.ts:57
[  150817ms] [INFO] INFO {context: Object} Session init started @ http://localhost:3000/@fs/C:/Users/avone/OneDrive/Desktop/HokkOS/HookSwap/packages/utilities/src/logger/logger.ts:57
[  152173ms] [WARNING] WARN {context: Object} Session ready timed out {tags: Object, extra: Object} @ http://localhost:3000/@fs/C:/Users/avone/OneDrive/Desktop/HokkOS/HookSwap/packages/utilities/src/logger/logger.ts:57
[  152173ms] [WARNING] WARN {context: Object} RPC error {method: net_version, chainId: 1, durationMs: 10026, provider: unirpc, transport: viem} @ http://localhost:3000/@fs/C:/Users/avone/OneDrive/Desktop/HokkOS/HookSwap/packages/utilities/src/logger/logger.ts:57
[  152174ms] [WARNING] WARN {context: Object} Session ready timed out {tags: Object, extra: Object} @ http://localhost:3000/@fs/C:/Users/avone/OneDrive/Desktop/HokkOS/HookSwap/packages/utilities/src/logger/logger.ts:57
[  152174ms] [WARNING] WARN {context: Object} RPC error {method: eth_blockNumber, chainId: 1, durationMs: 10025, provider: unirpc, transport: viem} @ http://localhost:3000/@fs/C:/Users/avone/OneDrive/Desktop/HokkOS/HookSwap/packages/utilities/src/logger/logger.ts:57
[  152221ms] [WARNING] WARN {context: Object} Session ready timed out {tags: Object, extra: Object} @ http://localhost:3000/@fs/C:/Users/avone/OneDrive/Desktop/HokkOS/HookSwap/packages/utilities/src/logger/logger.ts:57
[  152675ms] [INFO] INFO {context: Object} [Event: Session Init Completed] {need_challenge: true, duration_ms: 1857.8999999761581, git_commit_hash: 9ed17066c95192873c6353c7f745d760f7641dce} @ http://localhost:3000/@fs/C:/Users/avone/OneDrive/Desktop/HokkOS/HookSwap/packages/utilities/src/logger/logger.ts:57
[  152675ms] [INFO] INFO {context: Object} Session init completed {needChallenge: true, durationMs: 1857.8999999761581} @ http://localhost:3000/@fs/C:/Users/avone/OneDrive/Desktop/HokkOS/HookSwap/packages/utilities/src/logger/logger.ts:57
[  152794ms] [ERROR] Failed to load resource: the server responded with a status of 400 () @ https://entry-gateway.backend-staging.api.uniswap.org/uniswap.platformservice.v1.SessionService/Challenge:0
[  152794ms] [WARNING] WARN {context: Object} Session init failed {tags: Object, extra: Object} @ http://localhost:3000/@fs/C:/Users/avone/OneDrive/Desktop/HokkOS/HookSwap/packages/utilities/src/logger/logger.ts:57
[  152794ms] [WARNING] WARN {context: Object} Session init failed {tags: Object, extra: Object} @ http://localhost:3000/@fs/C:/Users/avone/OneDrive/Desktop/HokkOS/HookSwap/packages/utilities/src/logger/logger.ts:57
[  152794ms] [WARNING] WARN {context: Object} Session init failed {tags: Object, extra: Object} @ http://localhost:3000/@fs/C:/Users/avone/OneDrive/Desktop/HokkOS/HookSwap/packages/utilities/src/logger/logger.ts:57
[  152795ms] [INFO] INFO {context: Object} [Event: Session Init Started] {git_commit_hash: 9ed17066c95192873c6353c7f745d760f7641dce} @ http://localhost:3000/@fs/C:/Users/avone/OneDrive/Desktop/HokkOS/HookSwap/packages/utilities/src/logger/logger.ts:57
[  152795ms] [INFO] INFO {context: Object} Session init started @ http://localhost:3000/@fs/C:/Users/avone/OneDrive/Desktop/HokkOS/HookSwap/packages/utilities/src/logger/logger.ts:57
[  152915ms] [INFO] INFO {context: Object} [Event: Session Init Completed] {need_challenge: true, duration_ms: 119.69999998807907, git_commit_hash: 9ed17066c95192873c6353c7f745d760f7641dce} @ http://localhost:3000/@fs/C:/Users/avone/OneDrive/Desktop/HokkOS/HookSwap/packages/utilities/src/logger/logger.ts:57
[  152915ms] [INFO] INFO {context: Object} Session init completed {needChallenge: true, durationMs: 119.69999998807907} @ http://localhost:3000/@fs/C:/Users/avone/OneDrive/Desktop/HokkOS/HookSwap/packages/utilities/src/logger/logger.ts:57
[  153020ms] [ERROR] Failed to load resource: the server responded with a status of 400 () @ https://entry-gateway.backend-staging.api.uniswap.org/uniswap.platformservice.v1.SessionService/Challenge:0
[  154034ms] [INFO] INFO {context: Object} [Event: Session Init Started] {git_commit_hash: 9ed17066c95192873c6353c7f745d760f7641dce} @ http://localhost:3000/@fs/C:/Users/avone/OneDrive/Desktop/HokkOS/HookSwap/packages/utilities/src/logger/logger.ts:57
[  154034ms] [INFO] INFO {context: Object} Session init started @ http://localhost:3000/@fs/C:/Users/avone/OneDrive/Desktop/HokkOS/HookSwap/packages/utilities/src/logger/logger.ts:57
[  154338ms] [INFO] INFO {context: Object} [Event: Session Init Completed] {need_challenge: true, duration_ms: 304.19999998807907, git_commit_hash: 9ed17066c95192873c6353c7f745d760f7641dce} @ http://localhost:3000/@fs/C:/Users/avone/OneDrive/Desktop/HokkOS/HookSwap/packages/utilities/src/logger/logger.ts:57
[  154338ms] [INFO] INFO {context: Object} Session init completed {needChallenge: true, durationMs: 304.19999998807907} @ http://localhost:3000/@fs/C:/Users/avone/OneDrive/Desktop/HokkOS/HookSwap/packages/utilities/src/logger/logger.ts:57
[  155342ms] [ERROR] Failed to load resource: the server responded with a status of 400 () @ https://entry-gateway.backend-staging.api.uniswap.org/uniswap.platformservice.v1.SessionService/Challenge:0
[  157353ms] [INFO] INFO {context: Object} [Event: Session Init Started] {git_commit_hash: 9ed17066c95192873c6353c7f745d760f7641dce} @ http://localhost:3000/@fs/C:/Users/avone/OneDrive/Desktop/HokkOS/HookSwap/packages/utilities/src/logger/logger.ts:57
[  157354ms] [INFO] INFO {context: Object} Session init started @ http://localhost:3000/@fs/C:/Users/avone/OneDrive/Desktop/HokkOS/HookSwap/packages/utilities/src/logger/logger.ts:57
[  157473ms] [INFO] INFO {context: Object} [Event: Session Init Completed] {need_challenge: true, duration_ms: 120.10000002384186, git_commit_hash: 9ed17066c95192873c6353c7f745d760f7641dce} @ http://localhost:3000/@fs/C:/Users/avone/OneDrive/Desktop/HokkOS/HookSwap/packages/utilities/src/logger/logger.ts:57
[  157473ms] [INFO] INFO {context: Object} Session init completed {needChallenge: true, durationMs: 120.10000002384186} @ http://localhost:3000/@fs/C:/Users/avone/OneDrive/Desktop/HokkOS/HookSwap/packages/utilities/src/logger/logger.ts:57
[  157584ms] [ERROR] Failed to load resource: the server responded with a status of 400 () @ https://entry-gateway.backend-staging.api.uniswap.org/uniswap.platformservice.v1.SessionService/Challenge:0
[  161758ms] [INFO] INFO {context: Object} [Event: Session Init Started] {git_commit_hash: 9ed17066c95192873c6353c7f745d760f7641dce} @ http://localhost:3000/@fs/C:/Users/avone/OneDrive/Desktop/HokkOS/HookSwap/packages/utilities/src/logger/logger.ts:57
[  161759ms] [INFO] INFO {context: Object} Session init started @ http://localhost:3000/@fs/C:/Users/avone/OneDrive/Desktop/HokkOS/HookSwap/packages/utilities/src/logger/logger.ts:57
[  162033ms] [INFO] INFO {context: Object} [Event: Session Init Completed] {need_challenge: true, duration_ms: 274.7999999821186, git_commit_hash: 9ed17066c95192873c6353c7f745d760f7641dce} @ http://localhost:3000/@fs/C:/Users/avone/OneDrive/Desktop/HokkOS/HookSwap/packages/utilities/src/logger/logger.ts:57
[  162033ms] [INFO] INFO {context: Object} Session init completed {needChallenge: true, durationMs: 274.7999999821186} @ http://localhost:3000/@fs/C:/Users/avone/OneDrive/Desktop/HokkOS/HookSwap/packages/utilities/src/logger/logger.ts:57
[  162261ms] [ERROR] Failed to load resource: the server responded with a status of 400 () @ https://entry-gateway.backend-staging.api.uniswap.org/uniswap.platformservice.v1.SessionService/Challenge:0
[  162262ms] [WARNING] WARN {context: Object} Session init failed {tags: Object, extra: Object} @ http://localhost:3000/@fs/C:/Users/avone/OneDrive/Desktop/HokkOS/HookSwap/packages/utilities/src/logger/logger.ts:57
[  162262ms] [WARNING] WARN {context: Object} Session init failed {tags: Object, extra: Object} @ http://localhost:3000/@fs/C:/Users/avone/OneDrive/Desktop/HokkOS/HookSwap/packages/utilities/src/logger/logger.ts:57
[  162262ms] [WARNING] WARN {context: Object} Session init failed {tags: Object, extra: Object} @ http://localhost:3000/@fs/C:/Users/avone/OneDrive/Desktop/HokkOS/HookSwap/packages/utilities/src/logger/logger.ts:57
[  162263ms] [INFO] INFO {context: Object} [Event: Session Init Started] {git_commit_hash: 9ed17066c95192873c6353c7f745d760f7641dce} @ http://localhost:3000/@fs/C:/Users/avone/OneDrive/Desktop/HokkOS/HookSwap/packages/utilities/src/logger/logger.ts:57
[  162263ms] [INFO] INFO {context: Object} Session init started @ http://localhost:3000/@fs/C:/Users/avone/OneDrive/Desktop/HokkOS/HookSwap/packages/utilities/src/logger/logger.ts:57
[  162464ms] [INFO] INFO {context: Object} [Event: Session Init Completed] {need_challenge: true, duration_ms: 200.90000000596046, git_commit_hash: 9ed17066c95192873c6353c7f745d760f7641dce} @ http://localhost:3000/@fs/C:/Users/avone/OneDrive/Desktop/HokkOS/HookSwap/packages/utilities/src/logger/logger.ts:57
[  162464ms] [INFO] INFO {context: Object} Session init completed {needChallenge: true, durationMs: 200.90000000596046} @ http://localhost:3000/@fs/C:/Users/avone/OneDrive/Desktop/HokkOS/HookSwap/packages/utilities/src/logger/logger.ts:57
[  163129ms] [ERROR] Failed to load resource: the server responded with a status of 400 () @ https://entry-gateway.backend-staging.api.uniswap.org/uniswap.platformservice.v1.SessionService/Challenge:0
[  164154ms] [INFO] INFO {context: Object} [Event: Session Init Started] {git_commit_hash: 9ed17066c95192873c6353c7f745d760f7641dce} @ http://localhost:3000/@fs/C:/Users/avone/OneDrive/Desktop/HokkOS/HookSwap/packages/utilities/src/logger/logger.ts:57
[  164165ms] [INFO] INFO {context: Object} Session init started @ http://localhost:3000/@fs/C:/Users/avone/OneDrive/Desktop/HokkOS/HookSwap/packages/utilities/src/logger/logger.ts:57
[  164328ms] [INFO] INFO {context: Object} [Event: Session Init Completed] {need_challenge: true, duration_ms: 174.09999999403954, git_commit_hash: 9ed17066c95192873c6353c7f745d760f7641dce} @ http://localhost:3000/@fs/C:/Users/avone/OneDrive/Desktop/HokkOS/HookSwap/packages/utilities/src/logger/logger.ts:57
[  164329ms] [INFO] INFO {context: Object} Session init completed {needChallenge: true, durationMs: 174.09999999403954} @ http://localhost:3000/@fs/C:/Users/avone/OneDrive/Desktop/HokkOS/HookSwap/packages/utilities/src/logger/logger.ts:57
[  164441ms] [ERROR] Failed to load resource: the server responded with a status of 400 () @ https://entry-gateway.backend-staging.api.uniswap.org/uniswap.platformservice.v1.SessionService/Challenge:0
[  166452ms] [INFO] INFO {context: Object} [Event: Session Init Started] {git_commit_hash: 9ed17066c95192873c6353c7f745d760f7641dce} @ http://localhost:3000/@fs/C:/Users/avone/OneDrive/Desktop/HokkOS/HookSwap/packages/utilities/src/logger/logger.ts:57
[  166454ms] [INFO] INFO {context: Object} Session init started @ http://localhost:3000/@fs/C:/Users/avone/OneDrive/Desktop/HokkOS/HookSwap/packages/utilities/src/logger/logger.ts:57
[  166573ms] [INFO] INFO {context: Object} [Event: Session Init Completed] {need_challenge: true, duration_ms: 120.5, git_commit_hash: 9ed17066c95192873c6353c7f745d760f7641dce} @ http://localhost:3000/@fs/C:/Users/avone/OneDrive/Desktop/HokkOS/HookSwap/packages/utilities/src/logger/logger.ts:57
[  166573ms] [INFO] INFO {context: Object} Session init completed {needChallenge: true, durationMs: 120.5} @ http://localhost:3000/@fs/C:/Users/avone/OneDrive/Desktop/HokkOS/HookSwap/packages/utilities/src/logger/logger.ts:57
[  166673ms] [ERROR] Failed to load resource: the server responded with a status of 400 () @ https://entry-gateway.backend-staging.api.uniswap.org/uniswap.platformservice.v1.SessionService/Challenge:0
[  170711ms] [INFO] INFO {context: Object} [Event: Session Init Started] {git_commit_hash: 9ed17066c95192873c6353c7f745d760f7641dce} @ http://localhost:3000/@fs/C:/Users/avone/OneDrive/Desktop/HokkOS/HookSwap/packages/utilities/src/logger/logger.ts:57
[  170713ms] [INFO] INFO {context: Object} Session init started @ http://localhost:3000/@fs/C:/Users/avone/OneDrive/Desktop/HokkOS/HookSwap/packages/utilities/src/logger/logger.ts:57
[  171020ms] [INFO] INFO {context: Object} [Event: Session Init Completed] {need_challenge: true, duration_ms: 309.30000001192093, git_commit_hash: 9ed17066c95192873c6353c7f745d760f7641dce} @ http://localhost:3000/@fs/C:/Users/avone/OneDrive/Desktop/HokkOS/HookSwap/packages/utilities/src/logger/logger.ts:57
[  171021ms] [INFO] INFO {context: Object} Session init completed {needChallenge: true, durationMs: 309.30000001192093} @ http://localhost:3000/@fs/C:/Users/avone/OneDrive/Desktop/HokkOS/HookSwap/packages/utilities/src/logger/logger.ts:57
[  171461ms] [ERROR] Failed to load resource: the server responded with a status of 400 () @ https://entry-gateway.backend-staging.api.uniswap.org/uniswap.platformservice.v1.SessionService/Challenge:0
[  171464ms] [WARNING] WARN {context: Object} Session init failed {tags: Object, extra: Object} @ http://localhost:3000/@fs/C:/Users/avone/OneDrive/Desktop/HokkOS/HookSwap/packages/utilities/src/logger/logger.ts:57
[  171465ms] [WARNING] WARN {context: Object} Session init failed {tags: Object, extra: Object} @ http://localhost:3000/@fs/C:/Users/avone/OneDrive/Desktop/HokkOS/HookSwap/packages/utilities/src/logger/logger.ts:57
[  171465ms] [WARNING] WARN {context: Object} Session init failed {tags: Object, extra: Object} @ http://localhost:3000/@fs/C:/Users/avone/OneDrive/Desktop/HokkOS/HookSwap/packages/utilities/src/logger/logger.ts:57
[  171465ms] [INFO] INFO {context: Object} [Event: Session Init Started] {git_commit_hash: 9ed17066c95192873c6353c7f745d760f7641dce} @ http://localhost:3000/@fs/C:/Users/avone/OneDrive/Desktop/HokkOS/HookSwap/packages/utilities/src/logger/logger.ts:57
[  171466ms] [INFO] INFO {context: Object} Session init started @ http://localhost:3000/@fs/C:/Users/avone/OneDrive/Desktop/HokkOS/HookSwap/packages/utilities/src/logger/logger.ts:57
[  171579ms] [INFO] INFO {context: Object} [Event: Session Init Completed] {need_challenge: true, duration_ms: 113.80000001192093, git_commit_hash: 9ed17066c95192873c6353c7f745d760f7641dce} @ http://localhost:3000/@fs/C:/Users/avone/OneDrive/Desktop/HokkOS/HookSwap/packages/utilities/src/logger/logger.ts:57
[  171579ms] [INFO] INFO {context: Object} Session init completed {needChallenge: true, durationMs: 113.80000001192093} @ http://localhost:3000/@fs/C:/Users/avone/OneDrive/Desktop/HokkOS/HookSwap/packages/utilities/src/logger/logger.ts:57
[  171685ms] [ERROR] Failed to load resource: the server responded with a status of 400 () @ https://entry-gateway.backend-staging.api.uniswap.org/uniswap.platformservice.v1.SessionService/Challenge:0
[  172734ms] [INFO] INFO {context: Object} [Event: Session Init Started] {git_commit_hash: 9ed17066c95192873c6353c7f745d760f7641dce} @ http://localhost:3000/@fs/C:/Users/avone/OneDrive/Desktop/HokkOS/HookSwap/packages/utilities/src/logger/logger.ts:57
[  172735ms] [INFO] INFO {context: Object} Session init started @ http://localhost:3000/@fs/C:/Users/avone/OneDrive/Desktop/HokkOS/HookSwap/packages/utilities/src/logger/logger.ts:57
[  173061ms] [INFO] INFO {context: Object} [Event: Session Init Completed] {need_challenge: true, duration_ms: 326.59999999403954, git_commit_hash: 9ed17066c95192873c6353c7f745d760f7641dce} @ http://localhost:3000/@fs/C:/Users/avone/OneDrive/Desktop/HokkOS/HookSwap/packages/utilities/src/logger/logger.ts:57
[  173061ms] [INFO] INFO {context: Object} Session init completed {needChallenge: true, durationMs: 326.59999999403954} @ http://localhost:3000/@fs/C:/Users/avone/OneDrive/Desktop/HokkOS/HookSwap/packages/utilities/src/logger/logger.ts:57
[  173239ms] [ERROR] Failed to load resource: the server responded with a status of 400 () @ https://entry-gateway.backend-staging.api.uniswap.org/uniswap.platformservice.v1.SessionService/Challenge:0
[  175324ms] [INFO] INFO {context: Object} [Event: Session Init Started] {git_commit_hash: 9ed17066c95192873c6353c7f745d760f7641dce} @ http://localhost:3000/@fs/C:/Users/avone/OneDrive/Desktop/HokkOS/HookSwap/packages/utilities/src/logger/logger.ts:57
[  175325ms] [INFO] INFO {context: Object} Session init started @ http://localhost:3000/@fs/C:/Users/avone/OneDrive/Desktop/HokkOS/HookSwap/packages/utilities/src/logger/logger.ts:57
[  175932ms] [INFO] INFO {context: Object} [Event: Session Init Completed] {need_challenge: true, duration_ms: 607.7000000178814, git_commit_hash: 9ed17066c95192873c6353c7f745d760f7641dce} @ http://localhost:3000/@fs/C:/Users/avone/OneDrive/Desktop/HokkOS/HookSwap/packages/utilities/src/logger/logger.ts:57
[  175932ms] [INFO] INFO {context: Object} Session init completed {needChallenge: true, durationMs: 607.7000000178814} @ http://localhost:3000/@fs/C:/Users/avone/OneDrive/Desktop/HokkOS/HookSwap/packages/utilities/src/logger/logger.ts:57
[  176458ms] [ERROR] Failed to load resource: the server responded with a status of 400 () @ https://entry-gateway.backend-staging.api.uniswap.org/uniswap.platformservice.v1.SessionService/Challenge:0
[  180467ms] [INFO] INFO {context: Object} [Event: Session Init Started] {git_commit_hash: 9ed17066c95192873c6353c7f745d760f7641dce} @ http://localhost:3000/@fs/C:/Users/avone/OneDrive/Desktop/HokkOS/HookSwap/packages/utilities/src/logger/logger.ts:57
[  180468ms] [INFO] INFO {context: Object} Session init started @ http://localhost:3000/@fs/C:/Users/avone/OneDrive/Desktop/HokkOS/HookSwap/packages/utilities/src/logger/logger.ts:57
[  180795ms] [INFO] INFO {context: Object} [Event: Session Init Completed] {need_challenge: true, duration_ms: 328, git_commit_hash: 9ed17066c95192873c6353c7f745d760f7641dce} @ http://localhost:3000/@fs/C:/Users/avone/OneDrive/Desktop/HokkOS/HookSwap/packages/utilities/src/logger/logger.ts:57
[  180796ms] [INFO] INFO {context: Object} Session init completed {needChallenge: true, durationMs: 328} @ http://localhost:3000/@fs/C:/Users/avone/OneDrive/Desktop/HokkOS/HookSwap/packages/utilities/src/logger/logger.ts:57
[  181151ms] [ERROR] Failed to load resource: the server responded with a status of 400 () @ https://entry-gateway.backend-staging.api.uniswap.org/uniswap.platformservice.v1.SessionService/Challenge:0
[  181152ms] [WARNING] WARN {context: Object} Session init failed {tags: Object, extra: Object} @ http://localhost:3000/@fs/C:/Users/avone/OneDrive/Desktop/HokkOS/HookSwap/packages/utilities/src/logger/logger.ts:57
[  181152ms] [WARNING] WARN {context: Object} Session init failed {tags: Object, extra: Object} @ http://localhost:3000/@fs/C:/Users/avone/OneDrive/Desktop/HokkOS/HookSwap/packages/utilities/src/logger/logger.ts:57
[  181152ms] [WARNING] WARN {context: Object} Session init failed {tags: Object, extra: Object} @ http://localhost:3000/@fs/C:/Users/avone/OneDrive/Desktop/HokkOS/HookSwap/packages/utilities/src/logger/logger.ts:57
[  181152ms] [INFO] INFO {context: Object} [Event: Session Init Started] {git_commit_hash: 9ed17066c95192873c6353c7f745d760f7641dce} @ http://localhost:3000/@fs/C:/Users/avone/OneDrive/Desktop/HokkOS/HookSwap/packages/utilities/src/logger/logger.ts:57
[  181153ms] [INFO] INFO {context: Object} Session init started @ http://localhost:3000/@fs/C:/Users/avone/OneDrive/Desktop/HokkOS/HookSwap/packages/utilities/src/logger/logger.ts:57
[  183365ms] [INFO] INFO {context: Object} [Event: Session Init Completed] {need_challenge: true, duration_ms: 2212.300000011921, git_commit_hash: 9ed17066c95192873c6353c7f745d760f7641dce} @ http://localhost:3000/@fs/C:/Users/avone/OneDrive/Desktop/HokkOS/HookSwap/packages/utilities/src/logger/logger.ts:57
[  183365ms] [INFO] INFO {context: Object} Session init completed {needChallenge: true, durationMs: 2212.300000011921} @ http://localhost:3000/@fs/C:/Users/avone/OneDrive/Desktop/HokkOS/HookSwap/packages/utilities/src/logger/logger.ts:57
[  183475ms] [ERROR] Failed to load resource: the server responded with a status of 400 () @ https://entry-gateway.backend-staging.api.uniswap.org/uniswap.platformservice.v1.SessionService/Challenge:0
[  184490ms] [INFO] INFO {context: Object} [Event: Session Init Started] {git_commit_hash: 9ed17066c95192873c6353c7f745d760f7641dce} @ http://localhost:3000/@fs/C:/Users/avone/OneDrive/Desktop/HokkOS/HookSwap/packages/utilities/src/logger/logger.ts:57
[  184491ms] [INFO] INFO {context: Object} Session init started @ http://localhost:3000/@fs/C:/Users/avone/OneDrive/Desktop/HokkOS/HookSwap/packages/utilities/src/logger/logger.ts:57
[  184609ms] [INFO] INFO {context: Object} [Event: Session Init Completed] {need_challenge: true, duration_ms: 118.90000000596046, git_commit_hash: 9ed17066c95192873c6353c7f745d760f7641dce} @ http://localhost:3000/@fs/C:/Users/avone/OneDrive/Desktop/HokkOS/HookSwap/packages/utilities/src/logger/logger.ts:57
[  184609ms] [INFO] INFO {context: Object} Session init completed {needChallenge: true, durationMs: 118.90000000596046} @ http://localhost:3000/@fs/C:/Users/avone/OneDrive/Desktop/HokkOS/HookSwap/packages/utilities/src/logger/logger.ts:57
[  184727ms] [ERROR] Failed to load resource: the server responded with a status of 400 () @ https://entry-gateway.backend-staging.api.uniswap.org/uniswap.platformservice.v1.SessionService/Challenge:0
[  186744ms] [INFO] INFO {context: Object} [Event: Session Init Started] {git_commit_hash: 9ed17066c95192873c6353c7f745d760f7641dce} @ http://localhost:3000/@fs/C:/Users/avone/OneDrive/Desktop/HokkOS/HookSwap/packages/utilities/src/logger/logger.ts:57
[  186744ms] [INFO] INFO {context: Object} Session init started @ http://localhost:3000/@fs/C:/Users/avone/OneDrive/Desktop/HokkOS/HookSwap/packages/utilities/src/logger/logger.ts:57
[  186863ms] [INFO] INFO {context: Object} [Event: Session Init Completed] {need_challenge: true, duration_ms: 119.09999999403954, git_commit_hash: 9ed17066c95192873c6353c7f745d760f7641dce} @ http://localhost:3000/@fs/C:/Users/avone/OneDrive/Desktop/HokkOS/HookSwap/packages/utilities/src/logger/logger.ts:57
[  186863ms] [INFO] INFO {context: Object} Session init completed {needChallenge: true, durationMs: 119.09999999403954} @ http://localhost:3000/@fs/C:/Users/avone/OneDrive/Desktop/HokkOS/HookSwap/packages/utilities/src/logger/logger.ts:57
[  186981ms] [ERROR] Failed to load resource: the server responded with a status of 400 () @ https://entry-gateway.backend-staging.api.uniswap.org/uniswap.platformservice.v1.SessionService/Challenge:0
[  190995ms] [INFO] INFO {context: Object} [Event: Session Init Started] {git_commit_hash: 9ed17066c95192873c6353c7f745d760f7641dce} @ http://localhost:3000/@fs/C:/Users/avone/OneDrive/Desktop/HokkOS/HookSwap/packages/utilities/src/logger/logger.ts:57
[  190995ms] [INFO] INFO {context: Object} Session init started @ http://localhost:3000/@fs/C:/Users/avone/OneDrive/Desktop/HokkOS/HookSwap/packages/utilities/src/logger/logger.ts:57
[  191166ms] [WARNING] WARN {context: Object} Session ready timed out {tags: Object, extra: Object} @ http://localhost:3000/@fs/C:/Users/avone/OneDrive/Desktop/HokkOS/HookSwap/packages/utilities/src/logger/logger.ts:57
[  191166ms] [WARNING] WARN {context: Object} Session ready timed out {tags: Object, extra: Object} @ http://localhost:3000/@fs/C:/Users/avone/OneDrive/Desktop/HokkOS/HookSwap/packages/utilities/src/logger/logger.ts:57
[  191167ms] [WARNING] WARN {context: Object} Session ready timed out {tags: Object, extra: Object} @ http://localhost:3000/@fs/C:/Users/avone/OneDrive/Desktop/HokkOS/HookSwap/packages/utilities/src/logger/logger.ts:57
[  191184ms] [INFO] INFO {context: Object} [Event: Session Init Completed] {need_challenge: true, duration_ms: 188.59999999403954, git_commit_hash: 9ed17066c95192873c6353c7f745d760f7641dce} @ http://localhost:3000/@fs/C:/Users/avone/OneDrive/Desktop/HokkOS/HookSwap/packages/utilities/src/logger/logger.ts:57
[  191184ms] [INFO] INFO {context: Object} Session init completed {needChallenge: true, durationMs: 188.59999999403954} @ http://localhost:3000/@fs/C:/Users/avone/OneDrive/Desktop/HokkOS/HookSwap/packages/utilities/src/logger/logger.ts:57
[  191329ms] [ERROR] Failed to load resource: the server responded with a status of 400 () @ https://entry-gateway.backend-staging.api.uniswap.org/uniswap.platformservice.v1.SessionService/Challenge:0
[  191330ms] [WARNING] WARN {context: Object} Session init failed {tags: Object, extra: Object} @ http://localhost:3000/@fs/C:/Users/avone/OneDrive/Desktop/HokkOS/HookSwap/packages/utilities/src/logger/logger.ts:57
[  191330ms] [WARNING] WARN {context: Object} Session init failed {tags: Object, extra: Object} @ http://localhost:3000/@fs/C:/Users/avone/OneDrive/Desktop/HokkOS/HookSwap/packages/utilities/src/logger/logger.ts:57
[  191330ms] [WARNING] WARN {context: Object} Session init failed {tags: Object, extra: Object} @ http://localhost:3000/@fs/C:/Users/avone/OneDrive/Desktop/HokkOS/HookSwap/packages/utilities/src/logger/logger.ts:57
[  191330ms] [INFO] INFO {context: Object} [Event: Session Init Started] {git_commit_hash: 9ed17066c95192873c6353c7f745d760f7641dce} @ http://localhost:3000/@fs/C:/Users/avone/OneDrive/Desktop/HokkOS/HookSwap/packages/utilities/src/logger/logger.ts:57
[  191331ms] [INFO] INFO {context: Object} Session init started @ http://localhost:3000/@fs/C:/Users/avone/OneDrive/Desktop/HokkOS/HookSwap/packages/utilities/src/logger/logger.ts:57
[  191575ms] [INFO] INFO {context: Object} [Event: Session Init Completed] {need_challenge: true, duration_ms: 244.5, git_commit_hash: 9ed17066c95192873c6353c7f745d760f7641dce} @ http://localhost:3000/@fs/C:/Users/avone/OneDrive/Desktop/HokkOS/HookSwap/packages/utilities/src/logger/logger.ts:57
[  191575ms] [INFO] INFO {context: Object} Session init completed {needChallenge: true, durationMs: 244.5} @ http://localhost:3000/@fs/C:/Users/avone/OneDrive/Desktop/HokkOS/HookSwap/packages/utilities/src/logger/logger.ts:57
[  191674ms] [ERROR] Failed to load resource: the server responded with a status of 400 () @ https://entry-gateway.backend-staging.api.uniswap.org/uniswap.platformservice.v1.SessionService/Challenge:0
[  192688ms] [INFO] INFO {context: Object} [Event: Session Init Started] {git_commit_hash: 9ed17066c95192873c6353c7f745d760f7641dce} @ http://localhost:3000/@fs/C:/Users/avone/OneDrive/Desktop/HokkOS/HookSwap/packages/utilities/src/logger/logger.ts:57
[  192688ms] [INFO] INFO {context: Object} Session init started @ http://localhost:3000/@fs/C:/Users/avone/OneDrive/Desktop/HokkOS/HookSwap/packages/utilities/src/logger/logger.ts:57
[  192798ms] [INFO] INFO {context: Object} [Event: Session Init Completed] {need_challenge: true, duration_ms: 110, git_commit_hash: 9ed17066c95192873c6353c7f745d760f7641dce} @ http://localhost:3000/@fs/C:/Users/avone/OneDrive/Desktop/HokkOS/HookSwap/packages/utilities/src/logger/logger.ts:57
[  192798ms] [INFO] INFO {context: Object} Session init completed {needChallenge: true, durationMs: 110} @ http://localhost:3000/@fs/C:/Users/avone/OneDrive/Desktop/HokkOS/HookSwap/packages/utilities/src/logger/logger.ts:57
[  192904ms] [ERROR] Failed to load resource: the server responded with a status of 400 () @ https://entry-gateway.backend-staging.api.uniswap.org/uniswap.platformservice.v1.SessionService/Challenge:0
[  194913ms] [INFO] INFO {context: Object} [Event: Session Init Started] {git_commit_hash: 9ed17066c95192873c6353c7f745d760f7641dce} @ http://localhost:3000/@fs/C:/Users/avone/OneDrive/Desktop/HokkOS/HookSwap/packages/utilities/src/logger/logger.ts:57
[  194914ms] [INFO] INFO {context: Object} Session init started @ http://localhost:3000/@fs/C:/Users/avone/OneDrive/Desktop/HokkOS/HookSwap/packages/utilities/src/logger/logger.ts:57
[  195030ms] [INFO] INFO {context: Object} [Event: Session Init Completed] {need_challenge: true, duration_ms: 117.09999999403954, git_commit_hash: 9ed17066c95192873c6353c7f745d760f7641dce} @ http://localhost:3000/@fs/C:/Users/avone/OneDrive/Desktop/HokkOS/HookSwap/packages/utilities/src/logger/logger.ts:57
[  195030ms] [INFO] INFO {context: Object} Session init completed {needChallenge: true, durationMs: 117.09999999403954} @ http://localhost:3000/@fs/C:/Users/avone/OneDrive/Desktop/HokkOS/HookSwap/packages/utilities/src/logger/logger.ts:57
[  195133ms] [ERROR] Failed to load resource: the server responded with a status of 400 () @ https://entry-gateway.backend-staging.api.uniswap.org/uniswap.platformservice.v1.SessionService/Challenge:0
[  199134ms] [INFO] INFO {context: Object} [Event: Session Init Started] {git_commit_hash: 9ed17066c95192873c6353c7f745d760f7641dce} @ http://localhost:3000/@fs/C:/Users/avone/OneDrive/Desktop/HokkOS/HookSwap/packages/utilities/src/logger/logger.ts:57
[  199135ms] [INFO] INFO {context: Object} Session init started @ http://localhost:3000/@fs/C:/Users/avone/OneDrive/Desktop/HokkOS/HookSwap/packages/utilities/src/logger/logger.ts:57
[  199362ms] [INFO] INFO {context: Object} [Event: Session Init Completed] {need_challenge: true, duration_ms: 227.7000000178814, git_commit_hash: 9ed17066c95192873c6353c7f745d760f7641dce} @ http://localhost:3000/@fs/C:/Users/avone/OneDrive/Desktop/HokkOS/HookSwap/packages/utilities/src/logger/logger.ts:57
[  199362ms] [INFO] INFO {context: Object} Session init completed {needChallenge: true, durationMs: 227.7000000178814} @ http://localhost:3000/@fs/C:/Users/avone/OneDrive/Desktop/HokkOS/HookSwap/packages/utilities/src/logger/logger.ts:57
[  199596ms] [ERROR] Failed to load resource: the server responded with a status of 400 () @ https://entry-gateway.backend-staging.api.uniswap.org/uniswap.platformservice.v1.SessionService/Challenge:0
[  199597ms] [WARNING] WARN {context: Object} Session init failed {tags: Object, extra: Object} @ http://localhost:3000/@fs/C:/Users/avone/OneDrive/Desktop/HokkOS/HookSwap/packages/utilities/src/logger/logger.ts:57
[  199597ms] [WARNING] WARN {context: Object} Session init failed {tags: Object, extra: Object} @ http://localhost:3000/@fs/C:/Users/avone/OneDrive/Desktop/HokkOS/HookSwap/packages/utilities/src/logger/logger.ts:57
[  199597ms] [WARNING] WARN {context: Object} Session init failed {tags: Object, extra: Object} @ http://localhost:3000/@fs/C:/Users/avone/OneDrive/Desktop/HokkOS/HookSwap/packages/utilities/src/logger/logger.ts:57
[  199597ms] [INFO] INFO {context: Object} [Event: Session Init Started] {git_commit_hash: 9ed17066c95192873c6353c7f745d760f7641dce} @ http://localhost:3000/@fs/C:/Users/avone/OneDrive/Desktop/HokkOS/HookSwap/packages/utilities/src/logger/logger.ts:57
[  199598ms] [INFO] INFO {context: Object} Session init started @ http://localhost:3000/@fs/C:/Users/avone/OneDrive/Desktop/HokkOS/HookSwap/packages/utilities/src/logger/logger.ts:57
[  199712ms] [INFO] INFO {context: Object} [Event: Session Init Completed] {need_challenge: true, duration_ms: 114.59999999403954, git_commit_hash: 9ed17066c95192873c6353c7f745d760f7641dce} @ http://localhost:3000/@fs/C:/Users/avone/OneDrive/Desktop/HokkOS/HookSwap/packages/utilities/src/logger/logger.ts:57
[  199712ms] [INFO] INFO {context: Object} Session init completed {needChallenge: true, durationMs: 114.59999999403954} @ http://localhost:3000/@fs/C:/Users/avone/OneDrive/Desktop/HokkOS/HookSwap/packages/utilities/src/logger/logger.ts:57
[  199822ms] [ERROR] Failed to load resource: the server responded with a status of 400 () @ https://entry-gateway.backend-staging.api.uniswap.org/uniswap.platformservice.v1.SessionService/Challenge:0
[  200837ms] [INFO] INFO {context: Object} [Event: Session Init Started] {git_commit_hash: 9ed17066c95192873c6353c7f745d760f7641dce} @ http://localhost:3000/@fs/C:/Users/avone/OneDrive/Desktop/HokkOS/HookSwap/packages/utilities/src/logger/logger.ts:57
[  200837ms] [INFO] INFO {context: Object} Session init started @ http://localhost:3000/@fs/C:/Users/avone/OneDrive/Desktop/HokkOS/HookSwap/packages/utilities/src/logger/logger.ts:57
[  200960ms] [INFO] INFO {context: Object} [Event: Session Init Completed] {need_challenge: true, duration_ms: 123.5, git_commit_hash: 9ed17066c95192873c6353c7f745d760f7641dce} @ http://localhost:3000/@fs/C:/Users/avone/OneDrive/Desktop/HokkOS/HookSwap/packages/utilities/src/logger/logger.ts:57
[  200960ms] [INFO] INFO {context: Object} Session init completed {needChallenge: true, durationMs: 123.5} @ http://localhost:3000/@fs/C:/Users/avone/OneDrive/Desktop/HokkOS/HookSwap/packages/utilities/src/logger/logger.ts:57
[  201064ms] [ERROR] Failed to load resource: the server responded with a status of 400 () @ https://entry-gateway.backend-staging.api.uniswap.org/uniswap.platformservice.v1.SessionService/Challenge:0
[  203079ms] [INFO] INFO {context: Object} [Event: Session Init Started] {git_commit_hash: 9ed17066c95192873c6353c7f745d760f7641dce} @ http://localhost:3000/@fs/C:/Users/avone/OneDrive/Desktop/HokkOS/HookSwap/packages/utilities/src/logger/logger.ts:57
[  203079ms] [INFO] INFO {context: Object} Session init started @ http://localhost:3000/@fs/C:/Users/avone/OneDrive/Desktop/HokkOS/HookSwap/packages/utilities/src/logger/logger.ts:57
[  203334ms] [INFO] INFO {context: Object} [Event: Session Init Completed] {need_challenge: true, duration_ms: 255.19999998807907, git_commit_hash: 9ed17066c95192873c6353c7f745d760f7641dce} @ http://localhost:3000/@fs/C:/Users/avone/OneDrive/Desktop/HokkOS/HookSwap/packages/utilities/src/logger/logger.ts:57
[  203334ms] [INFO] INFO {context: Object} Session init completed {needChallenge: true, durationMs: 255.19999998807907} @ http://localhost:3000/@fs/C:/Users/avone/OneDrive/Desktop/HokkOS/HookSwap/packages/utilities/src/logger/logger.ts:57
[  203438ms] [ERROR] Failed to load resource: the server responded with a status of 400 () @ https://entry-gateway.backend-staging.api.uniswap.org/uniswap.platformservice.v1.SessionService/Challenge:0
[  207452ms] [INFO] INFO {context: Object} [Event: Session Init Started] {git_commit_hash: 9ed17066c95192873c6353c7f745d760f7641dce} @ http://localhost:3000/@fs/C:/Users/avone/OneDrive/Desktop/HokkOS/HookSwap/packages/utilities/src/logger/logger.ts:57
[  207452ms] [INFO] INFO {context: Object} Session init started @ http://localhost:3000/@fs/C:/Users/avone/OneDrive/Desktop/HokkOS/HookSwap/packages/utilities/src/logger/logger.ts:57
[  207562ms] [INFO] INFO {context: Object} [Event: Session Init Completed] {need_challenge: true, duration_ms: 109.90000000596046, git_commit_hash: 9ed17066c95192873c6353c7f745d760f7641dce} @ http://localhost:3000/@fs/C:/Users/avone/OneDrive/Desktop/HokkOS/HookSwap/packages/utilities/src/logger/logger.ts:57
[  207562ms] [INFO] INFO {context: Object} Session init completed {needChallenge: true, durationMs: 109.90000000596046} @ http://localhost:3000/@fs/C:/Users/avone/OneDrive/Desktop/HokkOS/HookSwap/packages/utilities/src/logger/logger.ts:57
[  207659ms] [ERROR] Failed to load resource: the server responded with a status of 400 () @ https://entry-gateway.backend-staging.api.uniswap.org/uniswap.platformservice.v1.SessionService/Challenge:0
[  207660ms] [WARNING] WARN {context: Object} Session init failed {tags: Object, extra: Object} @ http://localhost:3000/@fs/C:/Users/avone/OneDrive/Desktop/HokkOS/HookSwap/packages/utilities/src/logger/logger.ts:57
[  207660ms] [WARNING] WARN {context: Object} Session init failed {tags: Object, extra: Object} @ http://localhost:3000/@fs/C:/Users/avone/OneDrive/Desktop/HokkOS/HookSwap/packages/utilities/src/logger/logger.ts:57
[  207660ms] [WARNING] WARN {context: Object} Session init failed {tags: Object, extra: Object} @ http://localhost:3000/@fs/C:/Users/avone/OneDrive/Desktop/HokkOS/HookSwap/packages/utilities/src/logger/logger.ts:57
[  207660ms] [WARNING] WARN {context: Object} Suppressed 22 RPC errors in previous 60s window {provider: unirpc, chainId: 1, methods: Object, errors: Object} @ http://localhost:3000/@fs/C:/Users/avone/OneDrive/Desktop/HokkOS/HookSwap/packages/utilities/src/logger/logger.ts:57
[  207660ms] [WARNING] WARN {context: Object} RPC error {method: net_version, chainId: 1, durationMs: 8063, provider: unirpc, transport: viem} @ http://localhost:3000/@fs/C:/Users/avone/OneDrive/Desktop/HokkOS/HookSwap/packages/utilities/src/logger/logger.ts:57
[  207660ms] [WARNING] WARN {context: Object} RPC error {method: eth_blockNumber, chainId: 1, durationMs: 8062, provider: unirpc, transport: viem} @ http://localhost:3000/@fs/C:/Users/avone/OneDrive/Desktop/HokkOS/HookSwap/packages/utilities/src/logger/logger.ts:57
[  207661ms] [WARNING] WARN {context: Object} RPC error {method: eth_chainId, chainId: 1, durationMs: 8061, provider: unirpc, transport: viem} @ http://localhost:3000/@fs/C:/Users/avone/OneDrive/Desktop/HokkOS/HookSwap/packages/utilities/src/logger/logger.ts:57
[  207661ms] [INFO] INFO {context: Object} [Event: Session Init Started] {git_commit_hash: 9ed17066c95192873c6353c7f745d760f7641dce} @ http://localhost:3000/@fs/C:/Users/avone/OneDrive/Desktop/HokkOS/HookSwap/packages/utilities/src/logger/logger.ts:57
[  207661ms] [INFO] INFO {context: Object} Session init started @ http://localhost:3000/@fs/C:/Users/avone/OneDrive/Desktop/HokkOS/HookSwap/packages/utilities/src/logger/logger.ts:57
[  207778ms] [INFO] INFO {context: Object} [Event: Session Init Completed] {need_challenge: true, duration_ms: 117.10000002384186, git_commit_hash: 9ed17066c95192873c6353c7f745d760f7641dce} @ http://localhost:3000/@fs/C:/Users/avone/OneDrive/Desktop/HokkOS/HookSwap/packages/utilities/src/logger/logger.ts:57
[  207778ms] [INFO] INFO {context: Object} Session init completed {needChallenge: true, durationMs: 117.10000002384186} @ http://localhost:3000/@fs/C:/Users/avone/OneDrive/Desktop/HokkOS/HookSwap/packages/utilities/src/logger/logger.ts:57
[  207893ms] [ERROR] Failed to load resource: the server responded with a status of 400 () @ https://entry-gateway.backend-staging.api.uniswap.org/uniswap.platformservice.v1.SessionService/Challenge:0
[  208898ms] [INFO] INFO {context: Object} [Event: Session Init Started] {git_commit_hash: 9ed17066c95192873c6353c7f745d760f7641dce} @ http://localhost:3000/@fs/C:/Users/avone/OneDrive/Desktop/HokkOS/HookSwap/packages/utilities/src/logger/logger.ts:57
[  208898ms] [INFO] INFO {context: Object} Session init started @ http://localhost:3000/@fs/C:/Users/avone/OneDrive/Desktop/HokkOS/HookSwap/packages/utilities/src/logger/logger.ts:57
[  209008ms] [INFO] INFO {context: Object} [Event: Session Init Completed] {need_challenge: true, duration_ms: 109.80000001192093, git_commit_hash: 9ed17066c95192873c6353c7f745d760f7641dce} @ http://localhost:3000/@fs/C:/Users/avone/OneDrive/Desktop/HokkOS/HookSwap/packages/utilities/src/logger/logger.ts:57
[  209008ms] [INFO] INFO {context: Object} Session init completed {needChallenge: true, durationMs: 109.80000001192093} @ http://localhost:3000/@fs/C:/Users/avone/OneDrive/Desktop/HokkOS/HookSwap/packages/utilities/src/logger/logger.ts:57
[  209113ms] [ERROR] Failed to load resource: the server responded with a status of 400 () @ https://entry-gateway.backend-staging.api.uniswap.org/uniswap.platformservice.v1.SessionService/Challenge:0
[  211120ms] [INFO] INFO {context: Object} [Event: Session Init Started] {git_commit_hash: 9ed17066c95192873c6353c7f745d760f7641dce} @ http://localhost:3000/@fs/C:/Users/avone/OneDrive/Desktop/HokkOS/HookSwap/packages/utilities/src/logger/logger.ts:57
[  211120ms] [INFO] INFO {context: Object} Session init started @ http://localhost:3000/@fs/C:/Users/avone/OneDrive/Desktop/HokkOS/HookSwap/packages/utilities/src/logger/logger.ts:57
[  211550ms] [INFO] INFO {context: Object} [Event: Session Init Completed] {need_challenge: true, duration_ms: 430.2000000178814, git_commit_hash: 9ed17066c95192873c6353c7f745d760f7641dce} @ http://localhost:3000/@fs/C:/Users/avone/OneDrive/Desktop/HokkOS/HookSwap/packages/utilities/src/logger/logger.ts:57
[  211550ms] [INFO] INFO {context: Object} Session init completed {needChallenge: true, durationMs: 430.2000000178814} @ http://localhost:3000/@fs/C:/Users/avone/OneDrive/Desktop/HokkOS/HookSwap/packages/utilities/src/logger/logger.ts:57
[  211661ms] [ERROR] Failed to load resource: the server responded with a status of 400 () @ https://entry-gateway.backend-staging.api.uniswap.org/uniswap.platformservice.v1.SessionService/Challenge:0
[  215663ms] [INFO] INFO {context: Object} [Event: Session Init Started] {git_commit_hash: 9ed17066c95192873c6353c7f745d760f7641dce} @ http://localhost:3000/@fs/C:/Users/avone/OneDrive/Desktop/HokkOS/HookSwap/packages/utilities/src/logger/logger.ts:57
[  215663ms] [INFO] INFO {context: Object} Session init started @ http://localhost:3000/@fs/C:/Users/avone/OneDrive/Desktop/HokkOS/HookSwap/packages/utilities/src/logger/logger.ts:57
[  215780ms] [INFO] INFO {context: Object} [Event: Session Init Completed] {need_challenge: true, duration_ms: 116.5, git_commit_hash: 9ed17066c95192873c6353c7f745d760f7641dce} @ http://localhost:3000/@fs/C:/Users/avone/OneDrive/Desktop/HokkOS/HookSwap/packages/utilities/src/logger/logger.ts:57
[  215780ms] [INFO] INFO {context: Object} Session init completed {needChallenge: true, durationMs: 116.5} @ http://localhost:3000/@fs/C:/Users/avone/OneDrive/Desktop/HokkOS/HookSwap/packages/utilities/src/logger/logger.ts:57
[  215885ms] [ERROR] Failed to load resource: the server responded with a status of 400 () @ https://entry-gateway.backend-staging.api.uniswap.org/uniswap.platformservice.v1.SessionService/Challenge:0
[  215885ms] [WARNING] WARN {context: Object} Session init failed {tags: Object, extra: Object} @ http://localhost:3000/@fs/C:/Users/avone/OneDrive/Desktop/HokkOS/HookSwap/packages/utilities/src/logger/logger.ts:57
[  215885ms] [WARNING] WARN {context: Object} Session init failed {tags: Object, extra: Object} @ http://localhost:3000/@fs/C:/Users/avone/OneDrive/Desktop/HokkOS/HookSwap/packages/utilities/src/logger/logger.ts:57
[  215886ms] [WARNING] WARN {context: Object} Session init failed {tags: Object, extra: Object} @ http://localhost:3000/@fs/C:/Users/avone/OneDrive/Desktop/HokkOS/HookSwap/packages/utilities/src/logger/logger.ts:57
[  215886ms] [WARNING] WARN {context: Object} RPC error {method: net_version, chainId: 1, durationMs: 8225, provider: unirpc, transport: viem} @ http://localhost:3000/@fs/C:/Users/avone/OneDrive/Desktop/HokkOS/HookSwap/packages/utilities/src/logger/logger.ts:57
[  215886ms] [WARNING] WARN {context: Object} RPC error {method: eth_blockNumber, chainId: 1, durationMs: 8224, provider: unirpc, transport: viem} @ http://localhost:3000/@fs/C:/Users/avone/OneDrive/Desktop/HokkOS/HookSwap/packages/utilities/src/logger/logger.ts:57
[  215886ms] [INFO] INFO {context: Object} [Event: Session Init Started] {git_commit_hash: 9ed17066c95192873c6353c7f745d760f7641dce} @ http://localhost:3000/@fs/C:/Users/avone/OneDrive/Desktop/HokkOS/HookSwap/packages/utilities/src/logger/logger.ts:57
[  215886ms] [INFO] INFO {context: Object} Session init started @ http://localhost:3000/@fs/C:/Users/avone/OneDrive/Desktop/HokkOS/HookSwap/packages/utilities/src/logger/logger.ts:57
[  216001ms] [INFO] INFO {context: Object} [Event: Session Init Completed] {need_challenge: true, duration_ms: 115.19999998807907, git_commit_hash: 9ed17066c95192873c6353c7f745d760f7641dce} @ http://localhost:3000/@fs/C:/Users/avone/OneDrive/Desktop/HokkOS/HookSwap/packages/utilities/src/logger/logger.ts:57
[  216002ms] [INFO] INFO {context: Object} Session init completed {needChallenge: true, durationMs: 115.19999998807907} @ http://localhost:3000/@fs/C:/Users/avone/OneDrive/Desktop/HokkOS/HookSwap/packages/utilities/src/logger/logger.ts:57
[  216100ms] [ERROR] Failed to load resource: the server responded with a status of 400 () @ https://entry-gateway.backend-staging.api.uniswap.org/uniswap.platformservice.v1.SessionService/Challenge:0
[  217107ms] [INFO] INFO {context: Object} [Event: Session Init Started] {git_commit_hash: 9ed17066c95192873c6353c7f745d760f7641dce} @ http://localhost:3000/@fs/C:/Users/avone/OneDrive/Desktop/HokkOS/HookSwap/packages/utilities/src/logger/logger.ts:57
[  217107ms] [INFO] INFO {context: Object} Session init started @ http://localhost:3000/@fs/C:/Users/avone/OneDrive/Desktop/HokkOS/HookSwap/packages/utilities/src/logger/logger.ts:57
[  217218ms] [INFO] INFO {context: Object} [Event: Session Init Completed] {need_challenge: true, duration_ms: 111.30000001192093, git_commit_hash: 9ed17066c95192873c6353c7f745d760f7641dce} @ http://localhost:3000/@fs/C:/Users/avone/OneDrive/Desktop/HokkOS/HookSwap/packages/utilities/src/logger/logger.ts:57
[  217219ms] [INFO] INFO {context: Object} Session init completed {needChallenge: true, durationMs: 111.30000001192093} @ http://localhost:3000/@fs/C:/Users/avone/OneDrive/Desktop/HokkOS/HookSwap/packages/utilities/src/logger/logger.ts:57
[  217320ms] [ERROR] Failed to load resource: the server responded with a status of 400 () @ https://entry-gateway.backend-staging.api.uniswap.org/uniswap.platformservice.v1.SessionService/Challenge:0
[  219336ms] [INFO] INFO {context: Object} [Event: Session Init Started] {git_commit_hash: 9ed17066c95192873c6353c7f745d760f7641dce} @ http://localhost:3000/@fs/C:/Users/avone/OneDrive/Desktop/HokkOS/HookSwap/packages/utilities/src/logger/logger.ts:57
[  219336ms] [INFO] INFO {context: Object} Session init started @ http://localhost:3000/@fs/C:/Users/avone/OneDrive/Desktop/HokkOS/HookSwap/packages/utilities/src/logger/logger.ts:57
[  219449ms] [INFO] INFO {context: Object} [Event: Session Init Completed] {need_challenge: true, duration_ms: 112.69999998807907, git_commit_hash: 9ed17066c95192873c6353c7f745d760f7641dce} @ http://localhost:3000/@fs/C:/Users/avone/OneDrive/Desktop/HokkOS/HookSwap/packages/utilities/src/logger/logger.ts:57
[  219449ms] [INFO] INFO {context: Object} Session init completed {needChallenge: true, durationMs: 112.69999998807907} @ http://localhost:3000/@fs/C:/Users/avone/OneDrive/Desktop/HokkOS/HookSwap/packages/utilities/src/logger/logger.ts:57
[  219548ms] [ERROR] Failed to load resource: the server responded with a status of 400 () @ https://entry-gateway.backend-staging.api.uniswap.org/uniswap.platformservice.v1.SessionService/Challenge:0
