[     558ms] [WARNING] Failed to decode downloaded font: http://localhost:3000/fonts/Basel-Grotesk-Medium.woff2 @ http://localhost:3000/:0
[     558ms] [WARNING] OTS parsing error: invalid sfntVersion: 1008813135 @ http://localhost:3000/:0
[     589ms] [WARNING] Failed to decode downloaded font: http://localhost:3000/fonts/Basel-Grotesk-Book.woff2 @ http://localhost:3000/:0
[     589ms] [WARNING] OTS parsing error: invalid sfntVersion: 1008813135 @ http://localhost:3000/:0
[   13801ms] [INFO] %cDownload the React DevTools for a better development experience: https://react.dev/link/react-devtools font-weight:bold @ http://localhost:3000/node_modules/.vite/deps/chunk-GIFLVW4N.js?v=0d3f4219:29554
[   13887ms] [WARNING] Failed to decode downloaded font: http://localhost:3000/fonts/Basel-Grotesk-Medium.woff2 @ http://localhost:3000/src/state/scroll/scrollStore.ts:8
[   13887ms] [WARNING] OTS parsing error: invalid sfntVersion: 1008813135 @ http://localhost:3000/src/state/scroll/scrollStore.ts:8
[   13887ms] [WARNING] Failed to decode downloaded font: http://localhost:3000/fonts/Basel-Grotesk-Book.woff2 @ http://localhost:3000/src/state/scroll/scrollStore.ts:8
[   13887ms] [WARNING] OTS parsing error: invalid sfntVersion: 1008813135 @ http://localhost:3000/src/state/scroll/scrollStore.ts:8
[   13947ms] [LOG] redux-persist/stateReconciler: rehydrated keys 'appearanceSettings, favorites, portfolio, searchHistory, tokens, transactions, uniswapBehaviorHistory, userSettings, visibility, user, lists, fiatOnRampTransactions, walletCapabilities, _persist' @ http://localhost:3000/node_modules/.vite/deps/redux-persist.js?v=a646d44f:99
[   13968ms] [WARNING] Failed to decode downloaded font: http://localhost:3000/fonts/Basel-Grotesk-Medium.woff2 @ http://localhost:3000/:0
[   13968ms] [WARNING] OTS parsing error: invalid sfntVersion: 1008813135 @ http://localhost:3000/:0
[   13968ms] [WARNING] Failed to decode downloaded font: http://localhost:3000/fonts/Basel-Grotesk-Book.woff2 @ http://localhost:3000/:0
[   13968ms] [WARNING] OTS parsing error: invalid sfntVersion: 1008813135 @ http://localhost:3000/:0
[   14629ms] [ERROR] Each child in a list should have a unique "key" prop.%s%s See https://react.dev/link/warning-keys for more information. 

Check the render method of `PrivacyPolicyNotice`.  It was passed a child from Trans2. @ http://localhost:3000/src/utils/setupTurnstileCSPErrorFilter.ts:29
[   14695ms] [WARNING] styled-components: it looks like an unknown prop "delay" is being sent through to the DOM, which will likely trigger a React console error. If you would like automatic filtering of unknown props, you can opt-into that behavior via `<StyleSheetManager shouldForwardProp={...}>` (connect an API like `@emotion/is-prop-valid`) or consider using transient props (`$` prefix for automatic filtering.) @ http://localhost:3000/node_modules/.vite/deps/chunk-HPGWUDCK.js?v=0d3f4219:1256
[   14742ms] [WARNING] Failed to decode downloaded font: http://localhost:3000/fonts/Basel-Grotesk-Medium.woff2 @ http://localhost:3000/node_modules/.vite/deps/chunk-2QGBL2ZB.js?v=0d3f4219:727
[   14742ms] [WARNING] OTS parsing error: invalid sfntVersion: 1008813135 @ http://localhost:3000/node_modules/.vite/deps/chunk-2QGBL2ZB.js?v=0d3f4219:727
[   14743ms] [WARNING] Failed to decode downloaded font: http://localhost:3000/fonts/Basel-Grotesk-Book.woff2 @ http://localhost:3000/node_modules/.vite/deps/chunk-2QGBL2ZB.js?v=0d3f4219:727
[   14743ms] [WARNING] OTS parsing error: invalid sfntVersion: 1008813135 @ http://localhost:3000/node_modules/.vite/deps/chunk-2QGBL2ZB.js?v=0d3f4219:727
[   15015ms] [INFO] INFO {context: Object} [Event: Application Loaded] {service_worker: uninstalled, cache: unknown, git_commit_hash: 9ed17066c95192873c6353c7f745d760f7641dce} @ http://localhost:3000/@fs/C:/Users/avone/OneDrive/Desktop/HokkOS/HookSwap/packages/utilities/src/logger/logger.ts:57
[   15018ms] [WARNING] WARN {context: Object} Invalid call to `updateScrollLock` before calling `initializeScrollWatcher` @ http://localhost:3000/@fs/C:/Users/avone/OneDrive/Desktop/HokkOS/HookSwap/packages/utilities/src/logger/logger.ts:57
[   15020ms] [INFO] INFO {context: Object} [Event: Page Viewed] {page: landing-page, modal: sign-up-modal, git_commit_hash: 9ed17066c95192873c6353c7f745d760f7641dce} @ http://localhost:3000/@fs/C:/Users/avone/OneDrive/Desktop/HokkOS/HookSwap/packages/utilities/src/logger/logger.ts:57
[   15035ms] [INFO] INFO {context: Object} [Event: Page Viewed] {page: landing-page, git_commit_hash: 9ed17066c95192873c6353c7f745d760f7641dce} @ http://localhost:3000/@fs/C:/Users/avone/OneDrive/Desktop/HokkOS/HookSwap/packages/utilities/src/logger/logger.ts:57
[   15042ms] [INFO] INFO {context: Object} Setting active chain id to 1 @ http://localhost:3000/@fs/C:/Users/avone/OneDrive/Desktop/HokkOS/HookSwap/packages/utilities/src/logger/logger.ts:57
[   15251ms] [WARNING] Failed to decode downloaded font: http://localhost:3000/fonts/Basel-Grotesk-Medium.woff2 @ http://localhost:3000/node_modules/.vite/deps/chunk-CJVGMGYH.js?v=0d3f4219:998
[   15252ms] [WARNING] OTS parsing error: invalid sfntVersion: 1008813135 @ http://localhost:3000/node_modules/.vite/deps/chunk-CJVGMGYH.js?v=0d3f4219:998
[   15252ms] [WARNING] Failed to decode downloaded font: http://localhost:3000/fonts/Basel-Grotesk-Book.woff2 @ http://localhost:3000/node_modules/.vite/deps/chunk-CJVGMGYH.js?v=0d3f4219:998
[   15252ms] [WARNING] OTS parsing error: invalid sfntVersion: 1008813135 @ http://localhost:3000/node_modules/.vite/deps/chunk-CJVGMGYH.js?v=0d3f4219:998
[   15265ms] [LOG] RWS> connect 0 @ http://localhost:3000/node_modules/.vite/deps/partysocket.js?v=28d847b2:257
[   15266ms] [LOG] RWS> next delay 0 @ http://localhost:3000/node_modules/.vite/deps/partysocket.js?v=28d847b2:257
[   15276ms] [INFO] INFO {context: Object} Setting active chain id to 1 @ http://localhost:3000/@fs/C:/Users/avone/OneDrive/Desktop/HokkOS/HookSwap/packages/utilities/src/logger/logger.ts:57
[   15280ms] [INFO] INFO {context: Object} [Event: Page Viewed] {page: landing-page, section: swap-form, git_commit_hash: 9ed17066c95192873c6353c7f745d760f7641dce} @ http://localhost:3000/@fs/C:/Users/avone/OneDrive/Desktop/HokkOS/HookSwap/packages/utilities/src/logger/logger.ts:57
[   15446ms] [INFO] INFO {context: Object} [Property: user_agent]: Mozilla/5.0 (Windows NT 10.0; Win64; x64) AppleWebKit/537.36 (KHTML, like Gecko) Chrome/149.0.0.0 Safari/537.36 @ http://localhost:3000/@fs/C:/Users/avone/OneDrive/Desktop/HokkOS/HookSwap/packages/utilities/src/logger/logger.ts:57
[   15447ms] [INFO] INFO {context: Object} [Property: browser]: Google Chrome or Chromium @ http://localhost:3000/@fs/C:/Users/avone/OneDrive/Desktop/HokkOS/HookSwap/packages/utilities/src/logger/logger.ts:57
[   15447ms] [INFO] INFO {context: Object} [Property: screen_resolution_height]: 1080 @ http://localhost:3000/@fs/C:/Users/avone/OneDrive/Desktop/HokkOS/HookSwap/packages/utilities/src/logger/logger.ts:57
[   15447ms] [INFO] INFO {context: Object} [Property: screen_resolution_width]: 1920 @ http://localhost:3000/@fs/C:/Users/avone/OneDrive/Desktop/HokkOS/HookSwap/packages/utilities/src/logger/logger.ts:57
[   15447ms] [INFO] INFO {context: Object} [Property: git_commit_hash]: 9ed17066c95192873c6353c7f745d760f7641dce @ http://localhost:3000/@fs/C:/Users/avone/OneDrive/Desktop/HokkOS/HookSwap/packages/utilities/src/logger/logger.ts:57
[   15447ms] [INFO] INFO {context: Object} [Property: is_dark_mode]: false @ http://localhost:3000/@fs/C:/Users/avone/OneDrive/Desktop/HokkOS/HookSwap/packages/utilities/src/logger/logger.ts:57
[   15447ms] [INFO] INFO {context: Object} [Property: router_preference]: uniswapx @ http://localhost:3000/@fs/C:/Users/avone/OneDrive/Desktop/HokkOS/HookSwap/packages/utilities/src/logger/logger.ts:57
[   15448ms] [INFO] INFO {context: Object} [Property: testnet_mode_enabled]: false @ http://localhost:3000/@fs/C:/Users/avone/OneDrive/Desktop/HokkOS/HookSwap/packages/utilities/src/logger/logger.ts:57
[   15456ms] [WARNING] Failed to decode downloaded font: http://localhost:3000/fonts/Basel-Grotesk-Medium.woff2 @ http://localhost:3000/:0
[   15456ms] [WARNING] OTS parsing error: invalid sfntVersion: 1008813135 @ http://localhost:3000/:0
[   15456ms] [WARNING] Failed to decode downloaded font: http://localhost:3000/fonts/Basel-Grotesk-Book.woff2 @ http://localhost:3000/:0
[   15456ms] [WARNING] OTS parsing error: invalid sfntVersion: 1008813135 @ http://localhost:3000/:0
[   15537ms] [INFO] INFO {context: Object} [Event: Session Init Started] {git_commit_hash: 9ed17066c95192873c6353c7f745d760f7641dce} @ http://localhost:3000/@fs/C:/Users/avone/OneDrive/Desktop/HokkOS/HookSwap/packages/utilities/src/logger/logger.ts:57
[   15538ms] [INFO] INFO {context: Object} Session init started @ http://localhost:3000/@fs/C:/Users/avone/OneDrive/Desktop/HokkOS/HookSwap/packages/utilities/src/logger/logger.ts:57
[   15543ms] [LOG] RWS> connect {url: wss://websockets.backend-staging.api.uniswap.org, protocols: Array(0)} @ http://localhost:3000/node_modules/.vite/deps/partysocket.js?v=28d847b2:257
[   15543ms] [LOG] RWS> addListeners @ http://localhost:3000/node_modules/.vite/deps/partysocket.js?v=28d847b2:257
[   15931ms] [WARNING] The configured WalletConnect 'metadata.url':https://app.uniswap.org differs from the actual page url:http://localhost:3000. This is probably unintended and can lead to issues. @ http://localhost:3000/node_modules/.vite/deps/index.es-KGVGLJCL.js:929
[   16363ms] [INFO] INFO {context: Object} [Property: uniswap_identifier]: ecde71ad-61c6-453e-b397-5c799f5bcaf7 @ http://localhost:3000/@fs/C:/Users/avone/OneDrive/Desktop/HokkOS/HookSwap/packages/utilities/src/logger/logger.ts:57
[   16413ms] [INFO] Note: this could just be due to you not setting all the theme tokens Tamagui expects, which is harmless, but
                    it also often can be because you have a duplicated Tamagui in your bundle, which can cause tricky bugs. @ http://localhost:3000/node_modules/.vite/deps/chunk-Z56GXT5X.js?v=0d3f4219:2833
[   16413ms] [INFO] To see if you have duplicated dependencies, in Chrome DevTools hit CMD+P and type TamaguiProvider.
                    If you see both a .cjs and a .mjs entry, it's duplicated. @ http://localhost:3000/node_modules/.vite/deps/chunk-Z56GXT5X.js?v=0d3f4219:2834
[   16413ms] [INFO] You can debug that issue by opening the .mjs and .cjs files and setting a breakpoint at the top of each. @ http://localhost:3000/node_modules/.vite/deps/chunk-Z56GXT5X.js?v=0d3f4219:2835
[   16413ms] [INFO] We only log this warning one time as it's sometimes harmless, to disable this log entirely set process.env.TAMAGUI_DISABLE_MISSING_TOKEN_LOG=1. @ http://localhost:3000/node_modules/.vite/deps/chunk-Z56GXT5X.js?v=0d3f4219:2835
[   16456ms] [WARNING] Failed to decode downloaded font: http://localhost:3000/fonts/Basel-Grotesk-Medium.woff2 @ http://localhost:3000/node_modules/.vite/deps/chunk-GIFLVW4N.js?v=0d3f4219:25539
[   16456ms] [WARNING] OTS parsing error: invalid sfntVersion: 1008813135 @ http://localhost:3000/node_modules/.vite/deps/chunk-GIFLVW4N.js?v=0d3f4219:25539
[   16456ms] [WARNING] Failed to decode downloaded font: http://localhost:3000/fonts/Basel-Grotesk-Book.woff2 @ http://localhost:3000/node_modules/.vite/deps/chunk-GIFLVW4N.js?v=0d3f4219:25539
[   16457ms] [WARNING] OTS parsing error: invalid sfntVersion: 1008813135 @ http://localhost:3000/node_modules/.vite/deps/chunk-GIFLVW4N.js?v=0d3f4219:25539
[   16460ms] [WARNING] Failed to decode downloaded font: http://localhost:3000/fonts/Basel-Grotesk-Medium.woff2 @ http://localhost:3000/node_modules/.vite/deps/chunk-2QGBL2ZB.js?v=0d3f4219:727
[   16460ms] [WARNING] OTS parsing error: invalid sfntVersion: 1008813135 @ http://localhost:3000/node_modules/.vite/deps/chunk-2QGBL2ZB.js?v=0d3f4219:727
[   16460ms] [WARNING] Failed to decode downloaded font: http://localhost:3000/fonts/Basel-Grotesk-Book.woff2 @ http://localhost:3000/node_modules/.vite/deps/chunk-2QGBL2ZB.js?v=0d3f4219:727
[   16460ms] [WARNING] OTS parsing error: invalid sfntVersion: 1008813135 @ http://localhost:3000/node_modules/.vite/deps/chunk-2QGBL2ZB.js?v=0d3f4219:727
[   16470ms] [INFO] INFO {context: Object} [Event: Application Loaded] {service_worker: uninstalled, cache: unknown, git_commit_hash: 9ed17066c95192873c6353c7f745d760f7641dce} @ http://localhost:3000/@fs/C:/Users/avone/OneDrive/Desktop/HokkOS/HookSwap/packages/utilities/src/logger/logger.ts:57
[   16474ms] [INFO] INFO {context: Object} [Event: Page Viewed] {page: landing-page, git_commit_hash: 9ed17066c95192873c6353c7f745d760f7641dce} @ http://localhost:3000/@fs/C:/Users/avone/OneDrive/Desktop/HokkOS/HookSwap/packages/utilities/src/logger/logger.ts:57
[   16475ms] [WARNING] WARN {context: Object} `ScrollWatcher` already initialized. You should only call `initializeScrollWatcher` once. @ http://localhost:3000/@fs/C:/Users/avone/OneDrive/Desktop/HokkOS/HookSwap/packages/utilities/src/logger/logger.ts:57
[   16480ms] [WARNING] Failed to decode downloaded font: http://localhost:3000/fonts/Basel-Grotesk-Medium.woff2 @ http://localhost:3000/node_modules/.vite/deps/chunk-2QGBL2ZB.js?v=0d3f4219:727
[   16481ms] [WARNING] OTS parsing error: invalid sfntVersion: 1008813135 @ http://localhost:3000/node_modules/.vite/deps/chunk-2QGBL2ZB.js?v=0d3f4219:727
[   16481ms] [WARNING] Failed to decode downloaded font: http://localhost:3000/fonts/Basel-Grotesk-Book.woff2 @ http://localhost:3000/node_modules/.vite/deps/chunk-2QGBL2ZB.js?v=0d3f4219:727
[   16481ms] [WARNING] OTS parsing error: invalid sfntVersion: 1008813135 @ http://localhost:3000/node_modules/.vite/deps/chunk-2QGBL2ZB.js?v=0d3f4219:727
[   16487ms] [INFO] INFO {context: Object} [Event: Application Loaded] {service_worker: uninstalled, cache: unknown, git_commit_hash: 9ed17066c95192873c6353c7f745d760f7641dce} @ http://localhost:3000/@fs/C:/Users/avone/OneDrive/Desktop/HokkOS/HookSwap/packages/utilities/src/logger/logger.ts:57
[   16498ms] [WARNING] WARN {context: Object} `ScrollWatcher` already initialized. You should only call `initializeScrollWatcher` once. @ http://localhost:3000/@fs/C:/Users/avone/OneDrive/Desktop/HokkOS/HookSwap/packages/utilities/src/logger/logger.ts:57
[   16656ms] [INFO] INFO {context: Object} Setting active chain id to 1 @ http://localhost:3000/@fs/C:/Users/avone/OneDrive/Desktop/HokkOS/HookSwap/packages/utilities/src/logger/logger.ts:57
[   16657ms] [INFO] INFO {context: Object} [Event: Page Viewed] {page: landing-page, section: swap-form, git_commit_hash: 9ed17066c95192873c6353c7f745d760f7641dce} @ http://localhost:3000/@fs/C:/Users/avone/OneDrive/Desktop/HokkOS/HookSwap/packages/utilities/src/logger/logger.ts:57
[   16757ms] [INFO] INFO {context: Object} [Property: uniswap_identifier]: ecde71ad-61c6-453e-b397-5c799f5bcaf7 @ http://localhost:3000/@fs/C:/Users/avone/OneDrive/Desktop/HokkOS/HookSwap/packages/utilities/src/logger/logger.ts:57
[   16757ms] [INFO] INFO {context: Object} [Property: user_agent]: Mozilla/5.0 (Windows NT 10.0; Win64; x64) AppleWebKit/537.36 (KHTML, like Gecko) Chrome/149.0.0.0 Safari/537.36 @ http://localhost:3000/@fs/C:/Users/avone/OneDrive/Desktop/HokkOS/HookSwap/packages/utilities/src/logger/logger.ts:57
[   16757ms] [INFO] INFO {context: Object} [Property: browser]: Google Chrome or Chromium @ http://localhost:3000/@fs/C:/Users/avone/OneDrive/Desktop/HokkOS/HookSwap/packages/utilities/src/logger/logger.ts:57
[   16757ms] [INFO] INFO {context: Object} [Property: screen_resolution_height]: 1080 @ http://localhost:3000/@fs/C:/Users/avone/OneDrive/Desktop/HokkOS/HookSwap/packages/utilities/src/logger/logger.ts:57
[   16757ms] [INFO] INFO {context: Object} [Property: screen_resolution_width]: 1920 @ http://localhost:3000/@fs/C:/Users/avone/OneDrive/Desktop/HokkOS/HookSwap/packages/utilities/src/logger/logger.ts:57
[   16758ms] [INFO] INFO {context: Object} [Property: git_commit_hash]: 9ed17066c95192873c6353c7f745d760f7641dce @ http://localhost:3000/@fs/C:/Users/avone/OneDrive/Desktop/HokkOS/HookSwap/packages/utilities/src/logger/logger.ts:57
[   16758ms] [INFO] INFO {context: Object} [Property: is_dark_mode]: false @ http://localhost:3000/@fs/C:/Users/avone/OneDrive/Desktop/HokkOS/HookSwap/packages/utilities/src/logger/logger.ts:57
[   16758ms] [INFO] INFO {context: Object} [Property: router_preference]: uniswapx @ http://localhost:3000/@fs/C:/Users/avone/OneDrive/Desktop/HokkOS/HookSwap/packages/utilities/src/logger/logger.ts:57
[   16758ms] [INFO] INFO {context: Object} [Property: testnet_mode_enabled]: false @ http://localhost:3000/@fs/C:/Users/avone/OneDrive/Desktop/HokkOS/HookSwap/packages/utilities/src/logger/logger.ts:57
[   16758ms] [INFO] INFO {context: Object} [Property: uniswap_identifier]: ecde71ad-61c6-453e-b397-5c799f5bcaf7 @ http://localhost:3000/@fs/C:/Users/avone/OneDrive/Desktop/HokkOS/HookSwap/packages/utilities/src/logger/logger.ts:57
[   16759ms] [INFO] INFO {context: Object} [Property: user_agent]: Mozilla/5.0 (Windows NT 10.0; Win64; x64) AppleWebKit/537.36 (KHTML, like Gecko) Chrome/149.0.0.0 Safari/537.36 @ http://localhost:3000/@fs/C:/Users/avone/OneDrive/Desktop/HokkOS/HookSwap/packages/utilities/src/logger/logger.ts:57
[   16759ms] [INFO] INFO {context: Object} [Property: browser]: Google Chrome or Chromium @ http://localhost:3000/@fs/C:/Users/avone/OneDrive/Desktop/HokkOS/HookSwap/packages/utilities/src/logger/logger.ts:57
[   16759ms] [INFO] INFO {context: Object} [Property: screen_resolution_height]: 1080 @ http://localhost:3000/@fs/C:/Users/avone/OneDrive/Desktop/HokkOS/HookSwap/packages/utilities/src/logger/logger.ts:57
[   16759ms] [INFO] INFO {context: Object} [Property: screen_resolution_width]: 1920 @ http://localhost:3000/@fs/C:/Users/avone/OneDrive/Desktop/HokkOS/HookSwap/packages/utilities/src/logger/logger.ts:57
[   16759ms] [INFO] INFO {context: Object} [Property: git_commit_hash]: 9ed17066c95192873c6353c7f745d760f7641dce @ http://localhost:3000/@fs/C:/Users/avone/OneDrive/Desktop/HokkOS/HookSwap/packages/utilities/src/logger/logger.ts:57
[   16759ms] [INFO] INFO {context: Object} [Property: is_dark_mode]: false @ http://localhost:3000/@fs/C:/Users/avone/OneDrive/Desktop/HokkOS/HookSwap/packages/utilities/src/logger/logger.ts:57
[   16759ms] [INFO] INFO {context: Object} [Property: router_preference]: uniswapx @ http://localhost:3000/@fs/C:/Users/avone/OneDrive/Desktop/HokkOS/HookSwap/packages/utilities/src/logger/logger.ts:57
[   16759ms] [INFO] INFO {context: Object} [Property: testnet_mode_enabled]: false @ http://localhost:3000/@fs/C:/Users/avone/OneDrive/Desktop/HokkOS/HookSwap/packages/utilities/src/logger/logger.ts:57
[   17212ms] [ERROR] Failed to load resource: the server responded with a status of 401 () @ https://entry-gateway.backend-staging.api.uniswap.org/rpc/1:0
[   17215ms] [WARNING] Failed to decode downloaded font: http://localhost:3000/fonts/Basel-Grotesk-Medium.woff2 @ http://localhost:3000/node_modules/.vite/deps/chunk-APRIP6SE.js?v=0d3f4219:5018
[   17215ms] [WARNING] OTS parsing error: invalid sfntVersion: 1008813135 @ http://localhost:3000/node_modules/.vite/deps/chunk-APRIP6SE.js?v=0d3f4219:5018
[   17215ms] [WARNING] Failed to decode downloaded font: http://localhost:3000/fonts/Basel-Grotesk-Book.woff2 @ http://localhost:3000/node_modules/.vite/deps/chunk-APRIP6SE.js?v=0d3f4219:5018
[   17215ms] [WARNING] OTS parsing error: invalid sfntVersion: 1008813135 @ http://localhost:3000/node_modules/.vite/deps/chunk-APRIP6SE.js?v=0d3f4219:5018
[   17655ms] [INFO] INFO {context: Object} [Event: Session Init Completed] {need_challenge: true, duration_ms: -15449.59999999404, git_commit_hash: 9ed17066c95192873c6353c7f745d760f7641dce} @ http://localhost:3000/@fs/C:/Users/avone/OneDrive/Desktop/HokkOS/HookSwap/packages/utilities/src/logger/logger.ts:57
[   17656ms] [INFO] INFO {context: Object} Session init completed {needChallenge: true, durationMs: -15449.59999999404} @ http://localhost:3000/@fs/C:/Users/avone/OneDrive/Desktop/HokkOS/HookSwap/packages/utilities/src/logger/logger.ts:57
[   17661ms] [ERROR] Failed to load resource: the server responded with a status of 401 () @ https://entry-gateway.backend-staging.api.uniswap.org/rpc/1:0
[   17949ms] [LOG] [DEBUG] ethereum-provider request {method: eth_accounts} @ http://localhost:3000/node_modules/.vite/deps/chunk-K6AKYCO5.js?v=0d3f4219:629
[   17952ms] [WARNING] WARN {context: Object} RPC error {method: getBlockNumber, chainId: 1, durationMs: 2504, provider: unirpc, transport: ethers} @ http://localhost:3000/@fs/C:/Users/avone/OneDrive/Desktop/HokkOS/HookSwap/packages/utilities/src/logger/logger.ts:57
[   17953ms] [ERROR] WebSocket connection to 'wss://websockets.backend-staging.api.uniswap.org/' failed: HTTP Authentication failed; no valid credentials available @ http://localhost:3000/node_modules/.vite/deps/partysocket.js?v=28d847b2:346
[   18067ms] [WARNING] Failed to decode downloaded font: http://localhost:3000/fonts/Basel-Grotesk-Medium.woff2 @ http://localhost:3000/node_modules/.vite/deps/chunk-2QGBL2ZB.js?v=0d3f4219:727
[   18068ms] [WARNING] OTS parsing error: invalid sfntVersion: 1008813135 @ http://localhost:3000/node_modules/.vite/deps/chunk-2QGBL2ZB.js?v=0d3f4219:727
[   18069ms] [WARNING] Failed to decode downloaded font: http://localhost:3000/fonts/Basel-Grotesk-Book.woff2 @ http://localhost:3000/node_modules/.vite/deps/chunk-2QGBL2ZB.js?v=0d3f4219:727
[   18069ms] [WARNING] OTS parsing error: invalid sfntVersion: 1008813135 @ http://localhost:3000/node_modules/.vite/deps/chunk-2QGBL2ZB.js?v=0d3f4219:727
[   18294ms] [ERROR] Access to fetch at 'https://entry-gateway.backend-staging.api.uniswap.org/uniswap.compliancev2service.v1.compliancev2Service/FeatureGatedTokens' from origin 'http://localhost:3000' has been blocked by CORS policy: Response to preflight request doesn't pass access control check: It does not have HTTP ok status. @ http://localhost:3000/:0
[   18294ms] [ERROR] Failed to load resource: net::ERR_FAILED @ https://entry-gateway.backend-staging.api.uniswap.org/uniswap.compliancev2service.v1.compliancev2Service/FeatureGatedTokens:0
[   18302ms] [ERROR] Failed to load resource: the server responded with a status of 401 () @ https://entry-gateway.backend-staging.api.uniswap.org/rpc/1:0
[   18312ms] [ERROR] Failed to load resource: the server responded with a status of 401 () @ https://entry-gateway.backend-staging.api.uniswap.org/rpc/1:0
[   18338ms] [ERROR] Failed to load resource: the server responded with a status of 401 () @ https://entry-gateway.backend-staging.api.uniswap.org/rpc/1:0
[   18368ms] [WARNING] Failed to decode downloaded font: http://localhost:3000/fonts/Basel-Grotesk-Medium.woff2 @ http://localhost:3000/:0
[   18368ms] [WARNING] OTS parsing error: invalid sfntVersion: 1008813135 @ http://localhost:3000/:0
[   18368ms] [WARNING] Failed to decode downloaded font: http://localhost:3000/fonts/Basel-Grotesk-Book.woff2 @ http://localhost:3000/:0
[   18368ms] [WARNING] OTS parsing error: invalid sfntVersion: 1008813135 @ http://localhost:3000/:0
[   18403ms] [WARNING] WARN {context: Object} RPC error {method: getBlockNumber, chainId: 1, durationMs: 1644, provider: unirpc, transport: ethers} @ http://localhost:3000/@fs/C:/Users/avone/OneDrive/Desktop/HokkOS/HookSwap/packages/utilities/src/logger/logger.ts:57
[   18403ms] [WARNING] WARN {context: Object} RPC error {method: getBlockNumber, chainId: 1, durationMs: 1643, provider: unirpc, transport: ethers} @ http://localhost:3000/@fs/C:/Users/avone/OneDrive/Desktop/HokkOS/HookSwap/packages/utilities/src/logger/logger.ts:57
[   18406ms] [LOG] RWS> error event undefined @ http://localhost:3000/node_modules/.vite/deps/partysocket.js?v=28d847b2:257
[   18406ms] [LOG] RWS> removeListeners @ http://localhost:3000/node_modules/.vite/deps/partysocket.js?v=28d847b2:257
[   18407ms] [LOG] RWS> close event @ http://localhost:3000/node_modules/.vite/deps/partysocket.js?v=28d847b2:257
[   18407ms] [LOG] RWS> connect 1 @ http://localhost:3000/node_modules/.vite/deps/partysocket.js?v=28d847b2:257
[   18407ms] [LOG] RWS> removeListeners @ http://localhost:3000/node_modules/.vite/deps/partysocket.js?v=28d847b2:257
[   18407ms] [LOG] RWS> next delay 2721.685659212226 @ http://localhost:3000/node_modules/.vite/deps/partysocket.js?v=28d847b2:257
[   18407ms] [LOG] RWS> exec error listeners @ http://localhost:3000/node_modules/.vite/deps/partysocket.js?v=28d847b2:257
[   18407ms] [WARNING] WARN {context: Object} WebSocket error {error: Error: WebSocket error - check Network tab for details
    at ReconnectingWebSocket2.<anonymous> (h…} @ http://localhost:3000/@fs/C:/Users/avone/OneDrive/Desktop/HokkOS/HookSwap/packages/utilities/src/logger/logger.ts:57
[   18632ms] [WARNING] Failed to decode downloaded font: http://localhost:3000/fonts/Basel-Grotesk-Medium.woff2 @ http://localhost:3000/node_modules/.vite/deps/chunk-GIFLVW4N.js?v=0d3f4219:25539
[   18632ms] [WARNING] OTS parsing error: invalid sfntVersion: 1008813135 @ http://localhost:3000/node_modules/.vite/deps/chunk-GIFLVW4N.js?v=0d3f4219:25539
[   18633ms] [WARNING] Failed to decode downloaded font: http://localhost:3000/fonts/Basel-Grotesk-Book.woff2 @ http://localhost:3000/node_modules/.vite/deps/chunk-GIFLVW4N.js?v=0d3f4219:25539
[   18633ms] [WARNING] OTS parsing error: invalid sfntVersion: 1008813135 @ http://localhost:3000/node_modules/.vite/deps/chunk-GIFLVW4N.js?v=0d3f4219:25539
[   18637ms] [WARNING] Failed to decode downloaded font: http://localhost:3000/fonts/Basel-Grotesk-Medium.woff2 @ http://localhost:3000/node_modules/.vite/deps/chunk-2QGBL2ZB.js?v=0d3f4219:727
[   18638ms] [WARNING] OTS parsing error: invalid sfntVersion: 1008813135 @ http://localhost:3000/node_modules/.vite/deps/chunk-2QGBL2ZB.js?v=0d3f4219:727
[   18638ms] [WARNING] Failed to decode downloaded font: http://localhost:3000/fonts/Basel-Grotesk-Book.woff2 @ http://localhost:3000/node_modules/.vite/deps/chunk-2QGBL2ZB.js?v=0d3f4219:727
[   18638ms] [WARNING] OTS parsing error: invalid sfntVersion: 1008813135 @ http://localhost:3000/node_modules/.vite/deps/chunk-2QGBL2ZB.js?v=0d3f4219:727
[   18649ms] [INFO] INFO {context: Object} [Event: Application Loaded] {service_worker: uninstalled, cache: unknown, git_commit_hash: 9ed17066c95192873c6353c7f745d760f7641dce} @ http://localhost:3000/@fs/C:/Users/avone/OneDrive/Desktop/HokkOS/HookSwap/packages/utilities/src/logger/logger.ts:57
[   18650ms] [INFO] INFO {context: Object} [Event: Page Viewed] {page: landing-page, modal: sign-up-modal, git_commit_hash: 9ed17066c95192873c6353c7f745d760f7641dce} @ http://localhost:3000/@fs/C:/Users/avone/OneDrive/Desktop/HokkOS/HookSwap/packages/utilities/src/logger/logger.ts:57
[   18655ms] [INFO] INFO {context: Object} [Event: Page Viewed] {page: landing-page, git_commit_hash: 9ed17066c95192873c6353c7f745d760f7641dce} @ http://localhost:3000/@fs/C:/Users/avone/OneDrive/Desktop/HokkOS/HookSwap/packages/utilities/src/logger/logger.ts:57
[   18656ms] [WARNING] WARN {context: Object} `ScrollWatcher` already initialized. You should only call `initializeScrollWatcher` once. @ http://localhost:3000/@fs/C:/Users/avone/OneDrive/Desktop/HokkOS/HookSwap/packages/utilities/src/logger/logger.ts:57
[   18662ms] [WARNING] Failed to decode downloaded font: http://localhost:3000/fonts/Basel-Grotesk-Medium.woff2 @ http://localhost:3000/node_modules/.vite/deps/chunk-2QGBL2ZB.js?v=0d3f4219:727
[   18662ms] [WARNING] OTS parsing error: invalid sfntVersion: 1008813135 @ http://localhost:3000/node_modules/.vite/deps/chunk-2QGBL2ZB.js?v=0d3f4219:727
[   18663ms] [WARNING] Failed to decode downloaded font: http://localhost:3000/fonts/Basel-Grotesk-Book.woff2 @ http://localhost:3000/node_modules/.vite/deps/chunk-2QGBL2ZB.js?v=0d3f4219:727
[   18663ms] [WARNING] OTS parsing error: invalid sfntVersion: 1008813135 @ http://localhost:3000/node_modules/.vite/deps/chunk-2QGBL2ZB.js?v=0d3f4219:727
[   18667ms] [INFO] INFO {context: Object} [Event: Application Loaded] {service_worker: uninstalled, cache: unknown, git_commit_hash: 9ed17066c95192873c6353c7f745d760f7641dce} @ http://localhost:3000/@fs/C:/Users/avone/OneDrive/Desktop/HokkOS/HookSwap/packages/utilities/src/logger/logger.ts:57
[   18685ms] [WARNING] WARN {context: Object} `ScrollWatcher` already initialized. You should only call `initializeScrollWatcher` once. @ http://localhost:3000/@fs/C:/Users/avone/OneDrive/Desktop/HokkOS/HookSwap/packages/utilities/src/logger/logger.ts:57
[   18868ms] [LOG] RWS> connect 0 @ http://localhost:3000/node_modules/.vite/deps/partysocket.js?v=28d847b2:257
[   18869ms] [LOG] RWS> next delay 0 @ http://localhost:3000/node_modules/.vite/deps/partysocket.js?v=28d847b2:257
[   18878ms] [INFO] INFO {context: Object} Setting active chain id to 1 @ http://localhost:3000/@fs/C:/Users/avone/OneDrive/Desktop/HokkOS/HookSwap/packages/utilities/src/logger/logger.ts:57
[   18880ms] [INFO] INFO {context: Object} [Event: Page Viewed] {page: landing-page, section: swap-form, git_commit_hash: 9ed17066c95192873c6353c7f745d760f7641dce} @ http://localhost:3000/@fs/C:/Users/avone/OneDrive/Desktop/HokkOS/HookSwap/packages/utilities/src/logger/logger.ts:57
[   19015ms] [INFO] INFO {context: Object} [Property: uniswap_identifier]: ecde71ad-61c6-453e-b397-5c799f5bcaf7 @ http://localhost:3000/@fs/C:/Users/avone/OneDrive/Desktop/HokkOS/HookSwap/packages/utilities/src/logger/logger.ts:57
[   19015ms] [INFO] INFO {context: Object} [Property: user_agent]: Mozilla/5.0 (Windows NT 10.0; Win64; x64) AppleWebKit/537.36 (KHTML, like Gecko) Chrome/149.0.0.0 Safari/537.36 @ http://localhost:3000/@fs/C:/Users/avone/OneDrive/Desktop/HokkOS/HookSwap/packages/utilities/src/logger/logger.ts:57
[   19015ms] [INFO] INFO {context: Object} [Property: browser]: Google Chrome or Chromium @ http://localhost:3000/@fs/C:/Users/avone/OneDrive/Desktop/HokkOS/HookSwap/packages/utilities/src/logger/logger.ts:57
[   19016ms] [INFO] INFO {context: Object} [Property: screen_resolution_height]: 1080 @ http://localhost:3000/@fs/C:/Users/avone/OneDrive/Desktop/HokkOS/HookSwap/packages/utilities/src/logger/logger.ts:57
[   19016ms] [INFO] INFO {context: Object} [Property: screen_resolution_width]: 1920 @ http://localhost:3000/@fs/C:/Users/avone/OneDrive/Desktop/HokkOS/HookSwap/packages/utilities/src/logger/logger.ts:57
[   19016ms] [INFO] INFO {context: Object} [Property: git_commit_hash]: 9ed17066c95192873c6353c7f745d760f7641dce @ http://localhost:3000/@fs/C:/Users/avone/OneDrive/Desktop/HokkOS/HookSwap/packages/utilities/src/logger/logger.ts:57
[   19016ms] [INFO] INFO {context: Object} [Property: is_dark_mode]: false @ http://localhost:3000/@fs/C:/Users/avone/OneDrive/Desktop/HokkOS/HookSwap/packages/utilities/src/logger/logger.ts:57
[   19016ms] [INFO] INFO {context: Object} [Property: router_preference]: uniswapx @ http://localhost:3000/@fs/C:/Users/avone/OneDrive/Desktop/HokkOS/HookSwap/packages/utilities/src/logger/logger.ts:57
[   19016ms] [INFO] INFO {context: Object} [Property: testnet_mode_enabled]: false @ http://localhost:3000/@fs/C:/Users/avone/OneDrive/Desktop/HokkOS/HookSwap/packages/utilities/src/logger/logger.ts:57
[   19017ms] [INFO] INFO {context: Object} [Property: uniswap_identifier]: ecde71ad-61c6-453e-b397-5c799f5bcaf7 @ http://localhost:3000/@fs/C:/Users/avone/OneDrive/Desktop/HokkOS/HookSwap/packages/utilities/src/logger/logger.ts:57
[   19017ms] [INFO] INFO {context: Object} [Property: user_agent]: Mozilla/5.0 (Windows NT 10.0; Win64; x64) AppleWebKit/537.36 (KHTML, like Gecko) Chrome/149.0.0.0 Safari/537.36 @ http://localhost:3000/@fs/C:/Users/avone/OneDrive/Desktop/HokkOS/HookSwap/packages/utilities/src/logger/logger.ts:57
[   19018ms] [INFO] INFO {context: Object} [Property: browser]: Google Chrome or Chromium @ http://localhost:3000/@fs/C:/Users/avone/OneDrive/Desktop/HokkOS/HookSwap/packages/utilities/src/logger/logger.ts:57
[   19018ms] [INFO] INFO {context: Object} [Property: screen_resolution_height]: 1080 @ http://localhost:3000/@fs/C:/Users/avone/OneDrive/Desktop/HokkOS/HookSwap/packages/utilities/src/logger/logger.ts:57
[   19018ms] [INFO] INFO {context: Object} [Property: screen_resolution_width]: 1920 @ http://localhost:3000/@fs/C:/Users/avone/OneDrive/Desktop/HokkOS/HookSwap/packages/utilities/src/logger/logger.ts:57
[   19018ms] [INFO] INFO {context: Object} [Property: git_commit_hash]: 9ed17066c95192873c6353c7f745d760f7641dce @ http://localhost:3000/@fs/C:/Users/avone/OneDrive/Desktop/HokkOS/HookSwap/packages/utilities/src/logger/logger.ts:57
[   19018ms] [INFO] INFO {context: Object} [Property: is_dark_mode]: false @ http://localhost:3000/@fs/C:/Users/avone/OneDrive/Desktop/HokkOS/HookSwap/packages/utilities/src/logger/logger.ts:57
[   19018ms] [INFO] INFO {context: Object} [Property: router_preference]: uniswapx @ http://localhost:3000/@fs/C:/Users/avone/OneDrive/Desktop/HokkOS/HookSwap/packages/utilities/src/logger/logger.ts:57
[   19019ms] [INFO] INFO {context: Object} [Property: testnet_mode_enabled]: false @ http://localhost:3000/@fs/C:/Users/avone/OneDrive/Desktop/HokkOS/HookSwap/packages/utilities/src/logger/logger.ts:57
[   19285ms] [LOG] RWS> close: already closed @ http://localhost:3000/node_modules/.vite/deps/partysocket.js?v=28d847b2:257
[   19378ms] [ERROR] Failed to load resource: the server responded with a status of 401 () @ https://beta.trading-api-labs.interface.gateway.uniswap.org/v1/swappable_tokens?tokenIn=0x0000000000000000000000000000000000000000&tokenInChainId=1:0
[   19379ms] [INFO] INFO {context: Object} Session recovery started {tags: Object, extra: undefined} @ http://localhost:3000/@fs/C:/Users/avone/OneDrive/Desktop/HokkOS/HookSwap/packages/utilities/src/logger/logger.ts:57
[   19379ms] [INFO] INFO {context: Object} [Event: Session Init Started] {git_commit_hash: 9ed17066c95192873c6353c7f745d760f7641dce} @ http://localhost:3000/@fs/C:/Users/avone/OneDrive/Desktop/HokkOS/HookSwap/packages/utilities/src/logger/logger.ts:57
[   19379ms] [INFO] INFO {context: Object} Session init started @ http://localhost:3000/@fs/C:/Users/avone/OneDrive/Desktop/HokkOS/HookSwap/packages/utilities/src/logger/logger.ts:57
[   19381ms] [LOG] RWS> connect {url: wss://websockets.backend-staging.api.uniswap.org, protocols: Array(0)} @ http://localhost:3000/node_modules/.vite/deps/partysocket.js?v=28d847b2:257
[   19382ms] [LOG] RWS> addListeners @ http://localhost:3000/node_modules/.vite/deps/partysocket.js?v=28d847b2:257
[   19397ms] [INFO] INFO {context: Object} Session recovery started {tags: Object, extra: undefined} @ http://localhost:3000/@fs/C:/Users/avone/OneDrive/Desktop/HokkOS/HookSwap/packages/utilities/src/logger/logger.ts:57
[   19417ms] [INFO] INFO {context: Object} Session recovery started {tags: Object, extra: undefined} @ http://localhost:3000/@fs/C:/Users/avone/OneDrive/Desktop/HokkOS/HookSwap/packages/utilities/src/logger/logger.ts:57
[   19449ms] [INFO] INFO {context: Object} Session recovery started {tags: Object, extra: undefined} @ http://localhost:3000/@fs/C:/Users/avone/OneDrive/Desktop/HokkOS/HookSwap/packages/utilities/src/logger/logger.ts:57
[   19595ms] [ERROR] Failed to load resource: the server responded with a status of 401 () @ https://entry-gateway.backend-staging.api.uniswap.org/rpc/1:0
[   19595ms] [ERROR] Access to fetch at 'https://entry-gateway.backend-staging.api.uniswap.org/uniswap.compliancev2service.v1.compliancev2Service/FeatureGatedTokens' from origin 'http://localhost:3000' has been blocked by CORS policy: Response to preflight request doesn't pass access control check: It does not have HTTP ok status. @ http://localhost:3000/:0
[   19595ms] [ERROR] Failed to load resource: net::ERR_FAILED @ https://entry-gateway.backend-staging.api.uniswap.org/uniswap.compliancev2service.v1.compliancev2Service/FeatureGatedTokens:0
[   19596ms] [ERROR] Failed to load resource: the server responded with a status of 400 () @ https://entry-gateway.backend-staging.api.uniswap.org/uniswap.notificationservice.v1.NotificationService/GetNotifications:0
[   20049ms] [WARNING] WARN {context: Object} RPC error {method: getBlockNumber, chainId: 1, durationMs: 1033, provider: unirpc, transport: ethers} @ http://localhost:3000/@fs/C:/Users/avone/OneDrive/Desktop/HokkOS/HookSwap/packages/utilities/src/logger/logger.ts:57
[   20049ms] [WARNING] WARN {context: Object} RPC error {method: getBlockNumber, chainId: 1, durationMs: 1030, provider: unirpc, transport: ethers} @ http://localhost:3000/@fs/C:/Users/avone/OneDrive/Desktop/HokkOS/HookSwap/packages/utilities/src/logger/logger.ts:57
[   20049ms] [ERROR] Error: Failed to fetch notifications: Response status: 400
    at Object.getNotifications (http://localhost:3000/@fs/C:/Users/avone/OneDrive/Desktop/HokkOS/HookSwap/packages/api/src/clients/notifications/createNotificationsApiClient.ts:20:13)
    at async queryFn (http://localhost:3000/@fs/C:/Users/avone/OneDrive/Desktop/HokkOS/HookSwap/packages/notifications/src/notification-data-source/getNotificationQueryOptions.ts:25:26) {tags: Object} @ http://localhost:3000/src/utils/setupTurnstileCSPErrorFilter.ts:29
[   20128ms] [ERROR] WebSocket connection to 'wss://websockets.backend-staging.api.uniswap.org/' failed: HTTP Authentication failed; no valid credentials available @ http://localhost:3000/node_modules/.vite/deps/partysocket.js?v=28d847b2:346
[   20156ms] [INFO] INFO {context: Object} [Event: Session Init Completed] {need_challenge: true, duration_ms: 777.0999999940395, git_commit_hash: 9ed17066c95192873c6353c7f745d760f7641dce} @ http://localhost:3000/@fs/C:/Users/avone/OneDrive/Desktop/HokkOS/HookSwap/packages/utilities/src/logger/logger.ts:57
[   20156ms] [INFO] INFO {context: Object} Session init completed {needChallenge: true, durationMs: 777.0999999940395} @ http://localhost:3000/@fs/C:/Users/avone/OneDrive/Desktop/HokkOS/HookSwap/packages/utilities/src/logger/logger.ts:57
[   20283ms] [LOG] RWS> error event undefined @ http://localhost:3000/node_modules/.vite/deps/partysocket.js?v=28d847b2:257
[   20283ms] [LOG] RWS> removeListeners @ http://localhost:3000/node_modules/.vite/deps/partysocket.js?v=28d847b2:257
[   20283ms] [LOG] RWS> close event @ http://localhost:3000/node_modules/.vite/deps/partysocket.js?v=28d847b2:257
[   20283ms] [LOG] RWS> connect 1 @ http://localhost:3000/node_modules/.vite/deps/partysocket.js?v=28d847b2:257
[   20283ms] [LOG] RWS> removeListeners @ http://localhost:3000/node_modules/.vite/deps/partysocket.js?v=28d847b2:257
[   20283ms] [LOG] RWS> next delay 1899.6432468997054 @ http://localhost:3000/node_modules/.vite/deps/partysocket.js?v=28d847b2:257
[   20283ms] [LOG] RWS> exec error listeners @ http://localhost:3000/node_modules/.vite/deps/partysocket.js?v=28d847b2:257
[   20283ms] [WARNING] WARN {context: Object} WebSocket error {error: Error: WebSocket error - check Network tab for details
    at ReconnectingWebSocket2.<anonymous> (h…} @ http://localhost:3000/@fs/C:/Users/avone/OneDrive/Desktop/HokkOS/HookSwap/packages/utilities/src/logger/logger.ts:57
[   20346ms] [ERROR] Failed to load resource: the server responded with a status of 400 () @ https://entry-gateway.backend-staging.api.uniswap.org/uniswap.platformservice.v1.SessionService/Challenge:0
[   21222ms] [WARNING] Failed to decode downloaded font: http://localhost:3000/fonts/Basel-Grotesk-Medium.woff2 @ http://localhost:3000/node_modules/.vite/deps/sonner.js?v=cdf7d211:239
[   21223ms] [WARNING] OTS parsing error: invalid sfntVersion: 1008813135 @ http://localhost:3000/node_modules/.vite/deps/sonner.js?v=cdf7d211:239
[   21223ms] [WARNING] Failed to decode downloaded font: http://localhost:3000/fonts/Basel-Grotesk-Book.woff2 @ http://localhost:3000/node_modules/.vite/deps/sonner.js?v=cdf7d211:239
[   21223ms] [WARNING] OTS parsing error: invalid sfntVersion: 1008813135 @ http://localhost:3000/node_modules/.vite/deps/sonner.js?v=cdf7d211:239
[   21564ms] [INFO] INFO {context: Object} [Event: Session Init Started] {git_commit_hash: 9ed17066c95192873c6353c7f745d760f7641dce} @ http://localhost:3000/@fs/C:/Users/avone/OneDrive/Desktop/HokkOS/HookSwap/packages/utilities/src/logger/logger.ts:57
[   21565ms] [INFO] INFO {context: Object} Session init started @ http://localhost:3000/@fs/C:/Users/avone/OneDrive/Desktop/HokkOS/HookSwap/packages/utilities/src/logger/logger.ts:57
[   22102ms] [WARNING] Failed to decode downloaded font: http://localhost:3000/fonts/Basel-Grotesk-Medium.woff2 @ http://localhost:3000/node_modules/.vite/deps/sonner.js?v=cdf7d211:239
[   22102ms] [WARNING] OTS parsing error: invalid sfntVersion: 1008813135 @ http://localhost:3000/node_modules/.vite/deps/sonner.js?v=cdf7d211:239
[   22102ms] [WARNING] Failed to decode downloaded font: http://localhost:3000/fonts/Basel-Grotesk-Book.woff2 @ http://localhost:3000/node_modules/.vite/deps/sonner.js?v=cdf7d211:239
[   22102ms] [WARNING] OTS parsing error: invalid sfntVersion: 1008813135 @ http://localhost:3000/node_modules/.vite/deps/sonner.js?v=cdf7d211:239
[   22123ms] [WARNING] Lit is in dev mode. Not recommended for production! See https://lit.dev/msg/dev-mode for more information. @ http://localhost:3000/node_modules/.vite/deps/chunk-UHGVI6XG.js?v=0d3f4219:39
[   22147ms] [ERROR] Failed to load resource: the server responded with a status of 403 () @ https://api.web3modal.org/appkit/v1/config?projectId=hookswap_dev_placeholder&st=appkit&sv=html-core-1.7.8:0
[   22148ms] [WARNING] [Reown Config] Failed to fetch remote project configuration. Using local/default values. Error: HTTP status code: 403
    at fetchData (http://localhost:3000/node_modules/.vite/deps/chunk-EQ4LTIO5.js?v=0d3f4219:3440:17)
    at async FetchUtil.get (http://localhost:3000/node_modules/.vite/deps/chunk-EQ4LTIO5.js?v=0d3f4219:3454:22)
    at async Object.fetchProjectConfig (http://localhost:3000/node_modules/.vite/deps/chunk-EQ4LTIO5.js?v=0d3f4219:6589:22)
    at async Object.fetchRemoteFeatures (http://localhost:3000/node_modules/.vite/deps/core-746JKTGC.js?v=0d3f4219:1073:26)
    at async AppKit.initialize (http://localhost:3000/node_modules/.vite/deps/core-746JKTGC.js?v=0d3f4219:1271:27) @ http://localhost:3000/node_modules/.vite/deps/core-746JKTGC.js?v=0d3f4219:1075
[   22337ms] [LOG] RWS> connect {url: wss://websockets.backend-staging.api.uniswap.org, protocols: Array(0)} @ http://localhost:3000/node_modules/.vite/deps/partysocket.js?v=28d847b2:257
[   22337ms] [LOG] RWS> addListeners @ http://localhost:3000/node_modules/.vite/deps/partysocket.js?v=28d847b2:257
[   22381ms] [WARNING] styled-components: it looks like an unknown prop "live" is being sent through to the DOM, which will likely trigger a React console error. If you would like automatic filtering of unknown props, you can opt-into that behavior via `<StyleSheetManager shouldForwardProp={...}>` (connect an API like `@emotion/is-prop-valid`) or consider using transient props (`$` prefix for automatic filtering.) @ http://localhost:3000/node_modules/.vite/deps/chunk-HPGWUDCK.js?v=0d3f4219:1256
[   22385ms] [ERROR] Received `%s` for a non-boolean attribute `%s`.

If you want to write it to the DOM, pass a string instead: %s="%s" or %s={value.toString()}. true live live true live @ http://localhost:3000/src/utils/setupTurnstileCSPErrorFilter.ts:29
[   22387ms] [WARNING] Failed to decode downloaded font: http://localhost:3000/fonts/Basel-Grotesk-Medium.woff2 @ http://localhost:3000/:0
[   22387ms] [WARNING] OTS parsing error: invalid sfntVersion: 1008813135 @ http://localhost:3000/:0
[   22387ms] [WARNING] Failed to decode downloaded font: http://localhost:3000/fonts/Basel-Grotesk-Book.woff2 @ http://localhost:3000/:0
[   22387ms] [WARNING] OTS parsing error: invalid sfntVersion: 1008813135 @ http://localhost:3000/:0
[   22462ms] [INFO] INFO {context: Object} [Event: Web Vitals] {service_worker: uninstalled, cache: unknown, first_contentful_paint_ms: 22312, git_commit_hash: 9ed17066c95192873c6353c7f745d760f7641dce} @ http://localhost:3000/@fs/C:/Users/avone/OneDrive/Desktop/HokkOS/HookSwap/packages/utilities/src/logger/logger.ts:57
[   22462ms] [INFO] INFO {context: Object} [Event: Web Vitals] {service_worker: uninstalled, cache: unknown, first_contentful_paint_ms: 22312, git_commit_hash: 9ed17066c95192873c6353c7f745d760f7641dce} @ http://localhost:3000/@fs/C:/Users/avone/OneDrive/Desktop/HokkOS/HookSwap/packages/utilities/src/logger/logger.ts:57
[   22462ms] [INFO] INFO {context: Object} [Event: Web Vitals] {service_worker: uninstalled, cache: unknown, first_contentful_paint_ms: 22312, git_commit_hash: 9ed17066c95192873c6353c7f745d760f7641dce} @ http://localhost:3000/@fs/C:/Users/avone/OneDrive/Desktop/HokkOS/HookSwap/packages/utilities/src/logger/logger.ts:57
[   22462ms] [INFO] INFO {context: Object} [Event: Web Vitals] {service_worker: uninstalled, cache: unknown, first_contentful_paint_ms: 22312, git_commit_hash: 9ed17066c95192873c6353c7f745d760f7641dce} @ http://localhost:3000/@fs/C:/Users/avone/OneDrive/Desktop/HokkOS/HookSwap/packages/utilities/src/logger/logger.ts:57
[   22463ms] [INFO] INFO {context: Object} [Event: Web Vitals] {service_worker: uninstalled, cache: unknown, first_contentful_paint_ms: 22312, git_commit_hash: 9ed17066c95192873c6353c7f745d760f7641dce} @ http://localhost:3000/@fs/C:/Users/avone/OneDrive/Desktop/HokkOS/HookSwap/packages/utilities/src/logger/logger.ts:57
[   22683ms] [INFO] INFO {context: Object} [Event: Session Init Completed] {need_challenge: true, duration_ms: 1119.1000000238419, git_commit_hash: 9ed17066c95192873c6353c7f745d760f7641dce} @ http://localhost:3000/@fs/C:/Users/avone/OneDrive/Desktop/HokkOS/HookSwap/packages/utilities/src/logger/logger.ts:57
[   22684ms] [INFO] INFO {context: Object} Session init completed {needChallenge: true, durationMs: 1119.1000000238419} @ http://localhost:3000/@fs/C:/Users/avone/OneDrive/Desktop/HokkOS/HookSwap/packages/utilities/src/logger/logger.ts:57
[   22763ms] [WARNING] Failed to decode downloaded font: http://localhost:3000/fonts/Basel-Grotesk-Medium.woff2 @ http://localhost:3000/node_modules/.vite/deps/chunk-2QGBL2ZB.js?v=0d3f4219:727
[   22764ms] [WARNING] OTS parsing error: invalid sfntVersion: 1008813135 @ http://localhost:3000/node_modules/.vite/deps/chunk-2QGBL2ZB.js?v=0d3f4219:727
[   22764ms] [WARNING] Failed to decode downloaded font: http://localhost:3000/fonts/Basel-Grotesk-Book.woff2 @ http://localhost:3000/node_modules/.vite/deps/chunk-2QGBL2ZB.js?v=0d3f4219:727
[   22764ms] [WARNING] OTS parsing error: invalid sfntVersion: 1008813135 @ http://localhost:3000/node_modules/.vite/deps/chunk-2QGBL2ZB.js?v=0d3f4219:727
[   22909ms] [WARNING] Failed to decode downloaded font: http://localhost:3000/fonts/Basel-Grotesk-Medium.woff @ http://localhost:3000/:0
[   22909ms] [WARNING] OTS parsing error: invalid sfntVersion: 1008813135 @ http://localhost:3000/:0
[   22909ms] [WARNING] Failed to decode downloaded font: http://localhost:3000/fonts/Basel-Grotesk-Medium.woff @ http://localhost:3000/:0
[   22909ms] [WARNING] OTS parsing error: invalid sfntVersion: 1008813135 @ http://localhost:3000/:0
[   22909ms] [WARNING] Failed to decode downloaded font: http://localhost:3000/fonts/Basel-Grotesk-Medium.woff @ http://localhost:3000/:0
[   22909ms] [WARNING] OTS parsing error: invalid sfntVersion: 1008813135 @ http://localhost:3000/:0
[   22909ms] [WARNING] Failed to decode downloaded font: http://localhost:3000/fonts/Basel-Grotesk-Medium.woff @ http://localhost:3000/:0
[   22909ms] [WARNING] OTS parsing error: invalid sfntVersion: 1008813135 @ http://localhost:3000/:0
[   22909ms] [WARNING] Failed to decode downloaded font: http://localhost:3000/fonts/Basel-Grotesk-Medium.woff @ http://localhost:3000/:0
[   22909ms] [WARNING] OTS parsing error: invalid sfntVersion: 1008813135 @ http://localhost:3000/:0
[   22909ms] [WARNING] Failed to decode downloaded font: http://localhost:3000/fonts/Basel-Grotesk-Medium.woff @ http://localhost:3000/:0
[   22909ms] [WARNING] OTS parsing error: invalid sfntVersion: 1008813135 @ http://localhost:3000/:0
[   22909ms] [WARNING] Failed to decode downloaded font: http://localhost:3000/fonts/Basel-Grotesk-Medium.woff @ http://localhost:3000/:0
[   22909ms] [WARNING] OTS parsing error: invalid sfntVersion: 1008813135 @ http://localhost:3000/:0
[   22909ms] [WARNING] Failed to decode downloaded font: http://localhost:3000/fonts/Basel-Grotesk-Medium.woff @ http://localhost:3000/:0
[   22909ms] [WARNING] OTS parsing error: invalid sfntVersion: 1008813135 @ http://localhost:3000/:0
[   22909ms] [WARNING] Failed to decode downloaded font: http://localhost:3000/fonts/Basel-Grotesk-Medium.woff @ http://localhost:3000/:0
[   22909ms] [WARNING] OTS parsing error: invalid sfntVersion: 1008813135 @ http://localhost:3000/:0
[   22909ms] [WARNING] Failed to decode downloaded font: http://localhost:3000/fonts/Basel-Grotesk-Medium.woff @ http://localhost:3000/:0
[   22909ms] [WARNING] OTS parsing error: invalid sfntVersion: 1008813135 @ http://localhost:3000/:0
[   22909ms] [WARNING] Failed to decode downloaded font: http://localhost:3000/fonts/Basel-Grotesk-Medium.woff @ http://localhost:3000/:0
[   22909ms] [WARNING] OTS parsing error: invalid sfntVersion: 1008813135 @ http://localhost:3000/:0
[   22909ms] [WARNING] Failed to decode downloaded font: http://localhost:3000/fonts/Basel-Grotesk-Medium.woff @ http://localhost:3000/:0
[   22909ms] [WARNING] OTS parsing error: invalid sfntVersion: 1008813135 @ http://localhost:3000/:0
[   22909ms] [WARNING] Failed to decode downloaded font: http://localhost:3000/fonts/Basel-Grotesk-Medium.woff @ http://localhost:3000/:0
[   22909ms] [WARNING] OTS parsing error: invalid sfntVersion: 1008813135 @ http://localhost:3000/:0
[   22909ms] [WARNING] Failed to decode downloaded font: http://localhost:3000/fonts/Basel-Grotesk-Medium.woff @ http://localhost:3000/:0
[   22909ms] [WARNING] OTS parsing error: invalid sfntVersion: 1008813135 @ http://localhost:3000/:0
[   22909ms] [WARNING] Failed to decode downloaded font: http://localhost:3000/fonts/Basel-Grotesk-Medium.woff @ http://localhost:3000/:0
[   22909ms] [WARNING] OTS parsing error: invalid sfntVersion: 1008813135 @ http://localhost:3000/:0
[   22909ms] [WARNING] Failed to decode downloaded font: http://localhost:3000/fonts/Basel-Grotesk-Medium.woff @ http://localhost:3000/:0
[   22909ms] [WARNING] OTS parsing error: invalid sfntVersion: 1008813135 @ http://localhost:3000/:0
[   22909ms] [WARNING] Failed to decode downloaded font: http://localhost:3000/fonts/Basel-Grotesk-Medium.woff @ http://localhost:3000/:0
[   22909ms] [WARNING] OTS parsing error: invalid sfntVersion: 1008813135 @ http://localhost:3000/:0
[   22909ms] [WARNING] Failed to decode downloaded font: http://localhost:3000/fonts/Basel-Grotesk-Medium.woff @ http://localhost:3000/:0
[   22909ms] [WARNING] OTS parsing error: invalid sfntVersion: 1008813135 @ http://localhost:3000/:0
[   22909ms] [WARNING] Failed to decode downloaded font: http://localhost:3000/fonts/Basel-Grotesk-Medium.woff @ http://localhost:3000/:0
[   22909ms] [WARNING] OTS parsing error: invalid sfntVersion: 1008813135 @ http://localhost:3000/:0
[   22914ms] [WARNING] Failed to decode downloaded font: http://localhost:3000/fonts/Basel-Grotesk-Book.woff @ http://localhost:3000/:0
[   22914ms] [WARNING] OTS parsing error: invalid sfntVersion: 1008813135 @ http://localhost:3000/:0
[   22914ms] [WARNING] Failed to decode downloaded font: http://localhost:3000/fonts/Basel-Grotesk-Book.woff @ http://localhost:3000/:0
[   22914ms] [WARNING] OTS parsing error: invalid sfntVersion: 1008813135 @ http://localhost:3000/:0
[   22914ms] [WARNING] Failed to decode downloaded font: http://localhost:3000/fonts/Basel-Grotesk-Book.woff @ http://localhost:3000/:0
[   22914ms] [WARNING] OTS parsing error: invalid sfntVersion: 1008813135 @ http://localhost:3000/:0
[   22914ms] [WARNING] Failed to decode downloaded font: http://localhost:3000/fonts/Basel-Grotesk-Book.woff @ http://localhost:3000/:0
[   22914ms] [WARNING] OTS parsing error: invalid sfntVersion: 1008813135 @ http://localhost:3000/:0
[   22914ms] [WARNING] Failed to decode downloaded font: http://localhost:3000/fonts/Basel-Grotesk-Book.woff @ http://localhost:3000/:0
[   22914ms] [WARNING] OTS parsing error: invalid sfntVersion: 1008813135 @ http://localhost:3000/:0
[   22914ms] [WARNING] Failed to decode downloaded font: http://localhost:3000/fonts/Basel-Grotesk-Book.woff @ http://localhost:3000/:0
[   22914ms] [WARNING] OTS parsing error: invalid sfntVersion: 1008813135 @ http://localhost:3000/:0
[   22914ms] [WARNING] Failed to decode downloaded font: http://localhost:3000/fonts/Basel-Grotesk-Book.woff @ http://localhost:3000/:0
[   22914ms] [WARNING] OTS parsing error: invalid sfntVersion: 1008813135 @ http://localhost:3000/:0
[   22914ms] [WARNING] Failed to decode downloaded font: http://localhost:3000/fonts/Basel-Grotesk-Book.woff @ http://localhost:3000/:0
[   22914ms] [WARNING] OTS parsing error: invalid sfntVersion: 1008813135 @ http://localhost:3000/:0
[   22914ms] [WARNING] Failed to decode downloaded font: http://localhost:3000/fonts/Basel-Grotesk-Book.woff @ http://localhost:3000/:0
[   22914ms] [WARNING] OTS parsing error: invalid sfntVersion: 1008813135 @ http://localhost:3000/:0
[   22914ms] [WARNING] Failed to decode downloaded font: http://localhost:3000/fonts/Basel-Grotesk-Book.woff @ http://localhost:3000/:0
[   22914ms] [WARNING] OTS parsing error: invalid sfntVersion: 1008813135 @ http://localhost:3000/:0
[   22914ms] [WARNING] Failed to decode downloaded font: http://localhost:3000/fonts/Basel-Grotesk-Book.woff @ http://localhost:3000/:0
[   22914ms] [WARNING] OTS parsing error: invalid sfntVersion: 1008813135 @ http://localhost:3000/:0
[   22914ms] [WARNING] Failed to decode downloaded font: http://localhost:3000/fonts/Basel-Grotesk-Book.woff @ http://localhost:3000/:0
[   22914ms] [WARNING] OTS parsing error: invalid sfntVersion: 1008813135 @ http://localhost:3000/:0
[   22914ms] [WARNING] Failed to decode downloaded font: http://localhost:3000/fonts/Basel-Grotesk-Book.woff @ http://localhost:3000/:0
[   22914ms] [WARNING] OTS parsing error: invalid sfntVersion: 1008813135 @ http://localhost:3000/:0
[   22914ms] [WARNING] Failed to decode downloaded font: http://localhost:3000/fonts/Basel-Grotesk-Book.woff @ http://localhost:3000/:0
[   22914ms] [WARNING] OTS parsing error: invalid sfntVersion: 1008813135 @ http://localhost:3000/:0
[   22914ms] [WARNING] Failed to decode downloaded font: http://localhost:3000/fonts/Basel-Grotesk-Book.woff @ http://localhost:3000/:0
[   22914ms] [WARNING] OTS parsing error: invalid sfntVersion: 1008813135 @ http://localhost:3000/:0
[   22914ms] [WARNING] Failed to decode downloaded font: http://localhost:3000/fonts/Basel-Grotesk-Book.woff @ http://localhost:3000/:0
[   22914ms] [WARNING] OTS parsing error: invalid sfntVersion: 1008813135 @ http://localhost:3000/:0
[   22914ms] [WARNING] Failed to decode downloaded font: http://localhost:3000/fonts/Basel-Grotesk-Book.woff @ http://localhost:3000/:0
[   22914ms] [WARNING] OTS parsing error: invalid sfntVersion: 1008813135 @ http://localhost:3000/:0
[   22914ms] [WARNING] Failed to decode downloaded font: http://localhost:3000/fonts/Basel-Grotesk-Book.woff @ http://localhost:3000/:0
[   22914ms] [WARNING] OTS parsing error: invalid sfntVersion: 1008813135 @ http://localhost:3000/:0
[   22914ms] [WARNING] Failed to decode downloaded font: http://localhost:3000/fonts/Basel-Grotesk-Book.woff @ http://localhost:3000/:0
[   22914ms] [WARNING] OTS parsing error: invalid sfntVersion: 1008813135 @ http://localhost:3000/:0
[   23313ms] [ERROR] Failed to load resource: the server responded with a status of 400 () @ https://entry-gateway.backend-staging.api.uniswap.org/uniswap.platformservice.v1.SessionService/Challenge:0
[   23930ms] [LOG] Download the Apollo DevTools for a better development experience: %s https://chrome.google.com/webstore/detail/apollo-client-developer-t/jdkknkkbebbapilgoeccciglkfbmbnfm @ http://localhost:3000/node_modules/.vite/deps/chunk-YA23BSTC.js?v=0d3f4219:97
[   24344ms] [ERROR] WebSocket connection to 'wss://websockets.backend-staging.api.uniswap.org/' failed: HTTP Authentication failed; no valid credentials available @ http://localhost:3000/node_modules/.vite/deps/partysocket.js?v=28d847b2:346
[   24344ms] [LOG] RWS> error event undefined @ http://localhost:3000/node_modules/.vite/deps/partysocket.js?v=28d847b2:257
[   24344ms] [LOG] RWS> removeListeners @ http://localhost:3000/node_modules/.vite/deps/partysocket.js?v=28d847b2:257
[   24344ms] [LOG] RWS> close event @ http://localhost:3000/node_modules/.vite/deps/partysocket.js?v=28d847b2:257
[   24344ms] [LOG] RWS> connect 2 @ http://localhost:3000/node_modules/.vite/deps/partysocket.js?v=28d847b2:257
[   24344ms] [LOG] RWS> removeListeners @ http://localhost:3000/node_modules/.vite/deps/partysocket.js?v=28d847b2:257
[   24345ms] [LOG] RWS> next delay 2469.5362209696173 @ http://localhost:3000/node_modules/.vite/deps/partysocket.js?v=28d847b2:257
[   24345ms] [LOG] RWS> exec error listeners @ http://localhost:3000/node_modules/.vite/deps/partysocket.js?v=28d847b2:257
[   24345ms] [WARNING] WARN {context: Object} WebSocket error {error: Error: WebSocket error - check Network tab for details
    at ReconnectingWebSocket2.<anonymous> (h…} @ http://localhost:3000/@fs/C:/Users/avone/OneDrive/Desktop/HokkOS/HookSwap/packages/utilities/src/logger/logger.ts:57
[   25318ms] [INFO] INFO {context: Object} [Event: Session Init Started] {git_commit_hash: 9ed17066c95192873c6353c7f745d760f7641dce} @ http://localhost:3000/@fs/C:/Users/avone/OneDrive/Desktop/HokkOS/HookSwap/packages/utilities/src/logger/logger.ts:57
[   25318ms] [INFO] INFO {context: Object} Session init started @ http://localhost:3000/@fs/C:/Users/avone/OneDrive/Desktop/HokkOS/HookSwap/packages/utilities/src/logger/logger.ts:57
[   26052ms] [INFO] INFO {context: Object} [Event: Session Init Completed] {need_challenge: true, duration_ms: 734.4000000059605, git_commit_hash: 9ed17066c95192873c6353c7f745d760f7641dce} @ http://localhost:3000/@fs/C:/Users/avone/OneDrive/Desktop/HokkOS/HookSwap/packages/utilities/src/logger/logger.ts:57
[   26052ms] [INFO] INFO {context: Object} Session init completed {needChallenge: true, durationMs: 734.4000000059605} @ http://localhost:3000/@fs/C:/Users/avone/OneDrive/Desktop/HokkOS/HookSwap/packages/utilities/src/logger/logger.ts:57
[   26185ms] [ERROR] Failed to load resource: the server responded with a status of 400 () @ https://entry-gateway.backend-staging.api.uniswap.org/uniswap.platformservice.v1.SessionService/Challenge:0
[   26469ms] [ERROR] Failed to load resource: the server responded with a status of 400 () @ https://pulse.walletconnect.org/e?projectId=hookswap_dev_placeholder&st=appkit&sv=html-core-1.7.8:0
[   26820ms] [LOG] RWS> connect {url: wss://websockets.backend-staging.api.uniswap.org, protocols: Array(0)} @ http://localhost:3000/node_modules/.vite/deps/partysocket.js?v=28d847b2:257
[   26820ms] [LOG] RWS> addListeners @ http://localhost:3000/node_modules/.vite/deps/partysocket.js?v=28d847b2:257
[   27062ms] [ERROR] WebSocket connection to 'wss://websockets.backend-staging.api.uniswap.org/' failed: HTTP Authentication failed; no valid credentials available @ http://localhost:3000/node_modules/.vite/deps/partysocket.js?v=28d847b2:346
[   27062ms] [LOG] RWS> error event undefined @ http://localhost:3000/node_modules/.vite/deps/partysocket.js?v=28d847b2:257
[   27062ms] [LOG] RWS> removeListeners @ http://localhost:3000/node_modules/.vite/deps/partysocket.js?v=28d847b2:257
[   27062ms] [LOG] RWS> close event @ http://localhost:3000/node_modules/.vite/deps/partysocket.js?v=28d847b2:257
[   27062ms] [LOG] RWS> connect 3 @ http://localhost:3000/node_modules/.vite/deps/partysocket.js?v=28d847b2:257
[   27062ms] [LOG] RWS> removeListeners @ http://localhost:3000/node_modules/.vite/deps/partysocket.js?v=28d847b2:257
[   27062ms] [LOG] RWS> next delay 3210.3970872605023 @ http://localhost:3000/node_modules/.vite/deps/partysocket.js?v=28d847b2:257
[   27062ms] [LOG] RWS> exec error listeners @ http://localhost:3000/node_modules/.vite/deps/partysocket.js?v=28d847b2:257
[   27063ms] [WARNING] WARN {context: Object} WebSocket error {error: Error: WebSocket error - check Network tab for details
    at ReconnectingWebSocket2.<anonymous> (h…} @ http://localhost:3000/@fs/C:/Users/avone/OneDrive/Desktop/HokkOS/HookSwap/packages/utilities/src/logger/logger.ts:57
[   30192ms] [INFO] INFO {context: Object} [Event: Session Init Started] {git_commit_hash: 9ed17066c95192873c6353c7f745d760f7641dce} @ http://localhost:3000/@fs/C:/Users/avone/OneDrive/Desktop/HokkOS/HookSwap/packages/utilities/src/logger/logger.ts:57
[   30192ms] [INFO] INFO {context: Object} Session init started @ http://localhost:3000/@fs/C:/Users/avone/OneDrive/Desktop/HokkOS/HookSwap/packages/utilities/src/logger/logger.ts:57
[   30284ms] [LOG] RWS> connect {url: wss://websockets.backend-staging.api.uniswap.org, protocols: Array(0)} @ http://localhost:3000/node_modules/.vite/deps/partysocket.js?v=28d847b2:257
[   30284ms] [LOG] RWS> addListeners @ http://localhost:3000/node_modules/.vite/deps/partysocket.js?v=28d847b2:257
[   30766ms] [INFO] INFO {context: Object} [Event: Session Init Completed] {need_challenge: true, duration_ms: 573.8999999761581, git_commit_hash: 9ed17066c95192873c6353c7f745d760f7641dce} @ http://localhost:3000/@fs/C:/Users/avone/OneDrive/Desktop/HokkOS/HookSwap/packages/utilities/src/logger/logger.ts:57
[   30766ms] [INFO] INFO {context: Object} Session init completed {needChallenge: true, durationMs: 573.8999999761581} @ http://localhost:3000/@fs/C:/Users/avone/OneDrive/Desktop/HokkOS/HookSwap/packages/utilities/src/logger/logger.ts:57
[   30907ms] [ERROR] Failed to load resource: the server responded with a status of 400 () @ https://entry-gateway.backend-staging.api.uniswap.org/uniswap.platformservice.v1.SessionService/Challenge:0
[   30961ms] [ERROR] WebSocket connection to 'wss://websockets.backend-staging.api.uniswap.org/' failed: HTTP Authentication failed; no valid credentials available @ http://localhost:3000/node_modules/.vite/deps/partysocket.js?v=28d847b2:346
[   30961ms] [LOG] RWS> error event undefined @ http://localhost:3000/node_modules/.vite/deps/partysocket.js?v=28d847b2:257
[   30961ms] [LOG] RWS> removeListeners @ http://localhost:3000/node_modules/.vite/deps/partysocket.js?v=28d847b2:257
[   30961ms] [LOG] RWS> close event @ http://localhost:3000/node_modules/.vite/deps/partysocket.js?v=28d847b2:257
[   30961ms] [LOG] RWS> connect 4 @ http://localhost:3000/node_modules/.vite/deps/partysocket.js?v=28d847b2:257
[   30961ms] [LOG] RWS> removeListeners @ http://localhost:3000/node_modules/.vite/deps/partysocket.js?v=28d847b2:257
[   30961ms] [LOG] RWS> next delay 4173.516213438653 @ http://localhost:3000/node_modules/.vite/deps/partysocket.js?v=28d847b2:257
[   30961ms] [LOG] RWS> exec error listeners @ http://localhost:3000/node_modules/.vite/deps/partysocket.js?v=28d847b2:257
[   30961ms] [WARNING] WARN {context: Object} WebSocket error {error: Error: WebSocket error - check Network tab for details
    at ReconnectingWebSocket2.<anonymous> (h…} @ http://localhost:3000/@fs/C:/Users/avone/OneDrive/Desktop/HokkOS/HookSwap/packages/utilities/src/logger/logger.ts:57
[   31398ms] [ERROR] Failed to load resource: the server responded with a status of 401 () @ https://beta.trading-api-labs.interface.gateway.uniswap.org/v1/swappable_tokens?tokenIn=0x0000000000000000000000000000000000000000&tokenInChainId=1:0
[   31398ms] [WARNING] WARN {context: Object} Session-gated retry still failed {tags: Object, extra: Object} @ http://localhost:3000/@fs/C:/Users/avone/OneDrive/Desktop/HokkOS/HookSwap/packages/utilities/src/logger/logger.ts:57
[   31540ms] [ERROR] Failed to load resource: the server responded with a status of 401 () @ https://entry-gateway.backend-staging.api.uniswap.org/rpc/1:0
[   31541ms] [WARNING] WARN {context: Object} Session-gated retry still failed {tags: Object, extra: Object} @ http://localhost:3000/@fs/C:/Users/avone/OneDrive/Desktop/HokkOS/HookSwap/packages/utilities/src/logger/logger.ts:57
[   31541ms] [INFO] INFO {context: Object} [Event: Session Init Started] {git_commit_hash: 9ed17066c95192873c6353c7f745d760f7641dce} @ http://localhost:3000/@fs/C:/Users/avone/OneDrive/Desktop/HokkOS/HookSwap/packages/utilities/src/logger/logger.ts:57
[   31541ms] [INFO] INFO {context: Object} Session init started @ http://localhost:3000/@fs/C:/Users/avone/OneDrive/Desktop/HokkOS/HookSwap/packages/utilities/src/logger/logger.ts:57
[   31548ms] [ERROR] Failed to load resource: the server responded with a status of 401 () @ https://entry-gateway.backend-staging.api.uniswap.org/rpc/1:0
[   31548ms] [WARNING] WARN {context: Object} Session-gated retry still failed {tags: Object, extra: Object} @ http://localhost:3000/@fs/C:/Users/avone/OneDrive/Desktop/HokkOS/HookSwap/packages/utilities/src/logger/logger.ts:57
[   31637ms] [ERROR] Failed to load resource: the server responded with a status of 401 () @ https://entry-gateway.backend-staging.api.uniswap.org/rpc/1:0
[   31638ms] [WARNING] WARN {context: Object} Session-gated retry still failed {tags: Object, extra: Object} @ http://localhost:3000/@fs/C:/Users/avone/OneDrive/Desktop/HokkOS/HookSwap/packages/utilities/src/logger/logger.ts:57
[   31676ms] [INFO] INFO {context: Object} [Event: Session Init Completed] {need_challenge: true, duration_ms: 135.19999998807907, git_commit_hash: 9ed17066c95192873c6353c7f745d760f7641dce} @ http://localhost:3000/@fs/C:/Users/avone/OneDrive/Desktop/HokkOS/HookSwap/packages/utilities/src/logger/logger.ts:57
[   31676ms] [INFO] INFO {context: Object} Session init completed {needChallenge: true, durationMs: 135.19999998807907} @ http://localhost:3000/@fs/C:/Users/avone/OneDrive/Desktop/HokkOS/HookSwap/packages/utilities/src/logger/logger.ts:57
[   32168ms] [ERROR] Failed to load resource: the server responded with a status of 400 () @ https://entry-gateway.backend-staging.api.uniswap.org/uniswap.platformservice.v1.SessionService/Challenge:0
[   33180ms] [INFO] INFO {context: Object} [Event: Session Init Started] {git_commit_hash: 9ed17066c95192873c6353c7f745d760f7641dce} @ http://localhost:3000/@fs/C:/Users/avone/OneDrive/Desktop/HokkOS/HookSwap/packages/utilities/src/logger/logger.ts:57
[   33180ms] [INFO] INFO {context: Object} Session init started @ http://localhost:3000/@fs/C:/Users/avone/OneDrive/Desktop/HokkOS/HookSwap/packages/utilities/src/logger/logger.ts:57
[   33479ms] [INFO] INFO {context: Object} [Event: Session Init Completed] {need_challenge: true, duration_ms: 298.7000000178814, git_commit_hash: 9ed17066c95192873c6353c7f745d760f7641dce} @ http://localhost:3000/@fs/C:/Users/avone/OneDrive/Desktop/HokkOS/HookSwap/packages/utilities/src/logger/logger.ts:57
[   33479ms] [INFO] INFO {context: Object} Session init completed {needChallenge: true, durationMs: 298.7000000178814} @ http://localhost:3000/@fs/C:/Users/avone/OneDrive/Desktop/HokkOS/HookSwap/packages/utilities/src/logger/logger.ts:57
[   33612ms] [ERROR] Failed to load resource: the server responded with a status of 400 () @ https://entry-gateway.backend-staging.api.uniswap.org/uniswap.platformservice.v1.SessionService/Challenge:0
[   35143ms] [LOG] RWS> connect {url: wss://websockets.backend-staging.api.uniswap.org, protocols: Array(0)} @ http://localhost:3000/node_modules/.vite/deps/partysocket.js?v=28d847b2:257
[   35143ms] [LOG] RWS> addListeners @ http://localhost:3000/node_modules/.vite/deps/partysocket.js?v=28d847b2:257
[   35622ms] [INFO] INFO {context: Object} [Event: Session Init Started] {git_commit_hash: 9ed17066c95192873c6353c7f745d760f7641dce} @ http://localhost:3000/@fs/C:/Users/avone/OneDrive/Desktop/HokkOS/HookSwap/packages/utilities/src/logger/logger.ts:57
[   35622ms] [INFO] INFO {context: Object} Session init started @ http://localhost:3000/@fs/C:/Users/avone/OneDrive/Desktop/HokkOS/HookSwap/packages/utilities/src/logger/logger.ts:57
[   36391ms] [INFO] INFO {context: Object} [Event: Session Init Completed] {need_challenge: true, duration_ms: 769.7999999821186, git_commit_hash: 9ed17066c95192873c6353c7f745d760f7641dce} @ http://localhost:3000/@fs/C:/Users/avone/OneDrive/Desktop/HokkOS/HookSwap/packages/utilities/src/logger/logger.ts:57
[   36391ms] [INFO] INFO {context: Object} Session init completed {needChallenge: true, durationMs: 769.7999999821186} @ http://localhost:3000/@fs/C:/Users/avone/OneDrive/Desktop/HokkOS/HookSwap/packages/utilities/src/logger/logger.ts:57
[   36505ms] [ERROR] Failed to load resource: the server responded with a status of 400 () @ https://entry-gateway.backend-staging.api.uniswap.org/uniswap.platformservice.v1.SessionService/Challenge:0
[   36534ms] [ERROR] WebSocket connection to 'wss://websockets.backend-staging.api.uniswap.org/' failed: HTTP Authentication failed; no valid credentials available @ http://localhost:3000/node_modules/.vite/deps/partysocket.js?v=28d847b2:346
[   36534ms] [LOG] RWS> error event undefined @ http://localhost:3000/node_modules/.vite/deps/partysocket.js?v=28d847b2:257
[   36534ms] [LOG] RWS> removeListeners @ http://localhost:3000/node_modules/.vite/deps/partysocket.js?v=28d847b2:257
[   36534ms] [LOG] RWS> close event @ http://localhost:3000/node_modules/.vite/deps/partysocket.js?v=28d847b2:257
[   36534ms] [LOG] RWS> connect 5 @ http://localhost:3000/node_modules/.vite/deps/partysocket.js?v=28d847b2:257
[   36534ms] [LOG] RWS> removeListeners @ http://localhost:3000/node_modules/.vite/deps/partysocket.js?v=28d847b2:257
[   36535ms] [LOG] RWS> next delay 5425.571077470249 @ http://localhost:3000/node_modules/.vite/deps/partysocket.js?v=28d847b2:257
[   36535ms] [LOG] RWS> exec error listeners @ http://localhost:3000/node_modules/.vite/deps/partysocket.js?v=28d847b2:257
[   36535ms] [WARNING] WARN {context: Object} WebSocket error {error: Error: WebSocket error - check Network tab for details
    at ReconnectingWebSocket2.<anonymous> (h…} @ http://localhost:3000/@fs/C:/Users/avone/OneDrive/Desktop/HokkOS/HookSwap/packages/utilities/src/logger/logger.ts:57
[   40520ms] [INFO] INFO {context: Object} [Event: Session Init Started] {git_commit_hash: 9ed17066c95192873c6353c7f745d760f7641dce} @ http://localhost:3000/@fs/C:/Users/avone/OneDrive/Desktop/HokkOS/HookSwap/packages/utilities/src/logger/logger.ts:57
[   40520ms] [INFO] INFO {context: Object} Session init started @ http://localhost:3000/@fs/C:/Users/avone/OneDrive/Desktop/HokkOS/HookSwap/packages/utilities/src/logger/logger.ts:57
[   40636ms] [INFO] INFO {context: Object} [Event: Session Init Completed] {need_challenge: true, duration_ms: 116.59999999403954, git_commit_hash: 9ed17066c95192873c6353c7f745d760f7641dce} @ http://localhost:3000/@fs/C:/Users/avone/OneDrive/Desktop/HokkOS/HookSwap/packages/utilities/src/logger/logger.ts:57
[   40637ms] [INFO] INFO {context: Object} Session init completed {needChallenge: true, durationMs: 116.59999999403954} @ http://localhost:3000/@fs/C:/Users/avone/OneDrive/Desktop/HokkOS/HookSwap/packages/utilities/src/logger/logger.ts:57
[   40740ms] [ERROR] Failed to load resource: the server responded with a status of 400 () @ https://entry-gateway.backend-staging.api.uniswap.org/uniswap.platformservice.v1.SessionService/Challenge:0
[   40741ms] [WARNING] WARN {context: Object} Session init failed {tags: Object, extra: Object} @ http://localhost:3000/@fs/C:/Users/avone/OneDrive/Desktop/HokkOS/HookSwap/packages/utilities/src/logger/logger.ts:57
[   40741ms] [WARNING] WARN {context: Object} Session init failed {tags: Object, extra: Object} @ http://localhost:3000/@fs/C:/Users/avone/OneDrive/Desktop/HokkOS/HookSwap/packages/utilities/src/logger/logger.ts:57
[   40741ms] [WARNING] WARN {context: Object} Session init failed {tags: Object, extra: Object} @ http://localhost:3000/@fs/C:/Users/avone/OneDrive/Desktop/HokkOS/HookSwap/packages/utilities/src/logger/logger.ts:57
[   40742ms] [INFO] INFO {context: Object} [Event: Session Init Started] {git_commit_hash: 9ed17066c95192873c6353c7f745d760f7641dce} @ http://localhost:3000/@fs/C:/Users/avone/OneDrive/Desktop/HokkOS/HookSwap/packages/utilities/src/logger/logger.ts:57
[   40742ms] [INFO] INFO {context: Object} Session init started @ http://localhost:3000/@fs/C:/Users/avone/OneDrive/Desktop/HokkOS/HookSwap/packages/utilities/src/logger/logger.ts:57
[   40869ms] [INFO] INFO {context: Object} [Event: Session Init Completed] {need_challenge: true, duration_ms: 127.2999999821186, git_commit_hash: 9ed17066c95192873c6353c7f745d760f7641dce} @ http://localhost:3000/@fs/C:/Users/avone/OneDrive/Desktop/HokkOS/HookSwap/packages/utilities/src/logger/logger.ts:57
[   40869ms] [INFO] INFO {context: Object} Session init completed {needChallenge: true, durationMs: 127.2999999821186} @ http://localhost:3000/@fs/C:/Users/avone/OneDrive/Desktop/HokkOS/HookSwap/packages/utilities/src/logger/logger.ts:57
[   40972ms] [ERROR] Failed to load resource: the server responded with a status of 400 () @ https://entry-gateway.backend-staging.api.uniswap.org/uniswap.platformservice.v1.SessionService/Challenge:0
[   41972ms] [LOG] RWS> connect {url: wss://websockets.backend-staging.api.uniswap.org, protocols: Array(0)} @ http://localhost:3000/node_modules/.vite/deps/partysocket.js?v=28d847b2:257
[   41972ms] [LOG] RWS> addListeners @ http://localhost:3000/node_modules/.vite/deps/partysocket.js?v=28d847b2:257
[   41987ms] [INFO] INFO {context: Object} [Event: Session Init Started] {git_commit_hash: 9ed17066c95192873c6353c7f745d760f7641dce} @ http://localhost:3000/@fs/C:/Users/avone/OneDrive/Desktop/HokkOS/HookSwap/packages/utilities/src/logger/logger.ts:57
[   41987ms] [INFO] INFO {context: Object} Session init started @ http://localhost:3000/@fs/C:/Users/avone/OneDrive/Desktop/HokkOS/HookSwap/packages/utilities/src/logger/logger.ts:57
[   42104ms] [INFO] INFO {context: Object} [Event: Session Init Completed] {need_challenge: true, duration_ms: 117.40000000596046, git_commit_hash: 9ed17066c95192873c6353c7f745d760f7641dce} @ http://localhost:3000/@fs/C:/Users/avone/OneDrive/Desktop/HokkOS/HookSwap/packages/utilities/src/logger/logger.ts:57
[   42104ms] [INFO] INFO {context: Object} Session init completed {needChallenge: true, durationMs: 117.40000000596046} @ http://localhost:3000/@fs/C:/Users/avone/OneDrive/Desktop/HokkOS/HookSwap/packages/utilities/src/logger/logger.ts:57
[   42205ms] [ERROR] WebSocket connection to 'wss://websockets.backend-staging.api.uniswap.org/' failed: HTTP Authentication failed; no valid credentials available @ http://localhost:3000/node_modules/.vite/deps/partysocket.js?v=28d847b2:346
[   42205ms] [LOG] RWS> error event undefined @ http://localhost:3000/node_modules/.vite/deps/partysocket.js?v=28d847b2:257
[   42205ms] [LOG] RWS> removeListeners @ http://localhost:3000/node_modules/.vite/deps/partysocket.js?v=28d847b2:257
[   42205ms] [LOG] RWS> close event @ http://localhost:3000/node_modules/.vite/deps/partysocket.js?v=28d847b2:257
[   42205ms] [LOG] RWS> max retries reached 5 >= 5 @ http://localhost:3000/node_modules/.vite/deps/partysocket.js?v=28d847b2:257
[   42205ms] [LOG] RWS> exec error listeners @ http://localhost:3000/node_modules/.vite/deps/partysocket.js?v=28d847b2:257
[   42205ms] [WARNING] WARN {context: Object} WebSocket error {error: Error: WebSocket error - check Network tab for details
    at ReconnectingWebSocket2.<anonymous> (h…} @ http://localhost:3000/@fs/C:/Users/avone/OneDrive/Desktop/HokkOS/HookSwap/packages/utilities/src/logger/logger.ts:57
[   42230ms] [ERROR] Failed to load resource: the server responded with a status of 400 () @ https://entry-gateway.backend-staging.api.uniswap.org/uniswap.platformservice.v1.SessionService/Challenge:0
[   44238ms] [INFO] INFO {context: Object} [Event: Session Init Started] {git_commit_hash: 9ed17066c95192873c6353c7f745d760f7641dce} @ http://localhost:3000/@fs/C:/Users/avone/OneDrive/Desktop/HokkOS/HookSwap/packages/utilities/src/logger/logger.ts:57
[   44238ms] [INFO] INFO {context: Object} Session init started @ http://localhost:3000/@fs/C:/Users/avone/OneDrive/Desktop/HokkOS/HookSwap/packages/utilities/src/logger/logger.ts:57
[   44344ms] [INFO] INFO {context: Object} [Event: Session Init Completed] {need_challenge: true, duration_ms: 106.40000000596046, git_commit_hash: 9ed17066c95192873c6353c7f745d760f7641dce} @ http://localhost:3000/@fs/C:/Users/avone/OneDrive/Desktop/HokkOS/HookSwap/packages/utilities/src/logger/logger.ts:57
[   44344ms] [INFO] INFO {context: Object} Session init completed {needChallenge: true, durationMs: 106.40000000596046} @ http://localhost:3000/@fs/C:/Users/avone/OneDrive/Desktop/HokkOS/HookSwap/packages/utilities/src/logger/logger.ts:57
[   44452ms] [ERROR] Failed to load resource: the server responded with a status of 400 () @ https://entry-gateway.backend-staging.api.uniswap.org/uniswap.platformservice.v1.SessionService/Challenge:0
[   48461ms] [INFO] INFO {context: Object} [Event: Session Init Started] {git_commit_hash: 9ed17066c95192873c6353c7f745d760f7641dce} @ http://localhost:3000/@fs/C:/Users/avone/OneDrive/Desktop/HokkOS/HookSwap/packages/utilities/src/logger/logger.ts:57
[   48461ms] [INFO] INFO {context: Object} Session init started @ http://localhost:3000/@fs/C:/Users/avone/OneDrive/Desktop/HokkOS/HookSwap/packages/utilities/src/logger/logger.ts:57
[   49228ms] [INFO] INFO {context: Object} [Event: Session Init Completed] {need_challenge: true, duration_ms: 767.8000000119209, git_commit_hash: 9ed17066c95192873c6353c7f745d760f7641dce} @ http://localhost:3000/@fs/C:/Users/avone/OneDrive/Desktop/HokkOS/HookSwap/packages/utilities/src/logger/logger.ts:57
[   49229ms] [INFO] INFO {context: Object} Session init completed {needChallenge: true, durationMs: 767.8000000119209} @ http://localhost:3000/@fs/C:/Users/avone/OneDrive/Desktop/HokkOS/HookSwap/packages/utilities/src/logger/logger.ts:57
[   49568ms] [ERROR] Failed to load resource: the server responded with a status of 400 () @ https://entry-gateway.backend-staging.api.uniswap.org/uniswap.platformservice.v1.SessionService/Challenge:0
[   49570ms] [WARNING] WARN {context: Object} Session init failed {tags: Object, extra: Object} @ http://localhost:3000/@fs/C:/Users/avone/OneDrive/Desktop/HokkOS/HookSwap/packages/utilities/src/logger/logger.ts:57
[   49570ms] [WARNING] WARN {context: Object} Session init failed {tags: Object, extra: Object} @ http://localhost:3000/@fs/C:/Users/avone/OneDrive/Desktop/HokkOS/HookSwap/packages/utilities/src/logger/logger.ts:57
[   49570ms] [WARNING] WARN {context: Object} Session init failed {tags: Object, extra: Object} @ http://localhost:3000/@fs/C:/Users/avone/OneDrive/Desktop/HokkOS/HookSwap/packages/utilities/src/logger/logger.ts:57
[   49571ms] [INFO] INFO {context: Object} [Event: Session Init Started] {git_commit_hash: 9ed17066c95192873c6353c7f745d760f7641dce} @ http://localhost:3000/@fs/C:/Users/avone/OneDrive/Desktop/HokkOS/HookSwap/packages/utilities/src/logger/logger.ts:57
[   49571ms] [INFO] INFO {context: Object} Session init started @ http://localhost:3000/@fs/C:/Users/avone/OneDrive/Desktop/HokkOS/HookSwap/packages/utilities/src/logger/logger.ts:57
[   49685ms] [INFO] INFO {context: Object} [Event: Session Init Completed] {need_challenge: true, duration_ms: 114.69999998807907, git_commit_hash: 9ed17066c95192873c6353c7f745d760f7641dce} @ http://localhost:3000/@fs/C:/Users/avone/OneDrive/Desktop/HokkOS/HookSwap/packages/utilities/src/logger/logger.ts:57
[   49686ms] [INFO] INFO {context: Object} Session init completed {needChallenge: true, durationMs: 114.69999998807907} @ http://localhost:3000/@fs/C:/Users/avone/OneDrive/Desktop/HokkOS/HookSwap/packages/utilities/src/logger/logger.ts:57
[   49795ms] [ERROR] Failed to load resource: the server responded with a status of 400 () @ https://entry-gateway.backend-staging.api.uniswap.org/uniswap.platformservice.v1.SessionService/Challenge:0
[   50809ms] [INFO] INFO {context: Object} [Event: Session Init Started] {git_commit_hash: 9ed17066c95192873c6353c7f745d760f7641dce} @ http://localhost:3000/@fs/C:/Users/avone/OneDrive/Desktop/HokkOS/HookSwap/packages/utilities/src/logger/logger.ts:57
[   50809ms] [INFO] INFO {context: Object} Session init started @ http://localhost:3000/@fs/C:/Users/avone/OneDrive/Desktop/HokkOS/HookSwap/packages/utilities/src/logger/logger.ts:57
[   52119ms] [INFO] INFO {context: Object} [Event: Session Init Completed] {need_challenge: true, duration_ms: 1309.5999999940395, git_commit_hash: 9ed17066c95192873c6353c7f745d760f7641dce} @ http://localhost:3000/@fs/C:/Users/avone/OneDrive/Desktop/HokkOS/HookSwap/packages/utilities/src/logger/logger.ts:57
[   52119ms] [INFO] INFO {context: Object} Session init completed {needChallenge: true, durationMs: 1309.5999999940395} @ http://localhost:3000/@fs/C:/Users/avone/OneDrive/Desktop/HokkOS/HookSwap/packages/utilities/src/logger/logger.ts:57
[   52239ms] [ERROR] Failed to load resource: the server responded with a status of 400 () @ https://entry-gateway.backend-staging.api.uniswap.org/uniswap.platformservice.v1.SessionService/Challenge:0
[   54245ms] [INFO] INFO {context: Object} [Event: Session Init Started] {git_commit_hash: 9ed17066c95192873c6353c7f745d760f7641dce} @ http://localhost:3000/@fs/C:/Users/avone/OneDrive/Desktop/HokkOS/HookSwap/packages/utilities/src/logger/logger.ts:57
[   54245ms] [INFO] INFO {context: Object} Session init started @ http://localhost:3000/@fs/C:/Users/avone/OneDrive/Desktop/HokkOS/HookSwap/packages/utilities/src/logger/logger.ts:57
[   54431ms] [INFO] INFO {context: Object} [Event: Session Init Completed] {need_challenge: true, duration_ms: 186.09999999403954, git_commit_hash: 9ed17066c95192873c6353c7f745d760f7641dce} @ http://localhost:3000/@fs/C:/Users/avone/OneDrive/Desktop/HokkOS/HookSwap/packages/utilities/src/logger/logger.ts:57
[   54431ms] [INFO] INFO {context: Object} Session init completed {needChallenge: true, durationMs: 186.09999999403954} @ http://localhost:3000/@fs/C:/Users/avone/OneDrive/Desktop/HokkOS/HookSwap/packages/utilities/src/logger/logger.ts:57
[   54583ms] [ERROR] Failed to load resource: the server responded with a status of 400 () @ https://entry-gateway.backend-staging.api.uniswap.org/uniswap.platformservice.v1.SessionService/Challenge:0
[   58586ms] [INFO] INFO {context: Object} [Event: Session Init Started] {git_commit_hash: 9ed17066c95192873c6353c7f745d760f7641dce} @ http://localhost:3000/@fs/C:/Users/avone/OneDrive/Desktop/HokkOS/HookSwap/packages/utilities/src/logger/logger.ts:57
[   58586ms] [INFO] INFO {context: Object} Session init started @ http://localhost:3000/@fs/C:/Users/avone/OneDrive/Desktop/HokkOS/HookSwap/packages/utilities/src/logger/logger.ts:57
[   58709ms] [INFO] INFO {context: Object} [Event: Session Init Completed] {need_challenge: true, duration_ms: 123.40000000596046, git_commit_hash: 9ed17066c95192873c6353c7f745d760f7641dce} @ http://localhost:3000/@fs/C:/Users/avone/OneDrive/Desktop/HokkOS/HookSwap/packages/utilities/src/logger/logger.ts:57
[   58709ms] [INFO] INFO {context: Object} Session init completed {needChallenge: true, durationMs: 123.40000000596046} @ http://localhost:3000/@fs/C:/Users/avone/OneDrive/Desktop/HokkOS/HookSwap/packages/utilities/src/logger/logger.ts:57
[   58808ms] [ERROR] Failed to load resource: the server responded with a status of 400 () @ https://entry-gateway.backend-staging.api.uniswap.org/uniswap.platformservice.v1.SessionService/Challenge:0
[   58809ms] [WARNING] WARN {context: Object} Session init failed {tags: Object, extra: Object} @ http://localhost:3000/@fs/C:/Users/avone/OneDrive/Desktop/HokkOS/HookSwap/packages/utilities/src/logger/logger.ts:57
[   58810ms] [WARNING] WARN {context: Object} Session init failed {tags: Object, extra: Object} @ http://localhost:3000/@fs/C:/Users/avone/OneDrive/Desktop/HokkOS/HookSwap/packages/utilities/src/logger/logger.ts:57
[   58810ms] [WARNING] WARN {context: Object} Session init failed {tags: Object, extra: Object} @ http://localhost:3000/@fs/C:/Users/avone/OneDrive/Desktop/HokkOS/HookSwap/packages/utilities/src/logger/logger.ts:57
[   58810ms] [INFO] INFO {context: Object} [Event: Session Init Started] {git_commit_hash: 9ed17066c95192873c6353c7f745d760f7641dce} @ http://localhost:3000/@fs/C:/Users/avone/OneDrive/Desktop/HokkOS/HookSwap/packages/utilities/src/logger/logger.ts:57
[   58811ms] [INFO] INFO {context: Object} Session init started @ http://localhost:3000/@fs/C:/Users/avone/OneDrive/Desktop/HokkOS/HookSwap/packages/utilities/src/logger/logger.ts:57
[   58982ms] [INFO] INFO {context: Object} [Event: Session Init Completed] {need_challenge: true, duration_ms: 171.39999997615814, git_commit_hash: 9ed17066c95192873c6353c7f745d760f7641dce} @ http://localhost:3000/@fs/C:/Users/avone/OneDrive/Desktop/HokkOS/HookSwap/packages/utilities/src/logger/logger.ts:57
[   58982ms] [INFO] INFO {context: Object} Session init completed {needChallenge: true, durationMs: 171.39999997615814} @ http://localhost:3000/@fs/C:/Users/avone/OneDrive/Desktop/HokkOS/HookSwap/packages/utilities/src/logger/logger.ts:57
[   59138ms] [ERROR] Failed to load resource: the server responded with a status of 400 () @ https://entry-gateway.backend-staging.api.uniswap.org/uniswap.platformservice.v1.SessionService/Challenge:0
[   60148ms] [INFO] INFO {context: Object} [Event: Session Init Started] {git_commit_hash: 9ed17066c95192873c6353c7f745d760f7641dce} @ http://localhost:3000/@fs/C:/Users/avone/OneDrive/Desktop/HokkOS/HookSwap/packages/utilities/src/logger/logger.ts:57
[   60149ms] [INFO] INFO {context: Object} Session init started @ http://localhost:3000/@fs/C:/Users/avone/OneDrive/Desktop/HokkOS/HookSwap/packages/utilities/src/logger/logger.ts:57
[   60313ms] [INFO] INFO {context: Object} [Event: Session Init Completed] {need_challenge: true, duration_ms: 164.90000000596046, git_commit_hash: 9ed17066c95192873c6353c7f745d760f7641dce} @ http://localhost:3000/@fs/C:/Users/avone/OneDrive/Desktop/HokkOS/HookSwap/packages/utilities/src/logger/logger.ts:57
[   60313ms] [INFO] INFO {context: Object} Session init completed {needChallenge: true, durationMs: 164.90000000596046} @ http://localhost:3000/@fs/C:/Users/avone/OneDrive/Desktop/HokkOS/HookSwap/packages/utilities/src/logger/logger.ts:57
[   60467ms] [ERROR] Failed to load resource: the server responded with a status of 400 () @ https://entry-gateway.backend-staging.api.uniswap.org/uniswap.platformservice.v1.SessionService/Challenge:0
[   62479ms] [INFO] INFO {context: Object} [Event: Session Init Started] {git_commit_hash: 9ed17066c95192873c6353c7f745d760f7641dce} @ http://localhost:3000/@fs/C:/Users/avone/OneDrive/Desktop/HokkOS/HookSwap/packages/utilities/src/logger/logger.ts:57
[   62479ms] [INFO] INFO {context: Object} Session init started @ http://localhost:3000/@fs/C:/Users/avone/OneDrive/Desktop/HokkOS/HookSwap/packages/utilities/src/logger/logger.ts:57
[   62643ms] [INFO] INFO {context: Object} [Event: Session Init Completed] {need_challenge: true, duration_ms: 164.30000001192093, git_commit_hash: 9ed17066c95192873c6353c7f745d760f7641dce} @ http://localhost:3000/@fs/C:/Users/avone/OneDrive/Desktop/HokkOS/HookSwap/packages/utilities/src/logger/logger.ts:57
[   62643ms] [INFO] INFO {context: Object} Session init completed {needChallenge: true, durationMs: 164.30000001192093} @ http://localhost:3000/@fs/C:/Users/avone/OneDrive/Desktop/HokkOS/HookSwap/packages/utilities/src/logger/logger.ts:57
[   62782ms] [ERROR] Failed to load resource: the server responded with a status of 400 () @ https://entry-gateway.backend-staging.api.uniswap.org/uniswap.platformservice.v1.SessionService/Challenge:0
[   66796ms] [INFO] INFO {context: Object} [Event: Session Init Started] {git_commit_hash: 9ed17066c95192873c6353c7f745d760f7641dce} @ http://localhost:3000/@fs/C:/Users/avone/OneDrive/Desktop/HokkOS/HookSwap/packages/utilities/src/logger/logger.ts:57
[   66797ms] [INFO] INFO {context: Object} Session init started @ http://localhost:3000/@fs/C:/Users/avone/OneDrive/Desktop/HokkOS/HookSwap/packages/utilities/src/logger/logger.ts:57
[   66912ms] [INFO] INFO {context: Object} [Event: Session Init Completed] {need_challenge: true, duration_ms: 115.40000000596046, git_commit_hash: 9ed17066c95192873c6353c7f745d760f7641dce} @ http://localhost:3000/@fs/C:/Users/avone/OneDrive/Desktop/HokkOS/HookSwap/packages/utilities/src/logger/logger.ts:57
[   66912ms] [INFO] INFO {context: Object} Session init completed {needChallenge: true, durationMs: 115.40000000596046} @ http://localhost:3000/@fs/C:/Users/avone/OneDrive/Desktop/HokkOS/HookSwap/packages/utilities/src/logger/logger.ts:57
[   67010ms] [ERROR] Failed to load resource: the server responded with a status of 400 () @ https://entry-gateway.backend-staging.api.uniswap.org/uniswap.platformservice.v1.SessionService/Challenge:0
[   67010ms] [WARNING] WARN {context: Object} Session init failed {tags: Object, extra: Object} @ http://localhost:3000/@fs/C:/Users/avone/OneDrive/Desktop/HokkOS/HookSwap/packages/utilities/src/logger/logger.ts:57
[   67010ms] [WARNING] WARN {context: Object} Session init failed {tags: Object, extra: Object} @ http://localhost:3000/@fs/C:/Users/avone/OneDrive/Desktop/HokkOS/HookSwap/packages/utilities/src/logger/logger.ts:57
[   67011ms] [WARNING] WARN {context: Object} Session init failed {tags: Object, extra: Object} @ http://localhost:3000/@fs/C:/Users/avone/OneDrive/Desktop/HokkOS/HookSwap/packages/utilities/src/logger/logger.ts:57
[   67011ms] [INFO] INFO {context: Object} [Event: Session Init Started] {git_commit_hash: 9ed17066c95192873c6353c7f745d760f7641dce} @ http://localhost:3000/@fs/C:/Users/avone/OneDrive/Desktop/HokkOS/HookSwap/packages/utilities/src/logger/logger.ts:57
[   67011ms] [INFO] INFO {context: Object} Session init started @ http://localhost:3000/@fs/C:/Users/avone/OneDrive/Desktop/HokkOS/HookSwap/packages/utilities/src/logger/logger.ts:57
[   67131ms] [INFO] INFO {context: Object} [Event: Session Init Completed] {need_challenge: true, duration_ms: 120.2999999821186, git_commit_hash: 9ed17066c95192873c6353c7f745d760f7641dce} @ http://localhost:3000/@fs/C:/Users/avone/OneDrive/Desktop/HokkOS/HookSwap/packages/utilities/src/logger/logger.ts:57
[   67132ms] [INFO] INFO {context: Object} Session init completed {needChallenge: true, durationMs: 120.2999999821186} @ http://localhost:3000/@fs/C:/Users/avone/OneDrive/Desktop/HokkOS/HookSwap/packages/utilities/src/logger/logger.ts:57
[   67289ms] [ERROR] Failed to load resource: the server responded with a status of 400 () @ https://entry-gateway.backend-staging.api.uniswap.org/uniswap.platformservice.v1.SessionService/Challenge:0
[   68300ms] [INFO] INFO {context: Object} [Event: Session Init Started] {git_commit_hash: 9ed17066c95192873c6353c7f745d760f7641dce} @ http://localhost:3000/@fs/C:/Users/avone/OneDrive/Desktop/HokkOS/HookSwap/packages/utilities/src/logger/logger.ts:57
[   68301ms] [INFO] INFO {context: Object} Session init started @ http://localhost:3000/@fs/C:/Users/avone/OneDrive/Desktop/HokkOS/HookSwap/packages/utilities/src/logger/logger.ts:57
[   68521ms] [INFO] INFO {context: Object} [Event: Session Init Completed] {need_challenge: true, duration_ms: 220.30000001192093, git_commit_hash: 9ed17066c95192873c6353c7f745d760f7641dce} @ http://localhost:3000/@fs/C:/Users/avone/OneDrive/Desktop/HokkOS/HookSwap/packages/utilities/src/logger/logger.ts:57
[   68521ms] [INFO] INFO {context: Object} Session init completed {needChallenge: true, durationMs: 220.30000001192093} @ http://localhost:3000/@fs/C:/Users/avone/OneDrive/Desktop/HokkOS/HookSwap/packages/utilities/src/logger/logger.ts:57
[   68674ms] [ERROR] Failed to load resource: the server responded with a status of 400 () @ https://entry-gateway.backend-staging.api.uniswap.org/uniswap.platformservice.v1.SessionService/Challenge:0
[   70679ms] [INFO] INFO {context: Object} [Event: Session Init Started] {git_commit_hash: 9ed17066c95192873c6353c7f745d760f7641dce} @ http://localhost:3000/@fs/C:/Users/avone/OneDrive/Desktop/HokkOS/HookSwap/packages/utilities/src/logger/logger.ts:57
[   70680ms] [INFO] INFO {context: Object} Session init started @ http://localhost:3000/@fs/C:/Users/avone/OneDrive/Desktop/HokkOS/HookSwap/packages/utilities/src/logger/logger.ts:57
[   70843ms] [INFO] INFO {context: Object} [Event: Session Init Completed] {need_challenge: true, duration_ms: 164, git_commit_hash: 9ed17066c95192873c6353c7f745d760f7641dce} @ http://localhost:3000/@fs/C:/Users/avone/OneDrive/Desktop/HokkOS/HookSwap/packages/utilities/src/logger/logger.ts:57
[   70844ms] [INFO] INFO {context: Object} Session init completed {needChallenge: true, durationMs: 164} @ http://localhost:3000/@fs/C:/Users/avone/OneDrive/Desktop/HokkOS/HookSwap/packages/utilities/src/logger/logger.ts:57
[   71001ms] [ERROR] Failed to load resource: the server responded with a status of 400 () @ https://entry-gateway.backend-staging.api.uniswap.org/uniswap.platformservice.v1.SessionService/Challenge:0
[   75009ms] [INFO] INFO {context: Object} [Event: Session Init Started] {git_commit_hash: 9ed17066c95192873c6353c7f745d760f7641dce} @ http://localhost:3000/@fs/C:/Users/avone/OneDrive/Desktop/HokkOS/HookSwap/packages/utilities/src/logger/logger.ts:57
[   75009ms] [INFO] INFO {context: Object} Session init started @ http://localhost:3000/@fs/C:/Users/avone/OneDrive/Desktop/HokkOS/HookSwap/packages/utilities/src/logger/logger.ts:57
[   75122ms] [INFO] INFO {context: Object} [Event: Session Init Completed] {need_challenge: true, duration_ms: 113.59999999403954, git_commit_hash: 9ed17066c95192873c6353c7f745d760f7641dce} @ http://localhost:3000/@fs/C:/Users/avone/OneDrive/Desktop/HokkOS/HookSwap/packages/utilities/src/logger/logger.ts:57
[   75122ms] [INFO] INFO {context: Object} Session init completed {needChallenge: true, durationMs: 113.59999999403954} @ http://localhost:3000/@fs/C:/Users/avone/OneDrive/Desktop/HokkOS/HookSwap/packages/utilities/src/logger/logger.ts:57
[   75223ms] [ERROR] Failed to load resource: the server responded with a status of 400 () @ https://entry-gateway.backend-staging.api.uniswap.org/uniswap.platformservice.v1.SessionService/Challenge:0
[   75224ms] [WARNING] WARN {context: Object} Session init failed {tags: Object, extra: Object} @ http://localhost:3000/@fs/C:/Users/avone/OneDrive/Desktop/HokkOS/HookSwap/packages/utilities/src/logger/logger.ts:57
[   75224ms] [WARNING] WARN {context: Object} Session init failed {tags: Object, extra: Object} @ http://localhost:3000/@fs/C:/Users/avone/OneDrive/Desktop/HokkOS/HookSwap/packages/utilities/src/logger/logger.ts:57
[   75224ms] [WARNING] WARN {context: Object} Session init failed {tags: Object, extra: Object} @ http://localhost:3000/@fs/C:/Users/avone/OneDrive/Desktop/HokkOS/HookSwap/packages/utilities/src/logger/logger.ts:57
[   75225ms] [INFO] INFO {context: Object} [Event: Session Init Started] {git_commit_hash: 9ed17066c95192873c6353c7f745d760f7641dce} @ http://localhost:3000/@fs/C:/Users/avone/OneDrive/Desktop/HokkOS/HookSwap/packages/utilities/src/logger/logger.ts:57
[   75225ms] [INFO] INFO {context: Object} Session init started @ http://localhost:3000/@fs/C:/Users/avone/OneDrive/Desktop/HokkOS/HookSwap/packages/utilities/src/logger/logger.ts:57
[   75338ms] [INFO] INFO {context: Object} [Event: Session Init Completed] {need_challenge: true, duration_ms: 113.5, git_commit_hash: 9ed17066c95192873c6353c7f745d760f7641dce} @ http://localhost:3000/@fs/C:/Users/avone/OneDrive/Desktop/HokkOS/HookSwap/packages/utilities/src/logger/logger.ts:57
[   75338ms] [INFO] INFO {context: Object} Session init completed {needChallenge: true, durationMs: 113.5} @ http://localhost:3000/@fs/C:/Users/avone/OneDrive/Desktop/HokkOS/HookSwap/packages/utilities/src/logger/logger.ts:57
[   75437ms] [ERROR] Failed to load resource: the server responded with a status of 400 () @ https://entry-gateway.backend-staging.api.uniswap.org/uniswap.platformservice.v1.SessionService/Challenge:0
[   76453ms] [INFO] INFO {context: Object} [Event: Session Init Started] {git_commit_hash: 9ed17066c95192873c6353c7f745d760f7641dce} @ http://localhost:3000/@fs/C:/Users/avone/OneDrive/Desktop/HokkOS/HookSwap/packages/utilities/src/logger/logger.ts:57
[   76453ms] [INFO] INFO {context: Object} Session init started @ http://localhost:3000/@fs/C:/Users/avone/OneDrive/Desktop/HokkOS/HookSwap/packages/utilities/src/logger/logger.ts:57
[   76574ms] [INFO] INFO {context: Object} [Event: Session Init Completed] {need_challenge: true, duration_ms: 121.59999999403954, git_commit_hash: 9ed17066c95192873c6353c7f745d760f7641dce} @ http://localhost:3000/@fs/C:/Users/avone/OneDrive/Desktop/HokkOS/HookSwap/packages/utilities/src/logger/logger.ts:57
[   76574ms] [INFO] INFO {context: Object} Session init completed {needChallenge: true, durationMs: 121.59999999403954} @ http://localhost:3000/@fs/C:/Users/avone/OneDrive/Desktop/HokkOS/HookSwap/packages/utilities/src/logger/logger.ts:57
[   76676ms] [ERROR] Failed to load resource: the server responded with a status of 400 () @ https://entry-gateway.backend-staging.api.uniswap.org/uniswap.platformservice.v1.SessionService/Challenge:0
[   78684ms] [INFO] INFO {context: Object} [Event: Session Init Started] {git_commit_hash: 9ed17066c95192873c6353c7f745d760f7641dce} @ http://localhost:3000/@fs/C:/Users/avone/OneDrive/Desktop/HokkOS/HookSwap/packages/utilities/src/logger/logger.ts:57
[   78685ms] [INFO] INFO {context: Object} Session init started @ http://localhost:3000/@fs/C:/Users/avone/OneDrive/Desktop/HokkOS/HookSwap/packages/utilities/src/logger/logger.ts:57
[   78797ms] [INFO] INFO {context: Object} [Event: Session Init Completed] {need_challenge: true, duration_ms: 113.09999999403954, git_commit_hash: 9ed17066c95192873c6353c7f745d760f7641dce} @ http://localhost:3000/@fs/C:/Users/avone/OneDrive/Desktop/HokkOS/HookSwap/packages/utilities/src/logger/logger.ts:57
[   78798ms] [INFO] INFO {context: Object} Session init completed {needChallenge: true, durationMs: 113.09999999403954} @ http://localhost:3000/@fs/C:/Users/avone/OneDrive/Desktop/HokkOS/HookSwap/packages/utilities/src/logger/logger.ts:57
[   78903ms] [ERROR] Failed to load resource: the server responded with a status of 400 () @ https://entry-gateway.backend-staging.api.uniswap.org/uniswap.platformservice.v1.SessionService/Challenge:0
[   82921ms] [INFO] INFO {context: Object} [Event: Session Init Started] {git_commit_hash: 9ed17066c95192873c6353c7f745d760f7641dce} @ http://localhost:3000/@fs/C:/Users/avone/OneDrive/Desktop/HokkOS/HookSwap/packages/utilities/src/logger/logger.ts:57
[   82921ms] [INFO] INFO {context: Object} Session init started @ http://localhost:3000/@fs/C:/Users/avone/OneDrive/Desktop/HokkOS/HookSwap/packages/utilities/src/logger/logger.ts:57
[   83046ms] [INFO] INFO {context: Object} [Event: Session Init Completed] {need_challenge: true, duration_ms: 125.40000000596046, git_commit_hash: 9ed17066c95192873c6353c7f745d760f7641dce} @ http://localhost:3000/@fs/C:/Users/avone/OneDrive/Desktop/HokkOS/HookSwap/packages/utilities/src/logger/logger.ts:57
[   83046ms] [INFO] INFO {context: Object} Session init completed {needChallenge: true, durationMs: 125.40000000596046} @ http://localhost:3000/@fs/C:/Users/avone/OneDrive/Desktop/HokkOS/HookSwap/packages/utilities/src/logger/logger.ts:57
[   83153ms] [ERROR] Failed to load resource: the server responded with a status of 400 () @ https://entry-gateway.backend-staging.api.uniswap.org/uniswap.platformservice.v1.SessionService/Challenge:0
[   83154ms] [WARNING] WARN {context: Object} Session init failed {tags: Object, extra: Object} @ http://localhost:3000/@fs/C:/Users/avone/OneDrive/Desktop/HokkOS/HookSwap/packages/utilities/src/logger/logger.ts:57
[   83154ms] [WARNING] WARN {context: Object} Session init failed {tags: Object, extra: Object} @ http://localhost:3000/@fs/C:/Users/avone/OneDrive/Desktop/HokkOS/HookSwap/packages/utilities/src/logger/logger.ts:57
[   83154ms] [WARNING] WARN {context: Object} Session init failed {tags: Object, extra: Object} @ http://localhost:3000/@fs/C:/Users/avone/OneDrive/Desktop/HokkOS/HookSwap/packages/utilities/src/logger/logger.ts:57
[   83155ms] [WARNING] WARN {context: Object} Suppressed 18 RPC errors in previous 60s window {provider: unirpc, chainId: 1, methods: Object, errors: Object} @ http://localhost:3000/@fs/C:/Users/avone/OneDrive/Desktop/HokkOS/HookSwap/packages/utilities/src/logger/logger.ts:57
[   83155ms] [WARNING] WARN {context: Object} RPC error {method: net_version, chainId: 1, durationMs: 7930, provider: unirpc, transport: viem} @ http://localhost:3000/@fs/C:/Users/avone/OneDrive/Desktop/HokkOS/HookSwap/packages/utilities/src/logger/logger.ts:57
[   83155ms] [WARNING] WARN {context: Object} RPC error {method: eth_blockNumber, chainId: 1, durationMs: 7929, provider: unirpc, transport: viem} @ http://localhost:3000/@fs/C:/Users/avone/OneDrive/Desktop/HokkOS/HookSwap/packages/utilities/src/logger/logger.ts:57
[   83155ms] [WARNING] WARN {context: Object} RPC error {method: eth_chainId, chainId: 1, durationMs: 7928, provider: unirpc, transport: viem} @ http://localhost:3000/@fs/C:/Users/avone/OneDrive/Desktop/HokkOS/HookSwap/packages/utilities/src/logger/logger.ts:57
[   83155ms] [INFO] INFO {context: Object} [Event: Session Init Started] {git_commit_hash: 9ed17066c95192873c6353c7f745d760f7641dce} @ http://localhost:3000/@fs/C:/Users/avone/OneDrive/Desktop/HokkOS/HookSwap/packages/utilities/src/logger/logger.ts:57
[   83156ms] [INFO] INFO {context: Object} Session init started @ http://localhost:3000/@fs/C:/Users/avone/OneDrive/Desktop/HokkOS/HookSwap/packages/utilities/src/logger/logger.ts:57
[   83276ms] [INFO] INFO {context: Object} [Event: Session Init Completed] {need_challenge: true, duration_ms: 120.30000001192093, git_commit_hash: 9ed17066c95192873c6353c7f745d760f7641dce} @ http://localhost:3000/@fs/C:/Users/avone/OneDrive/Desktop/HokkOS/HookSwap/packages/utilities/src/logger/logger.ts:57
[   83276ms] [INFO] INFO {context: Object} Session init completed {needChallenge: true, durationMs: 120.30000001192093} @ http://localhost:3000/@fs/C:/Users/avone/OneDrive/Desktop/HokkOS/HookSwap/packages/utilities/src/logger/logger.ts:57
[   83381ms] [ERROR] Failed to load resource: the server responded with a status of 400 () @ https://entry-gateway.backend-staging.api.uniswap.org/uniswap.platformservice.v1.SessionService/Challenge:0
[   84386ms] [INFO] INFO {context: Object} [Event: Session Init Started] {git_commit_hash: 9ed17066c95192873c6353c7f745d760f7641dce} @ http://localhost:3000/@fs/C:/Users/avone/OneDrive/Desktop/HokkOS/HookSwap/packages/utilities/src/logger/logger.ts:57
[   84387ms] [INFO] INFO {context: Object} Session init started @ http://localhost:3000/@fs/C:/Users/avone/OneDrive/Desktop/HokkOS/HookSwap/packages/utilities/src/logger/logger.ts:57
[   84501ms] [INFO] INFO {context: Object} [Event: Session Init Completed] {need_challenge: true, duration_ms: 114.59999999403954, git_commit_hash: 9ed17066c95192873c6353c7f745d760f7641dce} @ http://localhost:3000/@fs/C:/Users/avone/OneDrive/Desktop/HokkOS/HookSwap/packages/utilities/src/logger/logger.ts:57
[   84501ms] [INFO] INFO {context: Object} Session init completed {needChallenge: true, durationMs: 114.59999999403954} @ http://localhost:3000/@fs/C:/Users/avone/OneDrive/Desktop/HokkOS/HookSwap/packages/utilities/src/logger/logger.ts:57
[   84603ms] [ERROR] Failed to load resource: the server responded with a status of 400 () @ https://entry-gateway.backend-staging.api.uniswap.org/uniswap.platformservice.v1.SessionService/Challenge:0
[   86620ms] [INFO] INFO {context: Object} [Event: Session Init Started] {git_commit_hash: 9ed17066c95192873c6353c7f745d760f7641dce} @ http://localhost:3000/@fs/C:/Users/avone/OneDrive/Desktop/HokkOS/HookSwap/packages/utilities/src/logger/logger.ts:57
[   86620ms] [INFO] INFO {context: Object} Session init started @ http://localhost:3000/@fs/C:/Users/avone/OneDrive/Desktop/HokkOS/HookSwap/packages/utilities/src/logger/logger.ts:57
[   87053ms] [INFO] INFO {context: Object} [Event: Session Init Completed] {need_challenge: true, duration_ms: 433.30000001192093, git_commit_hash: 9ed17066c95192873c6353c7f745d760f7641dce} @ http://localhost:3000/@fs/C:/Users/avone/OneDrive/Desktop/HokkOS/HookSwap/packages/utilities/src/logger/logger.ts:57
[   87053ms] [INFO] INFO {context: Object} Session init completed {needChallenge: true, durationMs: 433.30000001192093} @ http://localhost:3000/@fs/C:/Users/avone/OneDrive/Desktop/HokkOS/HookSwap/packages/utilities/src/logger/logger.ts:57
[   87157ms] [ERROR] Failed to load resource: the server responded with a status of 400 () @ https://entry-gateway.backend-staging.api.uniswap.org/uniswap.platformservice.v1.SessionService/Challenge:0
[   91161ms] [INFO] INFO {context: Object} [Event: Session Init Started] {git_commit_hash: 9ed17066c95192873c6353c7f745d760f7641dce} @ http://localhost:3000/@fs/C:/Users/avone/OneDrive/Desktop/HokkOS/HookSwap/packages/utilities/src/logger/logger.ts:57
[   91162ms] [INFO] INFO {context: Object} Session init started @ http://localhost:3000/@fs/C:/Users/avone/OneDrive/Desktop/HokkOS/HookSwap/packages/utilities/src/logger/logger.ts:57
[   91528ms] [INFO] INFO {context: Object} [Event: Session Init Completed] {need_challenge: true, duration_ms: 366.89999997615814, git_commit_hash: 9ed17066c95192873c6353c7f745d760f7641dce} @ http://localhost:3000/@fs/C:/Users/avone/OneDrive/Desktop/HokkOS/HookSwap/packages/utilities/src/logger/logger.ts:57
[   91528ms] [INFO] INFO {context: Object} Session init completed {needChallenge: true, durationMs: 366.89999997615814} @ http://localhost:3000/@fs/C:/Users/avone/OneDrive/Desktop/HokkOS/HookSwap/packages/utilities/src/logger/logger.ts:57
[   92236ms] [ERROR] Failed to load resource: the server responded with a status of 400 () @ https://entry-gateway.backend-staging.api.uniswap.org/uniswap.platformservice.v1.SessionService/Challenge:0
[   92237ms] [WARNING] WARN {context: Object} Session init failed {tags: Object, extra: Object} @ http://localhost:3000/@fs/C:/Users/avone/OneDrive/Desktop/HokkOS/HookSwap/packages/utilities/src/logger/logger.ts:57
[   92237ms] [WARNING] WARN {context: Object} Session init failed {tags: Object, extra: Object} @ http://localhost:3000/@fs/C:/Users/avone/OneDrive/Desktop/HokkOS/HookSwap/packages/utilities/src/logger/logger.ts:57
[   92237ms] [WARNING] WARN {context: Object} Session init failed {tags: Object, extra: Object} @ http://localhost:3000/@fs/C:/Users/avone/OneDrive/Desktop/HokkOS/HookSwap/packages/utilities/src/logger/logger.ts:57
[   92237ms] [WARNING] WARN {context: Object} RPC error {method: net_version, chainId: 1, durationMs: 9082, provider: unirpc, transport: viem} @ http://localhost:3000/@fs/C:/Users/avone/OneDrive/Desktop/HokkOS/HookSwap/packages/utilities/src/logger/logger.ts:57
[   92237ms] [WARNING] WARN {context: Object} RPC error {method: eth_blockNumber, chainId: 1, durationMs: 9081, provider: unirpc, transport: viem} @ http://localhost:3000/@fs/C:/Users/avone/OneDrive/Desktop/HokkOS/HookSwap/packages/utilities/src/logger/logger.ts:57
[   92238ms] [INFO] INFO {context: Object} [Event: Session Init Started] {git_commit_hash: 9ed17066c95192873c6353c7f745d760f7641dce} @ http://localhost:3000/@fs/C:/Users/avone/OneDrive/Desktop/HokkOS/HookSwap/packages/utilities/src/logger/logger.ts:57
[   92238ms] [INFO] INFO {context: Object} Session init started @ http://localhost:3000/@fs/C:/Users/avone/OneDrive/Desktop/HokkOS/HookSwap/packages/utilities/src/logger/logger.ts:57
[   92433ms] [INFO] INFO {context: Object} [Event: Session Init Completed] {need_challenge: true, duration_ms: 195.5, git_commit_hash: 9ed17066c95192873c6353c7f745d760f7641dce} @ http://localhost:3000/@fs/C:/Users/avone/OneDrive/Desktop/HokkOS/HookSwap/packages/utilities/src/logger/logger.ts:57
[   92433ms] [INFO] INFO {context: Object} Session init completed {needChallenge: true, durationMs: 195.5} @ http://localhost:3000/@fs/C:/Users/avone/OneDrive/Desktop/HokkOS/HookSwap/packages/utilities/src/logger/logger.ts:57
[   92607ms] [ERROR] Failed to load resource: the server responded with a status of 400 () @ https://entry-gateway.backend-staging.api.uniswap.org/uniswap.platformservice.v1.SessionService/Challenge:0
[   93619ms] [INFO] INFO {context: Object} [Event: Session Init Started] {git_commit_hash: 9ed17066c95192873c6353c7f745d760f7641dce} @ http://localhost:3000/@fs/C:/Users/avone/OneDrive/Desktop/HokkOS/HookSwap/packages/utilities/src/logger/logger.ts:57
[   93620ms] [INFO] INFO {context: Object} Session init started @ http://localhost:3000/@fs/C:/Users/avone/OneDrive/Desktop/HokkOS/HookSwap/packages/utilities/src/logger/logger.ts:57
[   93732ms] [INFO] INFO {context: Object} [Event: Session Init Completed] {need_challenge: true, duration_ms: 112.19999998807907, git_commit_hash: 9ed17066c95192873c6353c7f745d760f7641dce} @ http://localhost:3000/@fs/C:/Users/avone/OneDrive/Desktop/HokkOS/HookSwap/packages/utilities/src/logger/logger.ts:57
[   93732ms] [INFO] INFO {context: Object} Session init completed {needChallenge: true, durationMs: 112.19999998807907} @ http://localhost:3000/@fs/C:/Users/avone/OneDrive/Desktop/HokkOS/HookSwap/packages/utilities/src/logger/logger.ts:57
[   93834ms] [ERROR] Failed to load resource: the server responded with a status of 400 () @ https://entry-gateway.backend-staging.api.uniswap.org/uniswap.platformservice.v1.SessionService/Challenge:0
[   95851ms] [INFO] INFO {context: Object} [Event: Session Init Started] {git_commit_hash: 9ed17066c95192873c6353c7f745d760f7641dce} @ http://localhost:3000/@fs/C:/Users/avone/OneDrive/Desktop/HokkOS/HookSwap/packages/utilities/src/logger/logger.ts:57
[   95852ms] [INFO] INFO {context: Object} Session init started @ http://localhost:3000/@fs/C:/Users/avone/OneDrive/Desktop/HokkOS/HookSwap/packages/utilities/src/logger/logger.ts:57
[   96423ms] [INFO] INFO {context: Object} [Event: Session Init Completed] {need_challenge: true, duration_ms: 571.8000000119209, git_commit_hash: 9ed17066c95192873c6353c7f745d760f7641dce} @ http://localhost:3000/@fs/C:/Users/avone/OneDrive/Desktop/HokkOS/HookSwap/packages/utilities/src/logger/logger.ts:57
[   96423ms] [INFO] INFO {context: Object} Session init completed {needChallenge: true, durationMs: 571.8000000119209} @ http://localhost:3000/@fs/C:/Users/avone/OneDrive/Desktop/HokkOS/HookSwap/packages/utilities/src/logger/logger.ts:57
[   96534ms] [ERROR] Failed to load resource: the server responded with a status of 400 () @ https://entry-gateway.backend-staging.api.uniswap.org/uniswap.platformservice.v1.SessionService/Challenge:0
[  100539ms] [INFO] INFO {context: Object} [Event: Session Init Started] {git_commit_hash: 9ed17066c95192873c6353c7f745d760f7641dce} @ http://localhost:3000/@fs/C:/Users/avone/OneDrive/Desktop/HokkOS/HookSwap/packages/utilities/src/logger/logger.ts:57
[  100540ms] [INFO] INFO {context: Object} Session init started @ http://localhost:3000/@fs/C:/Users/avone/OneDrive/Desktop/HokkOS/HookSwap/packages/utilities/src/logger/logger.ts:57
[  100650ms] [INFO] INFO {context: Object} [Event: Session Init Completed] {need_challenge: true, duration_ms: 110.40000000596046, git_commit_hash: 9ed17066c95192873c6353c7f745d760f7641dce} @ http://localhost:3000/@fs/C:/Users/avone/OneDrive/Desktop/HokkOS/HookSwap/packages/utilities/src/logger/logger.ts:57
[  100650ms] [INFO] INFO {context: Object} Session init completed {needChallenge: true, durationMs: 110.40000000596046} @ http://localhost:3000/@fs/C:/Users/avone/OneDrive/Desktop/HokkOS/HookSwap/packages/utilities/src/logger/logger.ts:57
[  100755ms] [ERROR] Failed to load resource: the server responded with a status of 400 () @ https://entry-gateway.backend-staging.api.uniswap.org/uniswap.platformservice.v1.SessionService/Challenge:0
[  100756ms] [WARNING] WARN {context: Object} Session init failed {tags: Object, extra: Object} @ http://localhost:3000/@fs/C:/Users/avone/OneDrive/Desktop/HokkOS/HookSwap/packages/utilities/src/logger/logger.ts:57
[  100756ms] [WARNING] WARN {context: Object} Session init failed {tags: Object, extra: Object} @ http://localhost:3000/@fs/C:/Users/avone/OneDrive/Desktop/HokkOS/HookSwap/packages/utilities/src/logger/logger.ts:57
[  100756ms] [WARNING] WARN {context: Object} Session init failed {tags: Object, extra: Object} @ http://localhost:3000/@fs/C:/Users/avone/OneDrive/Desktop/HokkOS/HookSwap/packages/utilities/src/logger/logger.ts:57
[  100757ms] [INFO] INFO {context: Object} [Event: Session Init Started] {git_commit_hash: 9ed17066c95192873c6353c7f745d760f7641dce} @ http://localhost:3000/@fs/C:/Users/avone/OneDrive/Desktop/HokkOS/HookSwap/packages/utilities/src/logger/logger.ts:57
[  100757ms] [INFO] INFO {context: Object} Session init started @ http://localhost:3000/@fs/C:/Users/avone/OneDrive/Desktop/HokkOS/HookSwap/packages/utilities/src/logger/logger.ts:57
[  100866ms] [INFO] INFO {context: Object} [Event: Session Init Completed] {need_challenge: true, duration_ms: 109.5, git_commit_hash: 9ed17066c95192873c6353c7f745d760f7641dce} @ http://localhost:3000/@fs/C:/Users/avone/OneDrive/Desktop/HokkOS/HookSwap/packages/utilities/src/logger/logger.ts:57
[  100866ms] [INFO] INFO {context: Object} Session init completed {needChallenge: true, durationMs: 109.5} @ http://localhost:3000/@fs/C:/Users/avone/OneDrive/Desktop/HokkOS/HookSwap/packages/utilities/src/logger/logger.ts:57
[  100962ms] [ERROR] Failed to load resource: the server responded with a status of 400 () @ https://entry-gateway.backend-staging.api.uniswap.org/uniswap.platformservice.v1.SessionService/Challenge:0
[  101973ms] [INFO] INFO {context: Object} [Event: Session Init Started] {git_commit_hash: 9ed17066c95192873c6353c7f745d760f7641dce} @ http://localhost:3000/@fs/C:/Users/avone/OneDrive/Desktop/HokkOS/HookSwap/packages/utilities/src/logger/logger.ts:57
[  101973ms] [INFO] INFO {context: Object} Session init started @ http://localhost:3000/@fs/C:/Users/avone/OneDrive/Desktop/HokkOS/HookSwap/packages/utilities/src/logger/logger.ts:57
[  102087ms] [INFO] INFO {context: Object} [Event: Session Init Completed] {need_challenge: true, duration_ms: 113.59999999403954, git_commit_hash: 9ed17066c95192873c6353c7f745d760f7641dce} @ http://localhost:3000/@fs/C:/Users/avone/OneDrive/Desktop/HokkOS/HookSwap/packages/utilities/src/logger/logger.ts:57
[  102087ms] [INFO] INFO {context: Object} Session init completed {needChallenge: true, durationMs: 113.59999999403954} @ http://localhost:3000/@fs/C:/Users/avone/OneDrive/Desktop/HokkOS/HookSwap/packages/utilities/src/logger/logger.ts:57
[  102187ms] [ERROR] Failed to load resource: the server responded with a status of 400 () @ https://entry-gateway.backend-staging.api.uniswap.org/uniswap.platformservice.v1.SessionService/Challenge:0
[  104194ms] [INFO] INFO {context: Object} [Event: Session Init Started] {git_commit_hash: 9ed17066c95192873c6353c7f745d760f7641dce} @ http://localhost:3000/@fs/C:/Users/avone/OneDrive/Desktop/HokkOS/HookSwap/packages/utilities/src/logger/logger.ts:57
[  104194ms] [INFO] INFO {context: Object} Session init started @ http://localhost:3000/@fs/C:/Users/avone/OneDrive/Desktop/HokkOS/HookSwap/packages/utilities/src/logger/logger.ts:57
[  104525ms] [INFO] INFO {context: Object} [Event: Session Init Completed] {need_challenge: true, duration_ms: 331, git_commit_hash: 9ed17066c95192873c6353c7f745d760f7641dce} @ http://localhost:3000/@fs/C:/Users/avone/OneDrive/Desktop/HokkOS/HookSwap/packages/utilities/src/logger/logger.ts:57
[  104525ms] [INFO] INFO {context: Object} Session init completed {needChallenge: true, durationMs: 331} @ http://localhost:3000/@fs/C:/Users/avone/OneDrive/Desktop/HokkOS/HookSwap/packages/utilities/src/logger/logger.ts:57
[  104632ms] [ERROR] Failed to load resource: the server responded with a status of 400 () @ https://entry-gateway.backend-staging.api.uniswap.org/uniswap.platformservice.v1.SessionService/Challenge:0
[  108645ms] [INFO] INFO {context: Object} [Event: Session Init Started] {git_commit_hash: 9ed17066c95192873c6353c7f745d760f7641dce} @ http://localhost:3000/@fs/C:/Users/avone/OneDrive/Desktop/HokkOS/HookSwap/packages/utilities/src/logger/logger.ts:57
[  108645ms] [INFO] INFO {context: Object} Session init started @ http://localhost:3000/@fs/C:/Users/avone/OneDrive/Desktop/HokkOS/HookSwap/packages/utilities/src/logger/logger.ts:57
[  108758ms] [INFO] INFO {context: Object} [Event: Session Init Completed] {need_challenge: true, duration_ms: 113.09999999403954, git_commit_hash: 9ed17066c95192873c6353c7f745d760f7641dce} @ http://localhost:3000/@fs/C:/Users/avone/OneDrive/Desktop/HokkOS/HookSwap/packages/utilities/src/logger/logger.ts:57
[  108758ms] [INFO] INFO {context: Object} Session init completed {needChallenge: true, durationMs: 113.09999999403954} @ http://localhost:3000/@fs/C:/Users/avone/OneDrive/Desktop/HokkOS/HookSwap/packages/utilities/src/logger/logger.ts:57
[  108866ms] [ERROR] Failed to load resource: the server responded with a status of 400 () @ https://entry-gateway.backend-staging.api.uniswap.org/uniswap.platformservice.v1.SessionService/Challenge:0
[  108867ms] [WARNING] WARN {context: Object} Session init failed {tags: Object, extra: Object} @ http://localhost:3000/@fs/C:/Users/avone/OneDrive/Desktop/HokkOS/HookSwap/packages/utilities/src/logger/logger.ts:57
[  108867ms] [WARNING] WARN {context: Object} Session init failed {tags: Object, extra: Object} @ http://localhost:3000/@fs/C:/Users/avone/OneDrive/Desktop/HokkOS/HookSwap/packages/utilities/src/logger/logger.ts:57
[  108867ms] [WARNING] WARN {context: Object} Session init failed {tags: Object, extra: Object} @ http://localhost:3000/@fs/C:/Users/avone/OneDrive/Desktop/HokkOS/HookSwap/packages/utilities/src/logger/logger.ts:57
[  108868ms] [INFO] INFO {context: Object} [Event: Session Init Started] {git_commit_hash: 9ed17066c95192873c6353c7f745d760f7641dce} @ http://localhost:3000/@fs/C:/Users/avone/OneDrive/Desktop/HokkOS/HookSwap/packages/utilities/src/logger/logger.ts:57
[  108868ms] [INFO] INFO {context: Object} Session init started @ http://localhost:3000/@fs/C:/Users/avone/OneDrive/Desktop/HokkOS/HookSwap/packages/utilities/src/logger/logger.ts:57
[  108980ms] [INFO] INFO {context: Object} [Event: Session Init Completed] {need_challenge: true, duration_ms: 112.09999999403954, git_commit_hash: 9ed17066c95192873c6353c7f745d760f7641dce} @ http://localhost:3000/@fs/C:/Users/avone/OneDrive/Desktop/HokkOS/HookSwap/packages/utilities/src/logger/logger.ts:57
[  108980ms] [INFO] INFO {context: Object} Session init completed {needChallenge: true, durationMs: 112.09999999403954} @ http://localhost:3000/@fs/C:/Users/avone/OneDrive/Desktop/HokkOS/HookSwap/packages/utilities/src/logger/logger.ts:57
[  109088ms] [ERROR] Failed to load resource: the server responded with a status of 400 () @ https://entry-gateway.backend-staging.api.uniswap.org/uniswap.platformservice.v1.SessionService/Challenge:0
[  110095ms] [INFO] INFO {context: Object} [Event: Session Init Started] {git_commit_hash: 9ed17066c95192873c6353c7f745d760f7641dce} @ http://localhost:3000/@fs/C:/Users/avone/OneDrive/Desktop/HokkOS/HookSwap/packages/utilities/src/logger/logger.ts:57
[  110095ms] [INFO] INFO {context: Object} Session init started @ http://localhost:3000/@fs/C:/Users/avone/OneDrive/Desktop/HokkOS/HookSwap/packages/utilities/src/logger/logger.ts:57
[  110213ms] [INFO] INFO {context: Object} [Event: Session Init Completed] {need_challenge: true, duration_ms: 117.80000001192093, git_commit_hash: 9ed17066c95192873c6353c7f745d760f7641dce} @ http://localhost:3000/@fs/C:/Users/avone/OneDrive/Desktop/HokkOS/HookSwap/packages/utilities/src/logger/logger.ts:57
[  110213ms] [INFO] INFO {context: Object} Session init completed {needChallenge: true, durationMs: 117.80000001192093} @ http://localhost:3000/@fs/C:/Users/avone/OneDrive/Desktop/HokkOS/HookSwap/packages/utilities/src/logger/logger.ts:57
[  110398ms] [ERROR] Failed to load resource: the server responded with a status of 400 () @ https://entry-gateway.backend-staging.api.uniswap.org/uniswap.platformservice.v1.SessionService/Challenge:0
[  112410ms] [INFO] INFO {context: Object} [Event: Session Init Started] {git_commit_hash: 9ed17066c95192873c6353c7f745d760f7641dce} @ http://localhost:3000/@fs/C:/Users/avone/OneDrive/Desktop/HokkOS/HookSwap/packages/utilities/src/logger/logger.ts:57
[  112410ms] [INFO] INFO {context: Object} Session init started @ http://localhost:3000/@fs/C:/Users/avone/OneDrive/Desktop/HokkOS/HookSwap/packages/utilities/src/logger/logger.ts:57
[  112694ms] [INFO] INFO {context: Object} [Event: Session Init Completed] {need_challenge: true, duration_ms: 284.40000000596046, git_commit_hash: 9ed17066c95192873c6353c7f745d760f7641dce} @ http://localhost:3000/@fs/C:/Users/avone/OneDrive/Desktop/HokkOS/HookSwap/packages/utilities/src/logger/logger.ts:57
[  112695ms] [INFO] INFO {context: Object} Session init completed {needChallenge: true, durationMs: 284.40000000596046} @ http://localhost:3000/@fs/C:/Users/avone/OneDrive/Desktop/HokkOS/HookSwap/packages/utilities/src/logger/logger.ts:57
[  112843ms] [ERROR] Failed to load resource: the server responded with a status of 400 () @ https://entry-gateway.backend-staging.api.uniswap.org/uniswap.platformservice.v1.SessionService/Challenge:0
[  116856ms] [INFO] INFO {context: Object} [Event: Session Init Started] {git_commit_hash: 9ed17066c95192873c6353c7f745d760f7641dce} @ http://localhost:3000/@fs/C:/Users/avone/OneDrive/Desktop/HokkOS/HookSwap/packages/utilities/src/logger/logger.ts:57
[  116856ms] [INFO] INFO {context: Object} Session init started @ http://localhost:3000/@fs/C:/Users/avone/OneDrive/Desktop/HokkOS/HookSwap/packages/utilities/src/logger/logger.ts:57
[  117020ms] [INFO] INFO {context: Object} [Event: Session Init Completed] {need_challenge: true, duration_ms: 164.90000000596046, git_commit_hash: 9ed17066c95192873c6353c7f745d760f7641dce} @ http://localhost:3000/@fs/C:/Users/avone/OneDrive/Desktop/HokkOS/HookSwap/packages/utilities/src/logger/logger.ts:57
[  117021ms] [INFO] INFO {context: Object} Session init completed {needChallenge: true, durationMs: 164.90000000596046} @ http://localhost:3000/@fs/C:/Users/avone/OneDrive/Desktop/HokkOS/HookSwap/packages/utilities/src/logger/logger.ts:57
[  117175ms] [ERROR] Failed to load resource: the server responded with a status of 400 () @ https://entry-gateway.backend-staging.api.uniswap.org/uniswap.platformservice.v1.SessionService/Challenge:0
[  117176ms] [WARNING] WARN {context: Object} Session init failed {tags: Object, extra: Object} @ http://localhost:3000/@fs/C:/Users/avone/OneDrive/Desktop/HokkOS/HookSwap/packages/utilities/src/logger/logger.ts:57
[  117176ms] [WARNING] WARN {context: Object} Session init failed {tags: Object, extra: Object} @ http://localhost:3000/@fs/C:/Users/avone/OneDrive/Desktop/HokkOS/HookSwap/packages/utilities/src/logger/logger.ts:57
[  117176ms] [WARNING] WARN {context: Object} Session init failed {tags: Object, extra: Object} @ http://localhost:3000/@fs/C:/Users/avone/OneDrive/Desktop/HokkOS/HookSwap/packages/utilities/src/logger/logger.ts:57
[  117177ms] [INFO] INFO {context: Object} [Event: Session Init Started] {git_commit_hash: 9ed17066c95192873c6353c7f745d760f7641dce} @ http://localhost:3000/@fs/C:/Users/avone/OneDrive/Desktop/HokkOS/HookSwap/packages/utilities/src/logger/logger.ts:57
[  117177ms] [INFO] INFO {context: Object} Session init started @ http://localhost:3000/@fs/C:/Users/avone/OneDrive/Desktop/HokkOS/HookSwap/packages/utilities/src/logger/logger.ts:57
[  117352ms] [INFO] INFO {context: Object} [Event: Session Init Completed] {need_challenge: true, duration_ms: 175.09999999403954, git_commit_hash: 9ed17066c95192873c6353c7f745d760f7641dce} @ http://localhost:3000/@fs/C:/Users/avone/OneDrive/Desktop/HokkOS/HookSwap/packages/utilities/src/logger/logger.ts:57
[  117352ms] [INFO] INFO {context: Object} Session init completed {needChallenge: true, durationMs: 175.09999999403954} @ http://localhost:3000/@fs/C:/Users/avone/OneDrive/Desktop/HokkOS/HookSwap/packages/utilities/src/logger/logger.ts:57
[  117538ms] [ERROR] Failed to load resource: the server responded with a status of 400 () @ https://entry-gateway.backend-staging.api.uniswap.org/uniswap.platformservice.v1.SessionService/Challenge:0
[  118544ms] [INFO] INFO {context: Object} [Event: Session Init Started] {git_commit_hash: 9ed17066c95192873c6353c7f745d760f7641dce} @ http://localhost:3000/@fs/C:/Users/avone/OneDrive/Desktop/HokkOS/HookSwap/packages/utilities/src/logger/logger.ts:57
[  118544ms] [INFO] INFO {context: Object} Session init started @ http://localhost:3000/@fs/C:/Users/avone/OneDrive/Desktop/HokkOS/HookSwap/packages/utilities/src/logger/logger.ts:57
[  121160ms] [INFO] INFO {context: Object} [Event: Session Init Completed] {need_challenge: true, duration_ms: 2616.4000000059605, git_commit_hash: 9ed17066c95192873c6353c7f745d760f7641dce} @ http://localhost:3000/@fs/C:/Users/avone/OneDrive/Desktop/HokkOS/HookSwap/packages/utilities/src/logger/logger.ts:57
[  121161ms] [INFO] INFO {context: Object} Session init completed {needChallenge: true, durationMs: 2616.4000000059605} @ http://localhost:3000/@fs/C:/Users/avone/OneDrive/Desktop/HokkOS/HookSwap/packages/utilities/src/logger/logger.ts:57
[  121320ms] [ERROR] Failed to load resource: the server responded with a status of 400 () @ https://entry-gateway.backend-staging.api.uniswap.org/uniswap.platformservice.v1.SessionService/Challenge:0
[  123429ms] [INFO] INFO {context: Object} [Event: Session Init Started] {git_commit_hash: 9ed17066c95192873c6353c7f745d760f7641dce} @ http://localhost:3000/@fs/C:/Users/avone/OneDrive/Desktop/HokkOS/HookSwap/packages/utilities/src/logger/logger.ts:57
[  123430ms] [INFO] INFO {context: Object} Session init started @ http://localhost:3000/@fs/C:/Users/avone/OneDrive/Desktop/HokkOS/HookSwap/packages/utilities/src/logger/logger.ts:57
[  124823ms] [INFO] INFO {context: Object} [Event: Session Init Completed] {need_challenge: true, duration_ms: 1393.5, git_commit_hash: 9ed17066c95192873c6353c7f745d760f7641dce} @ http://localhost:3000/@fs/C:/Users/avone/OneDrive/Desktop/HokkOS/HookSwap/packages/utilities/src/logger/logger.ts:57
[  124823ms] [INFO] INFO {context: Object} Session init completed {needChallenge: true, durationMs: 1393.5} @ http://localhost:3000/@fs/C:/Users/avone/OneDrive/Desktop/HokkOS/HookSwap/packages/utilities/src/logger/logger.ts:57
[  124991ms] [ERROR] Failed to load resource: the server responded with a status of 400 () @ https://entry-gateway.backend-staging.api.uniswap.org/uniswap.platformservice.v1.SessionService/Challenge:0
[  127182ms] [WARNING] WARN {context: Object} Session ready timed out {tags: Object, extra: Object} @ http://localhost:3000/@fs/C:/Users/avone/OneDrive/Desktop/HokkOS/HookSwap/packages/utilities/src/logger/logger.ts:57
[  127183ms] [WARNING] WARN {context: Object} Session ready timed out {tags: Object, extra: Object} @ http://localhost:3000/@fs/C:/Users/avone/OneDrive/Desktop/HokkOS/HookSwap/packages/utilities/src/logger/logger.ts:57
[  127183ms] [WARNING] WARN {context: Object} Session ready timed out {tags: Object, extra: Object} @ http://localhost:3000/@fs/C:/Users/avone/OneDrive/Desktop/HokkOS/HookSwap/packages/utilities/src/logger/logger.ts:57
[  128996ms] [INFO] INFO {context: Object} [Event: Session Init Started] {git_commit_hash: 9ed17066c95192873c6353c7f745d760f7641dce} @ http://localhost:3000/@fs/C:/Users/avone/OneDrive/Desktop/HokkOS/HookSwap/packages/utilities/src/logger/logger.ts:57
[  128996ms] [INFO] INFO {context: Object} Session init started @ http://localhost:3000/@fs/C:/Users/avone/OneDrive/Desktop/HokkOS/HookSwap/packages/utilities/src/logger/logger.ts:57
[  129151ms] [INFO] INFO {context: Object} [Event: Session Init Completed] {need_challenge: true, duration_ms: 155.30000001192093, git_commit_hash: 9ed17066c95192873c6353c7f745d760f7641dce} @ http://localhost:3000/@fs/C:/Users/avone/OneDrive/Desktop/HokkOS/HookSwap/packages/utilities/src/logger/logger.ts:57
[  129151ms] [INFO] INFO {context: Object} Session init completed {needChallenge: true, durationMs: 155.30000001192093} @ http://localhost:3000/@fs/C:/Users/avone/OneDrive/Desktop/HokkOS/HookSwap/packages/utilities/src/logger/logger.ts:57
[  129262ms] [ERROR] Failed to load resource: the server responded with a status of 400 () @ https://entry-gateway.backend-staging.api.uniswap.org/uniswap.platformservice.v1.SessionService/Challenge:0
[  129263ms] [WARNING] WARN {context: Object} Session init failed {tags: Object, extra: Object} @ http://localhost:3000/@fs/C:/Users/avone/OneDrive/Desktop/HokkOS/HookSwap/packages/utilities/src/logger/logger.ts:57
[  129263ms] [WARNING] WARN {context: Object} Session init failed {tags: Object, extra: Object} @ http://localhost:3000/@fs/C:/Users/avone/OneDrive/Desktop/HokkOS/HookSwap/packages/utilities/src/logger/logger.ts:57
[  129264ms] [WARNING] WARN {context: Object} Session init failed {tags: Object, extra: Object} @ http://localhost:3000/@fs/C:/Users/avone/OneDrive/Desktop/HokkOS/HookSwap/packages/utilities/src/logger/logger.ts:57
[  129265ms] [INFO] INFO {context: Object} [Event: Session Init Started] {git_commit_hash: 9ed17066c95192873c6353c7f745d760f7641dce} @ http://localhost:3000/@fs/C:/Users/avone/OneDrive/Desktop/HokkOS/HookSwap/packages/utilities/src/logger/logger.ts:57
[  129265ms] [INFO] INFO {context: Object} Session init started @ http://localhost:3000/@fs/C:/Users/avone/OneDrive/Desktop/HokkOS/HookSwap/packages/utilities/src/logger/logger.ts:57
[  129409ms] [INFO] INFO {context: Object} [Event: Session Init Completed] {need_challenge: true, duration_ms: 144.5, git_commit_hash: 9ed17066c95192873c6353c7f745d760f7641dce} @ http://localhost:3000/@fs/C:/Users/avone/OneDrive/Desktop/HokkOS/HookSwap/packages/utilities/src/logger/logger.ts:57
[  129409ms] [INFO] INFO {context: Object} Session init completed {needChallenge: true, durationMs: 144.5} @ http://localhost:3000/@fs/C:/Users/avone/OneDrive/Desktop/HokkOS/HookSwap/packages/utilities/src/logger/logger.ts:57
[  129551ms] [ERROR] Failed to load resource: the server responded with a status of 400 () @ https://entry-gateway.backend-staging.api.uniswap.org/uniswap.platformservice.v1.SessionService/Challenge:0
[  130565ms] [INFO] INFO {context: Object} [Event: Session Init Started] {git_commit_hash: 9ed17066c95192873c6353c7f745d760f7641dce} @ http://localhost:3000/@fs/C:/Users/avone/OneDrive/Desktop/HokkOS/HookSwap/packages/utilities/src/logger/logger.ts:57
[  130565ms] [INFO] INFO {context: Object} Session init started @ http://localhost:3000/@fs/C:/Users/avone/OneDrive/Desktop/HokkOS/HookSwap/packages/utilities/src/logger/logger.ts:57
[  130737ms] [INFO] INFO {context: Object} [Event: Session Init Completed] {need_challenge: true, duration_ms: 172.09999999403954, git_commit_hash: 9ed17066c95192873c6353c7f745d760f7641dce} @ http://localhost:3000/@fs/C:/Users/avone/OneDrive/Desktop/HokkOS/HookSwap/packages/utilities/src/logger/logger.ts:57
[  130737ms] [INFO] INFO {context: Object} Session init completed {needChallenge: true, durationMs: 172.09999999403954} @ http://localhost:3000/@fs/C:/Users/avone/OneDrive/Desktop/HokkOS/HookSwap/packages/utilities/src/logger/logger.ts:57
[  131500ms] [ERROR] Failed to load resource: the server responded with a status of 400 () @ https://entry-gateway.backend-staging.api.uniswap.org/uniswap.platformservice.v1.SessionService/Challenge:0
[  133506ms] [INFO] INFO {context: Object} [Event: Session Init Started] {git_commit_hash: 9ed17066c95192873c6353c7f745d760f7641dce} @ http://localhost:3000/@fs/C:/Users/avone/OneDrive/Desktop/HokkOS/HookSwap/packages/utilities/src/logger/logger.ts:57
[  133506ms] [INFO] INFO {context: Object} Session init started @ http://localhost:3000/@fs/C:/Users/avone/OneDrive/Desktop/HokkOS/HookSwap/packages/utilities/src/logger/logger.ts:57
[  133656ms] [INFO] INFO {context: Object} [Event: Session Init Completed] {need_challenge: true, duration_ms: 150, git_commit_hash: 9ed17066c95192873c6353c7f745d760f7641dce} @ http://localhost:3000/@fs/C:/Users/avone/OneDrive/Desktop/HokkOS/HookSwap/packages/utilities/src/logger/logger.ts:57
[  133656ms] [INFO] INFO {context: Object} Session init completed {needChallenge: true, durationMs: 150} @ http://localhost:3000/@fs/C:/Users/avone/OneDrive/Desktop/HokkOS/HookSwap/packages/utilities/src/logger/logger.ts:57
[  133798ms] [ERROR] Failed to load resource: the server responded with a status of 400 () @ https://entry-gateway.backend-staging.api.uniswap.org/uniswap.platformservice.v1.SessionService/Challenge:0
[  137806ms] [INFO] INFO {context: Object} [Event: Session Init Started] {git_commit_hash: 9ed17066c95192873c6353c7f745d760f7641dce} @ http://localhost:3000/@fs/C:/Users/avone/OneDrive/Desktop/HokkOS/HookSwap/packages/utilities/src/logger/logger.ts:57
[  137806ms] [INFO] INFO {context: Object} Session init started @ http://localhost:3000/@fs/C:/Users/avone/OneDrive/Desktop/HokkOS/HookSwap/packages/utilities/src/logger/logger.ts:57
[  137926ms] [INFO] INFO {context: Object} [Event: Session Init Completed] {need_challenge: true, duration_ms: 120.30000001192093, git_commit_hash: 9ed17066c95192873c6353c7f745d760f7641dce} @ http://localhost:3000/@fs/C:/Users/avone/OneDrive/Desktop/HokkOS/HookSwap/packages/utilities/src/logger/logger.ts:57
[  137926ms] [INFO] INFO {context: Object} Session init completed {needChallenge: true, durationMs: 120.30000001192093} @ http://localhost:3000/@fs/C:/Users/avone/OneDrive/Desktop/HokkOS/HookSwap/packages/utilities/src/logger/logger.ts:57
[  138032ms] [ERROR] Failed to load resource: the server responded with a status of 400 () @ https://entry-gateway.backend-staging.api.uniswap.org/uniswap.platformservice.v1.SessionService/Challenge:0
[  138033ms] [WARNING] WARN {context: Object} Session init failed {tags: Object, extra: Object} @ http://localhost:3000/@fs/C:/Users/avone/OneDrive/Desktop/HokkOS/HookSwap/packages/utilities/src/logger/logger.ts:57
[  138033ms] [WARNING] WARN {context: Object} Session init failed {tags: Object, extra: Object} @ http://localhost:3000/@fs/C:/Users/avone/OneDrive/Desktop/HokkOS/HookSwap/packages/utilities/src/logger/logger.ts:57
[  138033ms] [WARNING] WARN {context: Object} Session init failed {tags: Object, extra: Object} @ http://localhost:3000/@fs/C:/Users/avone/OneDrive/Desktop/HokkOS/HookSwap/packages/utilities/src/logger/logger.ts:57
[  138034ms] [INFO] INFO {context: Object} [Event: Session Init Started] {git_commit_hash: 9ed17066c95192873c6353c7f745d760f7641dce} @ http://localhost:3000/@fs/C:/Users/avone/OneDrive/Desktop/HokkOS/HookSwap/packages/utilities/src/logger/logger.ts:57
[  138034ms] [INFO] INFO {context: Object} Session init started @ http://localhost:3000/@fs/C:/Users/avone/OneDrive/Desktop/HokkOS/HookSwap/packages/utilities/src/logger/logger.ts:57
[  138152ms] [INFO] INFO {context: Object} [Event: Session Init Completed] {need_challenge: true, duration_ms: 118.09999999403954, git_commit_hash: 9ed17066c95192873c6353c7f745d760f7641dce} @ http://localhost:3000/@fs/C:/Users/avone/OneDrive/Desktop/HokkOS/HookSwap/packages/utilities/src/logger/logger.ts:57
[  138152ms] [INFO] INFO {context: Object} Session init completed {needChallenge: true, durationMs: 118.09999999403954} @ http://localhost:3000/@fs/C:/Users/avone/OneDrive/Desktop/HokkOS/HookSwap/packages/utilities/src/logger/logger.ts:57
[  140132ms] [ERROR] Failed to load resource: the server responded with a status of 400 () @ https://entry-gateway.backend-staging.api.uniswap.org/uniswap.platformservice.v1.SessionService/Challenge:0
[  141136ms] [INFO] INFO {context: Object} [Event: Session Init Started] {git_commit_hash: 9ed17066c95192873c6353c7f745d760f7641dce} @ http://localhost:3000/@fs/C:/Users/avone/OneDrive/Desktop/HokkOS/HookSwap/packages/utilities/src/logger/logger.ts:57
[  141136ms] [INFO] INFO {context: Object} Session init started @ http://localhost:3000/@fs/C:/Users/avone/OneDrive/Desktop/HokkOS/HookSwap/packages/utilities/src/logger/logger.ts:57
[  141275ms] [INFO] INFO {context: Object} [Event: Session Init Completed] {need_challenge: true, duration_ms: 139.19999998807907, git_commit_hash: 9ed17066c95192873c6353c7f745d760f7641dce} @ http://localhost:3000/@fs/C:/Users/avone/OneDrive/Desktop/HokkOS/HookSwap/packages/utilities/src/logger/logger.ts:57
[  141276ms] [INFO] INFO {context: Object} Session init completed {needChallenge: true, durationMs: 139.19999998807907} @ http://localhost:3000/@fs/C:/Users/avone/OneDrive/Desktop/HokkOS/HookSwap/packages/utilities/src/logger/logger.ts:57
[  141398ms] [ERROR] Failed to load resource: the server responded with a status of 400 () @ https://entry-gateway.backend-staging.api.uniswap.org/uniswap.platformservice.v1.SessionService/Challenge:0
[  143402ms] [INFO] INFO {context: Object} [Event: Session Init Started] {git_commit_hash: 9ed17066c95192873c6353c7f745d760f7641dce} @ http://localhost:3000/@fs/C:/Users/avone/OneDrive/Desktop/HokkOS/HookSwap/packages/utilities/src/logger/logger.ts:57
[  143402ms] [INFO] INFO {context: Object} Session init started @ http://localhost:3000/@fs/C:/Users/avone/OneDrive/Desktop/HokkOS/HookSwap/packages/utilities/src/logger/logger.ts:57
[  144376ms] [INFO] INFO {context: Object} [Event: Session Init Completed] {need_challenge: true, duration_ms: 974.2999999821186, git_commit_hash: 9ed17066c95192873c6353c7f745d760f7641dce} @ http://localhost:3000/@fs/C:/Users/avone/OneDrive/Desktop/HokkOS/HookSwap/packages/utilities/src/logger/logger.ts:57
[  144376ms] [INFO] INFO {context: Object} Session init completed {needChallenge: true, durationMs: 974.2999999821186} @ http://localhost:3000/@fs/C:/Users/avone/OneDrive/Desktop/HokkOS/HookSwap/packages/utilities/src/logger/logger.ts:57
[  144504ms] [ERROR] Failed to load resource: the server responded with a status of 400 () @ https://entry-gateway.backend-staging.api.uniswap.org/uniswap.platformservice.v1.SessionService/Challenge:0
[  148041ms] [WARNING] WARN {context: Object} Session ready timed out {tags: Object, extra: Object} @ http://localhost:3000/@fs/C:/Users/avone/OneDrive/Desktop/HokkOS/HookSwap/packages/utilities/src/logger/logger.ts:57
[  148041ms] [WARNING] WARN {context: Object} Suppressed 19 RPC errors in previous 60s window {provider: unirpc, chainId: 1, methods: Object, errors: Object} @ http://localhost:3000/@fs/C:/Users/avone/OneDrive/Desktop/HokkOS/HookSwap/packages/utilities/src/logger/logger.ts:57
[  148041ms] [WARNING] WARN {context: Object} RPC error {method: net_version, chainId: 1, durationMs: 10007, provider: unirpc, transport: viem} @ http://localhost:3000/@fs/C:/Users/avone/OneDrive/Desktop/HokkOS/HookSwap/packages/utilities/src/logger/logger.ts:57
[  148041ms] [WARNING] WARN {context: Object} Session ready timed out {tags: Object, extra: Object} @ http://localhost:3000/@fs/C:/Users/avone/OneDrive/Desktop/HokkOS/HookSwap/packages/utilities/src/logger/logger.ts:57
[  148041ms] [WARNING] WARN {context: Object} RPC error {method: eth_blockNumber, chainId: 1, durationMs: 10007, provider: unirpc, transport: viem} @ http://localhost:3000/@fs/C:/Users/avone/OneDrive/Desktop/HokkOS/HookSwap/packages/utilities/src/logger/logger.ts:57
[  148042ms] [WARNING] WARN {context: Object} Session ready timed out {tags: Object, extra: Object} @ http://localhost:3000/@fs/C:/Users/avone/OneDrive/Desktop/HokkOS/HookSwap/packages/utilities/src/logger/logger.ts:57
[  148042ms] [WARNING] WARN {context: Object} RPC error {method: eth_chainId, chainId: 1, durationMs: 10007, provider: unirpc, transport: viem} @ http://localhost:3000/@fs/C:/Users/avone/OneDrive/Desktop/HokkOS/HookSwap/packages/utilities/src/logger/logger.ts:57
[  148517ms] [INFO] INFO {context: Object} [Event: Session Init Started] {git_commit_hash: 9ed17066c95192873c6353c7f745d760f7641dce} @ http://localhost:3000/@fs/C:/Users/avone/OneDrive/Desktop/HokkOS/HookSwap/packages/utilities/src/logger/logger.ts:57
[  148517ms] [INFO] INFO {context: Object} Session init started @ http://localhost:3000/@fs/C:/Users/avone/OneDrive/Desktop/HokkOS/HookSwap/packages/utilities/src/logger/logger.ts:57
[  148738ms] [INFO] INFO {context: Object} [Event: Session Init Completed] {need_challenge: true, duration_ms: 221.19999998807907, git_commit_hash: 9ed17066c95192873c6353c7f745d760f7641dce} @ http://localhost:3000/@fs/C:/Users/avone/OneDrive/Desktop/HokkOS/HookSwap/packages/utilities/src/logger/logger.ts:57
[  148738ms] [INFO] INFO {context: Object} Session init completed {needChallenge: true, durationMs: 221.19999998807907} @ http://localhost:3000/@fs/C:/Users/avone/OneDrive/Desktop/HokkOS/HookSwap/packages/utilities/src/logger/logger.ts:57
[  148853ms] [ERROR] Failed to load resource: the server responded with a status of 400 () @ https://entry-gateway.backend-staging.api.uniswap.org/uniswap.platformservice.v1.SessionService/Challenge:0
[  148854ms] [WARNING] WARN {context: Object} Session init failed {tags: Object, extra: Object} @ http://localhost:3000/@fs/C:/Users/avone/OneDrive/Desktop/HokkOS/HookSwap/packages/utilities/src/logger/logger.ts:57
[  148854ms] [WARNING] WARN {context: Object} Session init failed {tags: Object, extra: Object} @ http://localhost:3000/@fs/C:/Users/avone/OneDrive/Desktop/HokkOS/HookSwap/packages/utilities/src/logger/logger.ts:57
[  148854ms] [WARNING] WARN {context: Object} Session init failed {tags: Object, extra: Object} @ http://localhost:3000/@fs/C:/Users/avone/OneDrive/Desktop/HokkOS/HookSwap/packages/utilities/src/logger/logger.ts:57
[  148854ms] [WARNING] WARN {context: Object} RPC error {method: eth_blockNumber, chainId: 1, durationMs: 813, provider: unirpc, transport: viem} @ http://localhost:3000/@fs/C:/Users/avone/OneDrive/Desktop/HokkOS/HookSwap/packages/utilities/src/logger/logger.ts:57
[  148854ms] [WARNING] WARN {context: Object} RPC error {method: net_version, chainId: 1, durationMs: 812, provider: unirpc, transport: viem} @ http://localhost:3000/@fs/C:/Users/avone/OneDrive/Desktop/HokkOS/HookSwap/packages/utilities/src/logger/logger.ts:57
[  148855ms] [INFO] INFO {context: Object} [Event: Session Init Started] {git_commit_hash: 9ed17066c95192873c6353c7f745d760f7641dce} @ http://localhost:3000/@fs/C:/Users/avone/OneDrive/Desktop/HokkOS/HookSwap/packages/utilities/src/logger/logger.ts:57
[  148855ms] [INFO] INFO {context: Object} Session init started @ http://localhost:3000/@fs/C:/Users/avone/OneDrive/Desktop/HokkOS/HookSwap/packages/utilities/src/logger/logger.ts:57
[  148981ms] [INFO] INFO {context: Object} [Event: Session Init Completed] {need_challenge: true, duration_ms: 126.59999999403954, git_commit_hash: 9ed17066c95192873c6353c7f745d760f7641dce} @ http://localhost:3000/@fs/C:/Users/avone/OneDrive/Desktop/HokkOS/HookSwap/packages/utilities/src/logger/logger.ts:57
[  148982ms] [INFO] INFO {context: Object} Session init completed {needChallenge: true, durationMs: 126.59999999403954} @ http://localhost:3000/@fs/C:/Users/avone/OneDrive/Desktop/HokkOS/HookSwap/packages/utilities/src/logger/logger.ts:57
[  149092ms] [ERROR] Failed to load resource: the server responded with a status of 400 () @ https://entry-gateway.backend-staging.api.uniswap.org/uniswap.platformservice.v1.SessionService/Challenge:0
[  150100ms] [INFO] INFO {context: Object} [Event: Session Init Started] {git_commit_hash: 9ed17066c95192873c6353c7f745d760f7641dce} @ http://localhost:3000/@fs/C:/Users/avone/OneDrive/Desktop/HokkOS/HookSwap/packages/utilities/src/logger/logger.ts:57
[  150101ms] [INFO] INFO {context: Object} Session init started @ http://localhost:3000/@fs/C:/Users/avone/OneDrive/Desktop/HokkOS/HookSwap/packages/utilities/src/logger/logger.ts:57
[  150273ms] [INFO] INFO {context: Object} [Event: Session Init Completed] {need_challenge: true, duration_ms: 172.5, git_commit_hash: 9ed17066c95192873c6353c7f745d760f7641dce} @ http://localhost:3000/@fs/C:/Users/avone/OneDrive/Desktop/HokkOS/HookSwap/packages/utilities/src/logger/logger.ts:57
[  150273ms] [INFO] INFO {context: Object} Session init completed {needChallenge: true, durationMs: 172.5} @ http://localhost:3000/@fs/C:/Users/avone/OneDrive/Desktop/HokkOS/HookSwap/packages/utilities/src/logger/logger.ts:57
[  150451ms] [ERROR] Failed to load resource: the server responded with a status of 400 () @ https://entry-gateway.backend-staging.api.uniswap.org/uniswap.platformservice.v1.SessionService/Challenge:0
[  152454ms] [INFO] INFO {context: Object} [Event: Session Init Started] {git_commit_hash: 9ed17066c95192873c6353c7f745d760f7641dce} @ http://localhost:3000/@fs/C:/Users/avone/OneDrive/Desktop/HokkOS/HookSwap/packages/utilities/src/logger/logger.ts:57
[  152455ms] [INFO] INFO {context: Object} Session init started @ http://localhost:3000/@fs/C:/Users/avone/OneDrive/Desktop/HokkOS/HookSwap/packages/utilities/src/logger/logger.ts:57
[  152734ms] [INFO] INFO {context: Object} [Event: Session Init Completed] {need_challenge: true, duration_ms: 279.7999999821186, git_commit_hash: 9ed17066c95192873c6353c7f745d760f7641dce} @ http://localhost:3000/@fs/C:/Users/avone/OneDrive/Desktop/HokkOS/HookSwap/packages/utilities/src/logger/logger.ts:57
[  152734ms] [INFO] INFO {context: Object} Session init completed {needChallenge: true, durationMs: 279.7999999821186} @ http://localhost:3000/@fs/C:/Users/avone/OneDrive/Desktop/HokkOS/HookSwap/packages/utilities/src/logger/logger.ts:57
[  152895ms] [ERROR] Failed to load resource: the server responded with a status of 400 () @ https://entry-gateway.backend-staging.api.uniswap.org/uniswap.platformservice.v1.SessionService/Challenge:0
[  156902ms] [INFO] INFO {context: Object} [Event: Session Init Started] {git_commit_hash: 9ed17066c95192873c6353c7f745d760f7641dce} @ http://localhost:3000/@fs/C:/Users/avone/OneDrive/Desktop/HokkOS/HookSwap/packages/utilities/src/logger/logger.ts:57
[  156903ms] [INFO] INFO {context: Object} Session init started @ http://localhost:3000/@fs/C:/Users/avone/OneDrive/Desktop/HokkOS/HookSwap/packages/utilities/src/logger/logger.ts:57
[  157194ms] [INFO] INFO {context: Object} [Event: Session Init Completed] {need_challenge: true, duration_ms: 291.10000002384186, git_commit_hash: 9ed17066c95192873c6353c7f745d760f7641dce} @ http://localhost:3000/@fs/C:/Users/avone/OneDrive/Desktop/HokkOS/HookSwap/packages/utilities/src/logger/logger.ts:57
[  157194ms] [INFO] INFO {context: Object} Session init completed {needChallenge: true, durationMs: 291.10000002384186} @ http://localhost:3000/@fs/C:/Users/avone/OneDrive/Desktop/HokkOS/HookSwap/packages/utilities/src/logger/logger.ts:57
[  157464ms] [ERROR] Failed to load resource: the server responded with a status of 400 () @ https://entry-gateway.backend-staging.api.uniswap.org/uniswap.platformservice.v1.SessionService/Challenge:0
[  157465ms] [WARNING] WARN {context: Object} Session init failed {tags: Object, extra: Object} @ http://localhost:3000/@fs/C:/Users/avone/OneDrive/Desktop/HokkOS/HookSwap/packages/utilities/src/logger/logger.ts:57
[  157465ms] [WARNING] WARN {context: Object} Session init failed {tags: Object, extra: Object} @ http://localhost:3000/@fs/C:/Users/avone/OneDrive/Desktop/HokkOS/HookSwap/packages/utilities/src/logger/logger.ts:57
[  157465ms] [WARNING] WARN {context: Object} Session init failed {tags: Object, extra: Object} @ http://localhost:3000/@fs/C:/Users/avone/OneDrive/Desktop/HokkOS/HookSwap/packages/utilities/src/logger/logger.ts:57
[  157465ms] [INFO] INFO {context: Object} [Event: Session Init Started] {git_commit_hash: 9ed17066c95192873c6353c7f745d760f7641dce} @ http://localhost:3000/@fs/C:/Users/avone/OneDrive/Desktop/HokkOS/HookSwap/packages/utilities/src/logger/logger.ts:57
[  157465ms] [INFO] INFO {context: Object} Session init started @ http://localhost:3000/@fs/C:/Users/avone/OneDrive/Desktop/HokkOS/HookSwap/packages/utilities/src/logger/logger.ts:57
[  157613ms] [INFO] INFO {context: Object} [Event: Session Init Completed] {need_challenge: true, duration_ms: 147.30000001192093, git_commit_hash: 9ed17066c95192873c6353c7f745d760f7641dce} @ http://localhost:3000/@fs/C:/Users/avone/OneDrive/Desktop/HokkOS/HookSwap/packages/utilities/src/logger/logger.ts:57
[  157613ms] [INFO] INFO {context: Object} Session init completed {needChallenge: true, durationMs: 147.30000001192093} @ http://localhost:3000/@fs/C:/Users/avone/OneDrive/Desktop/HokkOS/HookSwap/packages/utilities/src/logger/logger.ts:57
[  157749ms] [ERROR] Failed to load resource: the server responded with a status of 400 () @ https://entry-gateway.backend-staging.api.uniswap.org/uniswap.platformservice.v1.SessionService/Challenge:0
[  158755ms] [INFO] INFO {context: Object} [Event: Session Init Started] {git_commit_hash: 9ed17066c95192873c6353c7f745d760f7641dce} @ http://localhost:3000/@fs/C:/Users/avone/OneDrive/Desktop/HokkOS/HookSwap/packages/utilities/src/logger/logger.ts:57
[  158756ms] [INFO] INFO {context: Object} Session init started @ http://localhost:3000/@fs/C:/Users/avone/OneDrive/Desktop/HokkOS/HookSwap/packages/utilities/src/logger/logger.ts:57
[  160616ms] [INFO] INFO {context: Object} [Event: Session Init Completed] {need_challenge: true, duration_ms: 1861, git_commit_hash: 9ed17066c95192873c6353c7f745d760f7641dce} @ http://localhost:3000/@fs/C:/Users/avone/OneDrive/Desktop/HokkOS/HookSwap/packages/utilities/src/logger/logger.ts:57
[  160617ms] [INFO] INFO {context: Object} Session init completed {needChallenge: true, durationMs: 1861} @ http://localhost:3000/@fs/C:/Users/avone/OneDrive/Desktop/HokkOS/HookSwap/packages/utilities/src/logger/logger.ts:57
[  160777ms] [ERROR] Failed to load resource: the server responded with a status of 400 () @ https://entry-gateway.backend-staging.api.uniswap.org/uniswap.platformservice.v1.SessionService/Challenge:0
[  162783ms] [INFO] INFO {context: Object} [Event: Session Init Started] {git_commit_hash: 9ed17066c95192873c6353c7f745d760f7641dce} @ http://localhost:3000/@fs/C:/Users/avone/OneDrive/Desktop/HokkOS/HookSwap/packages/utilities/src/logger/logger.ts:57
[  162783ms] [INFO] INFO {context: Object} Session init started @ http://localhost:3000/@fs/C:/Users/avone/OneDrive/Desktop/HokkOS/HookSwap/packages/utilities/src/logger/logger.ts:57
[  162944ms] [INFO] INFO {context: Object} [Event: Session Init Completed] {need_challenge: true, duration_ms: 161.2999999821186, git_commit_hash: 9ed17066c95192873c6353c7f745d760f7641dce} @ http://localhost:3000/@fs/C:/Users/avone/OneDrive/Desktop/HokkOS/HookSwap/packages/utilities/src/logger/logger.ts:57
[  162944ms] [INFO] INFO {context: Object} Session init completed {needChallenge: true, durationMs: 161.2999999821186} @ http://localhost:3000/@fs/C:/Users/avone/OneDrive/Desktop/HokkOS/HookSwap/packages/utilities/src/logger/logger.ts:57
[  163056ms] [ERROR] Failed to load resource: the server responded with a status of 400 () @ https://entry-gateway.backend-staging.api.uniswap.org/uniswap.platformservice.v1.SessionService/Challenge:0
[  167064ms] [INFO] INFO {context: Object} [Event: Session Init Started] {git_commit_hash: 9ed17066c95192873c6353c7f745d760f7641dce} @ http://localhost:3000/@fs/C:/Users/avone/OneDrive/Desktop/HokkOS/HookSwap/packages/utilities/src/logger/logger.ts:57
[  167064ms] [INFO] INFO {context: Object} Session init started @ http://localhost:3000/@fs/C:/Users/avone/OneDrive/Desktop/HokkOS/HookSwap/packages/utilities/src/logger/logger.ts:57
[  167404ms] [INFO] INFO {context: Object} [Event: Session Init Completed] {need_challenge: true, duration_ms: 340.5, git_commit_hash: 9ed17066c95192873c6353c7f745d760f7641dce} @ http://localhost:3000/@fs/C:/Users/avone/OneDrive/Desktop/HokkOS/HookSwap/packages/utilities/src/logger/logger.ts:57
[  167404ms] [INFO] INFO {context: Object} Session init completed {needChallenge: true, durationMs: 340.5} @ http://localhost:3000/@fs/C:/Users/avone/OneDrive/Desktop/HokkOS/HookSwap/packages/utilities/src/logger/logger.ts:57
[  167467ms] [WARNING] WARN {context: Object} Session ready timed out {tags: Object, extra: Object} @ http://localhost:3000/@fs/C:/Users/avone/OneDrive/Desktop/HokkOS/HookSwap/packages/utilities/src/logger/logger.ts:57
[  167467ms] [WARNING] WARN {context: Object} Session ready timed out {tags: Object, extra: Object} @ http://localhost:3000/@fs/C:/Users/avone/OneDrive/Desktop/HokkOS/HookSwap/packages/utilities/src/logger/logger.ts:57
[  167468ms] [WARNING] WARN {context: Object} Session ready timed out {tags: Object, extra: Object} @ http://localhost:3000/@fs/C:/Users/avone/OneDrive/Desktop/HokkOS/HookSwap/packages/utilities/src/logger/logger.ts:57
[  167723ms] [ERROR] Failed to load resource: the server responded with a status of 400 () @ https://entry-gateway.backend-staging.api.uniswap.org/uniswap.platformservice.v1.SessionService/Challenge:0
[  167724ms] [WARNING] WARN {context: Object} Session init failed {tags: Object, extra: Object} @ http://localhost:3000/@fs/C:/Users/avone/OneDrive/Desktop/HokkOS/HookSwap/packages/utilities/src/logger/logger.ts:57
[  167724ms] [WARNING] WARN {context: Object} Session init failed {tags: Object, extra: Object} @ http://localhost:3000/@fs/C:/Users/avone/OneDrive/Desktop/HokkOS/HookSwap/packages/utilities/src/logger/logger.ts:57
[  167724ms] [WARNING] WARN {context: Object} Session init failed {tags: Object, extra: Object} @ http://localhost:3000/@fs/C:/Users/avone/OneDrive/Desktop/HokkOS/HookSwap/packages/utilities/src/logger/logger.ts:57
[  167724ms] [INFO] INFO {context: Object} [Event: Session Init Started] {git_commit_hash: 9ed17066c95192873c6353c7f745d760f7641dce} @ http://localhost:3000/@fs/C:/Users/avone/OneDrive/Desktop/HokkOS/HookSwap/packages/utilities/src/logger/logger.ts:57
[  167724ms] [INFO] INFO {context: Object} Session init started @ http://localhost:3000/@fs/C:/Users/avone/OneDrive/Desktop/HokkOS/HookSwap/packages/utilities/src/logger/logger.ts:57
[  168173ms] [INFO] INFO {context: Object} [Event: Session Init Completed] {need_challenge: true, duration_ms: 448.7999999821186, git_commit_hash: 9ed17066c95192873c6353c7f745d760f7641dce} @ http://localhost:3000/@fs/C:/Users/avone/OneDrive/Desktop/HokkOS/HookSwap/packages/utilities/src/logger/logger.ts:57
[  168173ms] [INFO] INFO {context: Object} Session init completed {needChallenge: true, durationMs: 448.7999999821186} @ http://localhost:3000/@fs/C:/Users/avone/OneDrive/Desktop/HokkOS/HookSwap/packages/utilities/src/logger/logger.ts:57
[  168391ms] [ERROR] Failed to load resource: the server responded with a status of 400 () @ https://entry-gateway.backend-staging.api.uniswap.org/uniswap.platformservice.v1.SessionService/Challenge:0
[  169395ms] [INFO] INFO {context: Object} [Event: Session Init Started] {git_commit_hash: 9ed17066c95192873c6353c7f745d760f7641dce} @ http://localhost:3000/@fs/C:/Users/avone/OneDrive/Desktop/HokkOS/HookSwap/packages/utilities/src/logger/logger.ts:57
[  169395ms] [INFO] INFO {context: Object} Session init started @ http://localhost:3000/@fs/C:/Users/avone/OneDrive/Desktop/HokkOS/HookSwap/packages/utilities/src/logger/logger.ts:57
[  169508ms] [INFO] INFO {context: Object} [Event: Session Init Completed] {need_challenge: true, duration_ms: 112.90000000596046, git_commit_hash: 9ed17066c95192873c6353c7f745d760f7641dce} @ http://localhost:3000/@fs/C:/Users/avone/OneDrive/Desktop/HokkOS/HookSwap/packages/utilities/src/logger/logger.ts:57
[  169508ms] [INFO] INFO {context: Object} Session init completed {needChallenge: true, durationMs: 112.90000000596046} @ http://localhost:3000/@fs/C:/Users/avone/OneDrive/Desktop/HokkOS/HookSwap/packages/utilities/src/logger/logger.ts:57
[  169622ms] [ERROR] Failed to load resource: the server responded with a status of 400 () @ https://entry-gateway.backend-staging.api.uniswap.org/uniswap.platformservice.v1.SessionService/Challenge:0
[  171626ms] [INFO] INFO {context: Object} [Event: Session Init Started] {git_commit_hash: 9ed17066c95192873c6353c7f745d760f7641dce} @ http://localhost:3000/@fs/C:/Users/avone/OneDrive/Desktop/HokkOS/HookSwap/packages/utilities/src/logger/logger.ts:57
[  171626ms] [INFO] INFO {context: Object} Session init started @ http://localhost:3000/@fs/C:/Users/avone/OneDrive/Desktop/HokkOS/HookSwap/packages/utilities/src/logger/logger.ts:57
[  172879ms] [INFO] INFO {context: Object} [Event: Session Init Completed] {need_challenge: true, duration_ms: 1252.9000000059605, git_commit_hash: 9ed17066c95192873c6353c7f745d760f7641dce} @ http://localhost:3000/@fs/C:/Users/avone/OneDrive/Desktop/HokkOS/HookSwap/packages/utilities/src/logger/logger.ts:57
[  172879ms] [INFO] INFO {context: Object} Session init completed {needChallenge: true, durationMs: 1252.9000000059605} @ http://localhost:3000/@fs/C:/Users/avone/OneDrive/Desktop/HokkOS/HookSwap/packages/utilities/src/logger/logger.ts:57
[  173009ms] [ERROR] Failed to load resource: the server responded with a status of 400 () @ https://entry-gateway.backend-staging.api.uniswap.org/uniswap.platformservice.v1.SessionService/Challenge:0
[  177022ms] [INFO] INFO {context: Object} [Event: Session Init Started] {git_commit_hash: 9ed17066c95192873c6353c7f745d760f7641dce} @ http://localhost:3000/@fs/C:/Users/avone/OneDrive/Desktop/HokkOS/HookSwap/packages/utilities/src/logger/logger.ts:57
[  177023ms] [INFO] INFO {context: Object} Session init started @ http://localhost:3000/@fs/C:/Users/avone/OneDrive/Desktop/HokkOS/HookSwap/packages/utilities/src/logger/logger.ts:57
[  177147ms] [INFO] INFO {context: Object} [Event: Session Init Completed] {need_challenge: true, duration_ms: 124.90000000596046, git_commit_hash: 9ed17066c95192873c6353c7f745d760f7641dce} @ http://localhost:3000/@fs/C:/Users/avone/OneDrive/Desktop/HokkOS/HookSwap/packages/utilities/src/logger/logger.ts:57
[  177147ms] [INFO] INFO {context: Object} Session init completed {needChallenge: true, durationMs: 124.90000000596046} @ http://localhost:3000/@fs/C:/Users/avone/OneDrive/Desktop/HokkOS/HookSwap/packages/utilities/src/logger/logger.ts:57
[  177260ms] [ERROR] Failed to load resource: the server responded with a status of 400 () @ https://entry-gateway.backend-staging.api.uniswap.org/uniswap.platformservice.v1.SessionService/Challenge:0
[  177261ms] [WARNING] WARN {context: Object} Session init failed {tags: Object, extra: Object} @ http://localhost:3000/@fs/C:/Users/avone/OneDrive/Desktop/HokkOS/HookSwap/packages/utilities/src/logger/logger.ts:57
[  177261ms] [WARNING] WARN {context: Object} Session init failed {tags: Object, extra: Object} @ http://localhost:3000/@fs/C:/Users/avone/OneDrive/Desktop/HokkOS/HookSwap/packages/utilities/src/logger/logger.ts:57
[  177261ms] [WARNING] WARN {context: Object} Session init failed {tags: Object, extra: Object} @ http://localhost:3000/@fs/C:/Users/avone/OneDrive/Desktop/HokkOS/HookSwap/packages/utilities/src/logger/logger.ts:57
[  177262ms] [INFO] INFO {context: Object} [Event: Session Init Started] {git_commit_hash: 9ed17066c95192873c6353c7f745d760f7641dce} @ http://localhost:3000/@fs/C:/Users/avone/OneDrive/Desktop/HokkOS/HookSwap/packages/utilities/src/logger/logger.ts:57
[  177262ms] [INFO] INFO {context: Object} Session init started @ http://localhost:3000/@fs/C:/Users/avone/OneDrive/Desktop/HokkOS/HookSwap/packages/utilities/src/logger/logger.ts:57
[  177385ms] [INFO] INFO {context: Object} [Event: Session Init Completed] {need_challenge: true, duration_ms: 123.5, git_commit_hash: 9ed17066c95192873c6353c7f745d760f7641dce} @ http://localhost:3000/@fs/C:/Users/avone/OneDrive/Desktop/HokkOS/HookSwap/packages/utilities/src/logger/logger.ts:57
[  177385ms] [INFO] INFO {context: Object} Session init completed {needChallenge: true, durationMs: 123.5} @ http://localhost:3000/@fs/C:/Users/avone/OneDrive/Desktop/HokkOS/HookSwap/packages/utilities/src/logger/logger.ts:57
[  177511ms] [ERROR] Failed to load resource: the server responded with a status of 400 () @ https://entry-gateway.backend-staging.api.uniswap.org/uniswap.platformservice.v1.SessionService/Challenge:0
[  178516ms] [INFO] INFO {context: Object} [Event: Session Init Started] {git_commit_hash: 9ed17066c95192873c6353c7f745d760f7641dce} @ http://localhost:3000/@fs/C:/Users/avone/OneDrive/Desktop/HokkOS/HookSwap/packages/utilities/src/logger/logger.ts:57
[  178516ms] [INFO] INFO {context: Object} Session init started @ http://localhost:3000/@fs/C:/Users/avone/OneDrive/Desktop/HokkOS/HookSwap/packages/utilities/src/logger/logger.ts:57
[  178622ms] [INFO] INFO {context: Object} [Event: Session Init Completed] {need_challenge: true, duration_ms: 106.69999998807907, git_commit_hash: 9ed17066c95192873c6353c7f745d760f7641dce} @ http://localhost:3000/@fs/C:/Users/avone/OneDrive/Desktop/HokkOS/HookSwap/packages/utilities/src/logger/logger.ts:57
[  178622ms] [INFO] INFO {context: Object} Session init completed {needChallenge: true, durationMs: 106.69999998807907} @ http://localhost:3000/@fs/C:/Users/avone/OneDrive/Desktop/HokkOS/HookSwap/packages/utilities/src/logger/logger.ts:57
[  178731ms] [ERROR] Failed to load resource: the server responded with a status of 400 () @ https://entry-gateway.backend-staging.api.uniswap.org/uniswap.platformservice.v1.SessionService/Challenge:0
[  180746ms] [INFO] INFO {context: Object} [Event: Session Init Started] {git_commit_hash: 9ed17066c95192873c6353c7f745d760f7641dce} @ http://localhost:3000/@fs/C:/Users/avone/OneDrive/Desktop/HokkOS/HookSwap/packages/utilities/src/logger/logger.ts:57
[  180746ms] [INFO] INFO {context: Object} Session init started @ http://localhost:3000/@fs/C:/Users/avone/OneDrive/Desktop/HokkOS/HookSwap/packages/utilities/src/logger/logger.ts:57
[  181140ms] [INFO] INFO {context: Object} [Event: Session Init Completed] {need_challenge: true, duration_ms: 393.90000000596046, git_commit_hash: 9ed17066c95192873c6353c7f745d760f7641dce} @ http://localhost:3000/@fs/C:/Users/avone/OneDrive/Desktop/HokkOS/HookSwap/packages/utilities/src/logger/logger.ts:57
[  181140ms] [INFO] INFO {context: Object} Session init completed {needChallenge: true, durationMs: 393.90000000596046} @ http://localhost:3000/@fs/C:/Users/avone/OneDrive/Desktop/HokkOS/HookSwap/packages/utilities/src/logger/logger.ts:57
[  181260ms] [ERROR] Failed to load resource: the server responded with a status of 400 () @ https://entry-gateway.backend-staging.api.uniswap.org/uniswap.platformservice.v1.SessionService/Challenge:0
[  185262ms] [INFO] INFO {context: Object} [Event: Session Init Started] {git_commit_hash: 9ed17066c95192873c6353c7f745d760f7641dce} @ http://localhost:3000/@fs/C:/Users/avone/OneDrive/Desktop/HokkOS/HookSwap/packages/utilities/src/logger/logger.ts:57
[  185262ms] [INFO] INFO {context: Object} Session init started @ http://localhost:3000/@fs/C:/Users/avone/OneDrive/Desktop/HokkOS/HookSwap/packages/utilities/src/logger/logger.ts:57
[  185377ms] [INFO] INFO {context: Object} [Event: Session Init Completed] {need_challenge: true, duration_ms: 115.7999999821186, git_commit_hash: 9ed17066c95192873c6353c7f745d760f7641dce} @ http://localhost:3000/@fs/C:/Users/avone/OneDrive/Desktop/HokkOS/HookSwap/packages/utilities/src/logger/logger.ts:57
[  185378ms] [INFO] INFO {context: Object} Session init completed {needChallenge: true, durationMs: 115.7999999821186} @ http://localhost:3000/@fs/C:/Users/avone/OneDrive/Desktop/HokkOS/HookSwap/packages/utilities/src/logger/logger.ts:57
[  185483ms] [ERROR] Failed to load resource: the server responded with a status of 400 () @ https://entry-gateway.backend-staging.api.uniswap.org/uniswap.platformservice.v1.SessionService/Challenge:0
[  185484ms] [WARNING] WARN {context: Object} Session init failed {tags: Object, extra: Object} @ http://localhost:3000/@fs/C:/Users/avone/OneDrive/Desktop/HokkOS/HookSwap/packages/utilities/src/logger/logger.ts:57
[  185484ms] [WARNING] WARN {context: Object} Session init failed {tags: Object, extra: Object} @ http://localhost:3000/@fs/C:/Users/avone/OneDrive/Desktop/HokkOS/HookSwap/packages/utilities/src/logger/logger.ts:57
[  185484ms] [WARNING] WARN {context: Object} Session init failed {tags: Object, extra: Object} @ http://localhost:3000/@fs/C:/Users/avone/OneDrive/Desktop/HokkOS/HookSwap/packages/utilities/src/logger/logger.ts:57
[  185485ms] [INFO] INFO {context: Object} [Event: Session Init Started] {git_commit_hash: 9ed17066c95192873c6353c7f745d760f7641dce} @ http://localhost:3000/@fs/C:/Users/avone/OneDrive/Desktop/HokkOS/HookSwap/packages/utilities/src/logger/logger.ts:57
[  185485ms] [INFO] INFO {context: Object} Session init started @ http://localhost:3000/@fs/C:/Users/avone/OneDrive/Desktop/HokkOS/HookSwap/packages/utilities/src/logger/logger.ts:57
[  185598ms] [INFO] INFO {context: Object} [Event: Session Init Completed] {need_challenge: true, duration_ms: 113.2999999821186, git_commit_hash: 9ed17066c95192873c6353c7f745d760f7641dce} @ http://localhost:3000/@fs/C:/Users/avone/OneDrive/Desktop/HokkOS/HookSwap/packages/utilities/src/logger/logger.ts:57
[  185598ms] [INFO] INFO {context: Object} Session init completed {needChallenge: true, durationMs: 113.2999999821186} @ http://localhost:3000/@fs/C:/Users/avone/OneDrive/Desktop/HokkOS/HookSwap/packages/utilities/src/logger/logger.ts:57
[  185702ms] [ERROR] Failed to load resource: the server responded with a status of 400 () @ https://entry-gateway.backend-staging.api.uniswap.org/uniswap.platformservice.v1.SessionService/Challenge:0
[  186718ms] [INFO] INFO {context: Object} [Event: Session Init Started] {git_commit_hash: 9ed17066c95192873c6353c7f745d760f7641dce} @ http://localhost:3000/@fs/C:/Users/avone/OneDrive/Desktop/HokkOS/HookSwap/packages/utilities/src/logger/logger.ts:57
[  186718ms] [INFO] INFO {context: Object} Session init started @ http://localhost:3000/@fs/C:/Users/avone/OneDrive/Desktop/HokkOS/HookSwap/packages/utilities/src/logger/logger.ts:57
[  186845ms] [INFO] INFO {context: Object} [Event: Session Init Completed] {need_challenge: true, duration_ms: 126.40000000596046, git_commit_hash: 9ed17066c95192873c6353c7f745d760f7641dce} @ http://localhost:3000/@fs/C:/Users/avone/OneDrive/Desktop/HokkOS/HookSwap/packages/utilities/src/logger/logger.ts:57
[  186845ms] [INFO] INFO {context: Object} Session init completed {needChallenge: true, durationMs: 126.40000000596046} @ http://localhost:3000/@fs/C:/Users/avone/OneDrive/Desktop/HokkOS/HookSwap/packages/utilities/src/logger/logger.ts:57
[  187298ms] [ERROR] Failed to load resource: the server responded with a status of 400 () @ https://entry-gateway.backend-staging.api.uniswap.org/uniswap.platformservice.v1.SessionService/Challenge:0
[  189304ms] [INFO] INFO {context: Object} [Event: Session Init Started] {git_commit_hash: 9ed17066c95192873c6353c7f745d760f7641dce} @ http://localhost:3000/@fs/C:/Users/avone/OneDrive/Desktop/HokkOS/HookSwap/packages/utilities/src/logger/logger.ts:57
[  189304ms] [INFO] INFO {context: Object} Session init started @ http://localhost:3000/@fs/C:/Users/avone/OneDrive/Desktop/HokkOS/HookSwap/packages/utilities/src/logger/logger.ts:57
[  189879ms] [INFO] INFO {context: Object} [Event: Session Init Completed] {need_challenge: true, duration_ms: 575.7999999821186, git_commit_hash: 9ed17066c95192873c6353c7f745d760f7641dce} @ http://localhost:3000/@fs/C:/Users/avone/OneDrive/Desktop/HokkOS/HookSwap/packages/utilities/src/logger/logger.ts:57
[  189880ms] [INFO] INFO {context: Object} Session init completed {needChallenge: true, durationMs: 575.7999999821186} @ http://localhost:3000/@fs/C:/Users/avone/OneDrive/Desktop/HokkOS/HookSwap/packages/utilities/src/logger/logger.ts:57
[  190025ms] [ERROR] Failed to load resource: the server responded with a status of 400 () @ https://entry-gateway.backend-staging.api.uniswap.org/uniswap.platformservice.v1.SessionService/Challenge:0
[  194036ms] [INFO] INFO {context: Object} [Event: Session Init Started] {git_commit_hash: 9ed17066c95192873c6353c7f745d760f7641dce} @ http://localhost:3000/@fs/C:/Users/avone/OneDrive/Desktop/HokkOS/HookSwap/packages/utilities/src/logger/logger.ts:57
[  194036ms] [INFO] INFO {context: Object} Session init started @ http://localhost:3000/@fs/C:/Users/avone/OneDrive/Desktop/HokkOS/HookSwap/packages/utilities/src/logger/logger.ts:57
[  194152ms] [INFO] INFO {context: Object} [Event: Session Init Completed] {need_challenge: true, duration_ms: 115.90000000596046, git_commit_hash: 9ed17066c95192873c6353c7f745d760f7641dce} @ http://localhost:3000/@fs/C:/Users/avone/OneDrive/Desktop/HokkOS/HookSwap/packages/utilities/src/logger/logger.ts:57
[  194152ms] [INFO] INFO {context: Object} Session init completed {needChallenge: true, durationMs: 115.90000000596046} @ http://localhost:3000/@fs/C:/Users/avone/OneDrive/Desktop/HokkOS/HookSwap/packages/utilities/src/logger/logger.ts:57
[  195498ms] [WARNING] WARN {context: Object} Session ready timed out {tags: Object, extra: Object} @ http://localhost:3000/@fs/C:/Users/avone/OneDrive/Desktop/HokkOS/HookSwap/packages/utilities/src/logger/logger.ts:57
[  195498ms] [WARNING] WARN {context: Object} Session ready timed out {tags: Object, extra: Object} @ http://localhost:3000/@fs/C:/Users/avone/OneDrive/Desktop/HokkOS/HookSwap/packages/utilities/src/logger/logger.ts:57
[  195499ms] [WARNING] WARN {context: Object} Session ready timed out {tags: Object, extra: Object} @ http://localhost:3000/@fs/C:/Users/avone/OneDrive/Desktop/HokkOS/HookSwap/packages/utilities/src/logger/logger.ts:57
[  195902ms] [ERROR] Failed to load resource: the server responded with a status of 400 () @ https://entry-gateway.backend-staging.api.uniswap.org/uniswap.platformservice.v1.SessionService/Challenge:0
[  195903ms] [WARNING] WARN {context: Object} Session init failed {tags: Object, extra: Object} @ http://localhost:3000/@fs/C:/Users/avone/OneDrive/Desktop/HokkOS/HookSwap/packages/utilities/src/logger/logger.ts:57
[  195903ms] [WARNING] WARN {context: Object} Session init failed {tags: Object, extra: Object} @ http://localhost:3000/@fs/C:/Users/avone/OneDrive/Desktop/HokkOS/HookSwap/packages/utilities/src/logger/logger.ts:57
[  195903ms] [WARNING] WARN {context: Object} Session init failed {tags: Object, extra: Object} @ http://localhost:3000/@fs/C:/Users/avone/OneDrive/Desktop/HokkOS/HookSwap/packages/utilities/src/logger/logger.ts:57
[  195904ms] [INFO] INFO {context: Object} [Event: Session Init Started] {git_commit_hash: 9ed17066c95192873c6353c7f745d760f7641dce} @ http://localhost:3000/@fs/C:/Users/avone/OneDrive/Desktop/HokkOS/HookSwap/packages/utilities/src/logger/logger.ts:57
[  195904ms] [INFO] INFO {context: Object} Session init started @ http://localhost:3000/@fs/C:/Users/avone/OneDrive/Desktop/HokkOS/HookSwap/packages/utilities/src/logger/logger.ts:57
[  196344ms] [INFO] INFO {context: Object} [Event: Session Init Completed] {need_challenge: true, duration_ms: 439.80000001192093, git_commit_hash: 9ed17066c95192873c6353c7f745d760f7641dce} @ http://localhost:3000/@fs/C:/Users/avone/OneDrive/Desktop/HokkOS/HookSwap/packages/utilities/src/logger/logger.ts:57
[  196344ms] [INFO] INFO {context: Object} Session init completed {needChallenge: true, durationMs: 439.80000001192093} @ http://localhost:3000/@fs/C:/Users/avone/OneDrive/Desktop/HokkOS/HookSwap/packages/utilities/src/logger/logger.ts:57
[  196485ms] [ERROR] Failed to load resource: the server responded with a status of 400 () @ https://entry-gateway.backend-staging.api.uniswap.org/uniswap.platformservice.v1.SessionService/Challenge:0
[  197494ms] [INFO] INFO {context: Object} [Event: Session Init Started] {git_commit_hash: 9ed17066c95192873c6353c7f745d760f7641dce} @ http://localhost:3000/@fs/C:/Users/avone/OneDrive/Desktop/HokkOS/HookSwap/packages/utilities/src/logger/logger.ts:57
[  197494ms] [INFO] INFO {context: Object} Session init started @ http://localhost:3000/@fs/C:/Users/avone/OneDrive/Desktop/HokkOS/HookSwap/packages/utilities/src/logger/logger.ts:57
[  197680ms] [INFO] INFO {context: Object} [Event: Session Init Completed] {need_challenge: true, duration_ms: 186.09999999403954, git_commit_hash: 9ed17066c95192873c6353c7f745d760f7641dce} @ http://localhost:3000/@fs/C:/Users/avone/OneDrive/Desktop/HokkOS/HookSwap/packages/utilities/src/logger/logger.ts:57
[  197680ms] [INFO] INFO {context: Object} Session init completed {needChallenge: true, durationMs: 186.09999999403954} @ http://localhost:3000/@fs/C:/Users/avone/OneDrive/Desktop/HokkOS/HookSwap/packages/utilities/src/logger/logger.ts:57
[  197839ms] [ERROR] Failed to load resource: the server responded with a status of 400 () @ https://entry-gateway.backend-staging.api.uniswap.org/uniswap.platformservice.v1.SessionService/Challenge:0
[  199854ms] [INFO] INFO {context: Object} [Event: Session Init Started] {git_commit_hash: 9ed17066c95192873c6353c7f745d760f7641dce} @ http://localhost:3000/@fs/C:/Users/avone/OneDrive/Desktop/HokkOS/HookSwap/packages/utilities/src/logger/logger.ts:57
[  199854ms] [INFO] INFO {context: Object} Session init started @ http://localhost:3000/@fs/C:/Users/avone/OneDrive/Desktop/HokkOS/HookSwap/packages/utilities/src/logger/logger.ts:57
[  201109ms] [INFO] INFO {context: Object} [Event: Session Init Completed] {need_challenge: true, duration_ms: 1255.800000011921, git_commit_hash: 9ed17066c95192873c6353c7f745d760f7641dce} @ http://localhost:3000/@fs/C:/Users/avone/OneDrive/Desktop/HokkOS/HookSwap/packages/utilities/src/logger/logger.ts:57
[  201110ms] [INFO] INFO {context: Object} Session init completed {needChallenge: true, durationMs: 1255.800000011921} @ http://localhost:3000/@fs/C:/Users/avone/OneDrive/Desktop/HokkOS/HookSwap/packages/utilities/src/logger/logger.ts:57
[  201563ms] [ERROR] Failed to load resource: the server responded with a status of 400 () @ https://entry-gateway.backend-staging.api.uniswap.org/uniswap.platformservice.v1.SessionService/Challenge:0
[  205566ms] [INFO] INFO {context: Object} [Event: Session Init Started] {git_commit_hash: 9ed17066c95192873c6353c7f745d760f7641dce} @ http://localhost:3000/@fs/C:/Users/avone/OneDrive/Desktop/HokkOS/HookSwap/packages/utilities/src/logger/logger.ts:57
[  205566ms] [INFO] INFO {context: Object} Session init started @ http://localhost:3000/@fs/C:/Users/avone/OneDrive/Desktop/HokkOS/HookSwap/packages/utilities/src/logger/logger.ts:57
[  205721ms] [INFO] INFO {context: Object} [Event: Session Init Completed] {need_challenge: true, duration_ms: 154.69999998807907, git_commit_hash: 9ed17066c95192873c6353c7f745d760f7641dce} @ http://localhost:3000/@fs/C:/Users/avone/OneDrive/Desktop/HokkOS/HookSwap/packages/utilities/src/logger/logger.ts:57
[  205721ms] [INFO] INFO {context: Object} Session init completed {needChallenge: true, durationMs: 154.69999998807907} @ http://localhost:3000/@fs/C:/Users/avone/OneDrive/Desktop/HokkOS/HookSwap/packages/utilities/src/logger/logger.ts:57
[  205891ms] [ERROR] Failed to load resource: the server responded with a status of 400 () @ https://entry-gateway.backend-staging.api.uniswap.org/uniswap.platformservice.v1.SessionService/Challenge:0
[  205891ms] [WARNING] WARN {context: Object} Session init failed {tags: Object, extra: Object} @ http://localhost:3000/@fs/C:/Users/avone/OneDrive/Desktop/HokkOS/HookSwap/packages/utilities/src/logger/logger.ts:57
[  205891ms] [WARNING] WARN {context: Object} Session init failed {tags: Object, extra: Object} @ http://localhost:3000/@fs/C:/Users/avone/OneDrive/Desktop/HokkOS/HookSwap/packages/utilities/src/logger/logger.ts:57
[  205891ms] [WARNING] WARN {context: Object} Session init failed {tags: Object, extra: Object} @ http://localhost:3000/@fs/C:/Users/avone/OneDrive/Desktop/HokkOS/HookSwap/packages/utilities/src/logger/logger.ts:57
[  205892ms] [INFO] INFO {context: Object} [Event: Session Init Started] {git_commit_hash: 9ed17066c95192873c6353c7f745d760f7641dce} @ http://localhost:3000/@fs/C:/Users/avone/OneDrive/Desktop/HokkOS/HookSwap/packages/utilities/src/logger/logger.ts:57
[  205892ms] [INFO] INFO {context: Object} Session init started @ http://localhost:3000/@fs/C:/Users/avone/OneDrive/Desktop/HokkOS/HookSwap/packages/utilities/src/logger/logger.ts:57
[  206103ms] [INFO] INFO {context: Object} [Event: Session Init Completed] {need_challenge: true, duration_ms: 211.2000000178814, git_commit_hash: 9ed17066c95192873c6353c7f745d760f7641dce} @ http://localhost:3000/@fs/C:/Users/avone/OneDrive/Desktop/HokkOS/HookSwap/packages/utilities/src/logger/logger.ts:57
[  206103ms] [INFO] INFO {context: Object} Session init completed {needChallenge: true, durationMs: 211.2000000178814} @ http://localhost:3000/@fs/C:/Users/avone/OneDrive/Desktop/HokkOS/HookSwap/packages/utilities/src/logger/logger.ts:57
[  206280ms] [ERROR] Failed to load resource: the server responded with a status of 400 () @ https://entry-gateway.backend-staging.api.uniswap.org/uniswap.platformservice.v1.SessionService/Challenge:0
[  207287ms] [INFO] INFO {context: Object} [Event: Session Init Started] {git_commit_hash: 9ed17066c95192873c6353c7f745d760f7641dce} @ http://localhost:3000/@fs/C:/Users/avone/OneDrive/Desktop/HokkOS/HookSwap/packages/utilities/src/logger/logger.ts:57
[  207288ms] [INFO] INFO {context: Object} Session init started @ http://localhost:3000/@fs/C:/Users/avone/OneDrive/Desktop/HokkOS/HookSwap/packages/utilities/src/logger/logger.ts:57
[  209457ms] [INFO] INFO {context: Object} [Event: Session Init Completed] {need_challenge: true, duration_ms: 2170.100000023842, git_commit_hash: 9ed17066c95192873c6353c7f745d760f7641dce} @ http://localhost:3000/@fs/C:/Users/avone/OneDrive/Desktop/HokkOS/HookSwap/packages/utilities/src/logger/logger.ts:57
[  209457ms] [INFO] INFO {context: Object} Session init completed {needChallenge: true, durationMs: 2170.100000023842} @ http://localhost:3000/@fs/C:/Users/avone/OneDrive/Desktop/HokkOS/HookSwap/packages/utilities/src/logger/logger.ts:57
[  209601ms] [ERROR] Failed to load resource: the server responded with a status of 400 () @ https://entry-gateway.backend-staging.api.uniswap.org/uniswap.platformservice.v1.SessionService/Challenge:0
[  211604ms] [INFO] INFO {context: Object} [Event: Session Init Started] {git_commit_hash: 9ed17066c95192873c6353c7f745d760f7641dce} @ http://localhost:3000/@fs/C:/Users/avone/OneDrive/Desktop/HokkOS/HookSwap/packages/utilities/src/logger/logger.ts:57
[  211604ms] [INFO] INFO {context: Object} Session init started @ http://localhost:3000/@fs/C:/Users/avone/OneDrive/Desktop/HokkOS/HookSwap/packages/utilities/src/logger/logger.ts:57
[  211742ms] [INFO] INFO {context: Object} [Event: Session Init Completed] {need_challenge: true, duration_ms: 138.5, git_commit_hash: 9ed17066c95192873c6353c7f745d760f7641dce} @ http://localhost:3000/@fs/C:/Users/avone/OneDrive/Desktop/HokkOS/HookSwap/packages/utilities/src/logger/logger.ts:57
[  211743ms] [INFO] INFO {context: Object} Session init completed {needChallenge: true, durationMs: 138.5} @ http://localhost:3000/@fs/C:/Users/avone/OneDrive/Desktop/HokkOS/HookSwap/packages/utilities/src/logger/logger.ts:57
[  211924ms] [ERROR] Failed to load resource: the server responded with a status of 400 () @ https://entry-gateway.backend-staging.api.uniswap.org/uniswap.platformservice.v1.SessionService/Challenge:0
[  215892ms] [WARNING] WARN {context: Object} Session ready timed out {tags: Object, extra: Object} @ http://localhost:3000/@fs/C:/Users/avone/OneDrive/Desktop/HokkOS/HookSwap/packages/utilities/src/logger/logger.ts:57
[  215892ms] [WARNING] WARN {context: Object} Suppressed 25 RPC errors in previous 60s window {provider: unirpc, chainId: 1, methods: Object, errors: Object} @ http://localhost:3000/@fs/C:/Users/avone/OneDrive/Desktop/HokkOS/HookSwap/packages/utilities/src/logger/logger.ts:57
[  215892ms] [WARNING] WARN {context: Object} RPC error {method: net_version, chainId: 1, durationMs: 10001, provider: unirpc, transport: viem} @ http://localhost:3000/@fs/C:/Users/avone/OneDrive/Desktop/HokkOS/HookSwap/packages/utilities/src/logger/logger.ts:57
[  215908ms] [WARNING] WARN {context: Object} Session ready timed out {tags: Object, extra: Object} @ http://localhost:3000/@fs/C:/Users/avone/OneDrive/Desktop/HokkOS/HookSwap/packages/utilities/src/logger/logger.ts:57
[  215908ms] [WARNING] WARN {context: Object} RPC error {method: eth_blockNumber, chainId: 1, durationMs: 10016, provider: unirpc, transport: viem} @ http://localhost:3000/@fs/C:/Users/avone/OneDrive/Desktop/HokkOS/HookSwap/packages/utilities/src/logger/logger.ts:57
[  215909ms] [WARNING] WARN {context: Object} Session ready timed out {tags: Object, extra: Object} @ http://localhost:3000/@fs/C:/Users/avone/OneDrive/Desktop/HokkOS/HookSwap/packages/utilities/src/logger/logger.ts:57
[  215909ms] [WARNING] WARN {context: Object} RPC error {method: eth_chainId, chainId: 1, durationMs: 10015, provider: unirpc, transport: viem} @ http://localhost:3000/@fs/C:/Users/avone/OneDrive/Desktop/HokkOS/HookSwap/packages/utilities/src/logger/logger.ts:57
[  215939ms] [INFO] INFO {context: Object} [Event: Session Init Started] {git_commit_hash: 9ed17066c95192873c6353c7f745d760f7641dce} @ http://localhost:3000/@fs/C:/Users/avone/OneDrive/Desktop/HokkOS/HookSwap/packages/utilities/src/logger/logger.ts:57
[  215939ms] [INFO] INFO {context: Object} Session init started @ http://localhost:3000/@fs/C:/Users/avone/OneDrive/Desktop/HokkOS/HookSwap/packages/utilities/src/logger/logger.ts:57
[  216986ms] [INFO] INFO {context: Object} [Event: Session Init Completed] {need_challenge: true, duration_ms: 1046.5999999940395, git_commit_hash: 9ed17066c95192873c6353c7f745d760f7641dce} @ http://localhost:3000/@fs/C:/Users/avone/OneDrive/Desktop/HokkOS/HookSwap/packages/utilities/src/logger/logger.ts:57
[  216986ms] [INFO] INFO {context: Object} Session init completed {needChallenge: true, durationMs: 1046.5999999940395} @ http://localhost:3000/@fs/C:/Users/avone/OneDrive/Desktop/HokkOS/HookSwap/packages/utilities/src/logger/logger.ts:57
[  217089ms] [ERROR] Failed to load resource: the server responded with a status of 400 () @ https://entry-gateway.backend-staging.api.uniswap.org/uniswap.platformservice.v1.SessionService/Challenge:0
[  217090ms] [WARNING] WARN {context: Object} Session init failed {tags: Object, extra: Object} @ http://localhost:3000/@fs/C:/Users/avone/OneDrive/Desktop/HokkOS/HookSwap/packages/utilities/src/logger/logger.ts:57
[  217090ms] [WARNING] WARN {context: Object} Session init failed {tags: Object, extra: Object} @ http://localhost:3000/@fs/C:/Users/avone/OneDrive/Desktop/HokkOS/HookSwap/packages/utilities/src/logger/logger.ts:57
[  217090ms] [WARNING] WARN {context: Object} Session init failed {tags: Object, extra: Object} @ http://localhost:3000/@fs/C:/Users/avone/OneDrive/Desktop/HokkOS/HookSwap/packages/utilities/src/logger/logger.ts:57
[  217090ms] [WARNING] WARN {context: Object} RPC error {method: eth_blockNumber, chainId: 1, durationMs: 1182, provider: unirpc, transport: viem} @ http://localhost:3000/@fs/C:/Users/avone/OneDrive/Desktop/HokkOS/HookSwap/packages/utilities/src/logger/logger.ts:57
[  217090ms] [WARNING] WARN {context: Object} RPC error {method: net_version, chainId: 1, durationMs: 1181, provider: unirpc, transport: viem} @ http://localhost:3000/@fs/C:/Users/avone/OneDrive/Desktop/HokkOS/HookSwap/packages/utilities/src/logger/logger.ts:57
[  217091ms] [INFO] INFO {context: Object} [Event: Session Init Started] {git_commit_hash: 9ed17066c95192873c6353c7f745d760f7641dce} @ http://localhost:3000/@fs/C:/Users/avone/OneDrive/Desktop/HokkOS/HookSwap/packages/utilities/src/logger/logger.ts:57
[  217091ms] [INFO] INFO {context: Object} Session init started @ http://localhost:3000/@fs/C:/Users/avone/OneDrive/Desktop/HokkOS/HookSwap/packages/utilities/src/logger/logger.ts:57
[  217211ms] [INFO] INFO {context: Object} [Event: Session Init Completed] {need_challenge: true, duration_ms: 120.09999999403954, git_commit_hash: 9ed17066c95192873c6353c7f745d760f7641dce} @ http://localhost:3000/@fs/C:/Users/avone/OneDrive/Desktop/HokkOS/HookSwap/packages/utilities/src/logger/logger.ts:57
[  217211ms] [INFO] INFO {context: Object} Session init completed {needChallenge: true, durationMs: 120.09999999403954} @ http://localhost:3000/@fs/C:/Users/avone/OneDrive/Desktop/HokkOS/HookSwap/packages/utilities/src/logger/logger.ts:57
[  217322ms] [ERROR] Failed to load resource: the server responded with a status of 400 () @ https://entry-gateway.backend-staging.api.uniswap.org/uniswap.platformservice.v1.SessionService/Challenge:0
[  218333ms] [INFO] INFO {context: Object} [Event: Session Init Started] {git_commit_hash: 9ed17066c95192873c6353c7f745d760f7641dce} @ http://localhost:3000/@fs/C:/Users/avone/OneDrive/Desktop/HokkOS/HookSwap/packages/utilities/src/logger/logger.ts:57
[  218333ms] [INFO] INFO {context: Object} Session init started @ http://localhost:3000/@fs/C:/Users/avone/OneDrive/Desktop/HokkOS/HookSwap/packages/utilities/src/logger/logger.ts:57
[  218516ms] [INFO] INFO {context: Object} [Event: Session Init Completed] {need_challenge: true, duration_ms: 183.2000000178814, git_commit_hash: 9ed17066c95192873c6353c7f745d760f7641dce} @ http://localhost:3000/@fs/C:/Users/avone/OneDrive/Desktop/HokkOS/HookSwap/packages/utilities/src/logger/logger.ts:57
[  218516ms] [INFO] INFO {context: Object} Session init completed {needChallenge: true, durationMs: 183.2000000178814} @ http://localhost:3000/@fs/C:/Users/avone/OneDrive/Desktop/HokkOS/HookSwap/packages/utilities/src/logger/logger.ts:57
[  218803ms] [ERROR] Failed to load resource: the server responded with a status of 400 () @ https://entry-gateway.backend-staging.api.uniswap.org/uniswap.platformservice.v1.SessionService/Challenge:0
[  220820ms] [INFO] INFO {context: Object} [Event: Session Init Started] {git_commit_hash: 9ed17066c95192873c6353c7f745d760f7641dce} @ http://localhost:3000/@fs/C:/Users/avone/OneDrive/Desktop/HokkOS/HookSwap/packages/utilities/src/logger/logger.ts:57
[  220820ms] [INFO] INFO {context: Object} Session init started @ http://localhost:3000/@fs/C:/Users/avone/OneDrive/Desktop/HokkOS/HookSwap/packages/utilities/src/logger/logger.ts:57
[  220928ms] [INFO] INFO {context: Object} [Event: Session Init Completed] {need_challenge: true, duration_ms: 108.40000000596046, git_commit_hash: 9ed17066c95192873c6353c7f745d760f7641dce} @ http://localhost:3000/@fs/C:/Users/avone/OneDrive/Desktop/HokkOS/HookSwap/packages/utilities/src/logger/logger.ts:57
[  220928ms] [INFO] INFO {context: Object} Session init completed {needChallenge: true, durationMs: 108.40000000596046} @ http://localhost:3000/@fs/C:/Users/avone/OneDrive/Desktop/HokkOS/HookSwap/packages/utilities/src/logger/logger.ts:57
[  221037ms] [ERROR] Failed to load resource: the server responded with a status of 400 () @ https://entry-gateway.backend-staging.api.uniswap.org/uniswap.platformservice.v1.SessionService/Challenge:0
[  225049ms] [INFO] INFO {context: Object} [Event: Session Init Started] {git_commit_hash: 9ed17066c95192873c6353c7f745d760f7641dce} @ http://localhost:3000/@fs/C:/Users/avone/OneDrive/Desktop/HokkOS/HookSwap/packages/utilities/src/logger/logger.ts:57
[  225049ms] [INFO] INFO {context: Object} Session init started @ http://localhost:3000/@fs/C:/Users/avone/OneDrive/Desktop/HokkOS/HookSwap/packages/utilities/src/logger/logger.ts:57
[  225523ms] [INFO] INFO {context: Object} [Event: Session Init Completed] {need_challenge: true, duration_ms: 474.5, git_commit_hash: 9ed17066c95192873c6353c7f745d760f7641dce} @ http://localhost:3000/@fs/C:/Users/avone/OneDrive/Desktop/HokkOS/HookSwap/packages/utilities/src/logger/logger.ts:57
[  225523ms] [INFO] INFO {context: Object} Session init completed {needChallenge: true, durationMs: 474.5} @ http://localhost:3000/@fs/C:/Users/avone/OneDrive/Desktop/HokkOS/HookSwap/packages/utilities/src/logger/logger.ts:57
[  225656ms] [ERROR] Failed to load resource: the server responded with a status of 400 () @ https://entry-gateway.backend-staging.api.uniswap.org/uniswap.platformservice.v1.SessionService/Challenge:0
[  225657ms] [WARNING] WARN {context: Object} Session init failed {tags: Object, extra: Object} @ http://localhost:3000/@fs/C:/Users/avone/OneDrive/Desktop/HokkOS/HookSwap/packages/utilities/src/logger/logger.ts:57
[  225657ms] [WARNING] WARN {context: Object} Session init failed {tags: Object, extra: Object} @ http://localhost:3000/@fs/C:/Users/avone/OneDrive/Desktop/HokkOS/HookSwap/packages/utilities/src/logger/logger.ts:57
[  225657ms] [WARNING] WARN {context: Object} Session init failed {tags: Object, extra: Object} @ http://localhost:3000/@fs/C:/Users/avone/OneDrive/Desktop/HokkOS/HookSwap/packages/utilities/src/logger/logger.ts:57
[  225658ms] [INFO] INFO {context: Object} [Event: Session Init Started] {git_commit_hash: 9ed17066c95192873c6353c7f745d760f7641dce} @ http://localhost:3000/@fs/C:/Users/avone/OneDrive/Desktop/HokkOS/HookSwap/packages/utilities/src/logger/logger.ts:57
[  225658ms] [INFO] INFO {context: Object} Session init started @ http://localhost:3000/@fs/C:/Users/avone/OneDrive/Desktop/HokkOS/HookSwap/packages/utilities/src/logger/logger.ts:57
[  225799ms] [INFO] INFO {context: Object} [Event: Session Init Completed] {need_challenge: true, duration_ms: 140.89999997615814, git_commit_hash: 9ed17066c95192873c6353c7f745d760f7641dce} @ http://localhost:3000/@fs/C:/Users/avone/OneDrive/Desktop/HokkOS/HookSwap/packages/utilities/src/logger/logger.ts:57
[  225799ms] [INFO] INFO {context: Object} Session init completed {needChallenge: true, durationMs: 140.89999997615814} @ http://localhost:3000/@fs/C:/Users/avone/OneDrive/Desktop/HokkOS/HookSwap/packages/utilities/src/logger/logger.ts:57
[  225930ms] [ERROR] Failed to load resource: the server responded with a status of 400 () @ https://entry-gateway.backend-staging.api.uniswap.org/uniswap.platformservice.v1.SessionService/Challenge:0
[  226934ms] [INFO] INFO {context: Object} [Event: Session Init Started] {git_commit_hash: 9ed17066c95192873c6353c7f745d760f7641dce} @ http://localhost:3000/@fs/C:/Users/avone/OneDrive/Desktop/HokkOS/HookSwap/packages/utilities/src/logger/logger.ts:57
[  226934ms] [INFO] INFO {context: Object} Session init started @ http://localhost:3000/@fs/C:/Users/avone/OneDrive/Desktop/HokkOS/HookSwap/packages/utilities/src/logger/logger.ts:57
[  228061ms] [INFO] INFO {context: Object} [Event: Session Init Completed] {need_challenge: true, duration_ms: 1127.699999988079, git_commit_hash: 9ed17066c95192873c6353c7f745d760f7641dce} @ http://localhost:3000/@fs/C:/Users/avone/OneDrive/Desktop/HokkOS/HookSwap/packages/utilities/src/logger/logger.ts:57
[  228061ms] [INFO] INFO {context: Object} Session init completed {needChallenge: true, durationMs: 1127.699999988079} @ http://localhost:3000/@fs/C:/Users/avone/OneDrive/Desktop/HokkOS/HookSwap/packages/utilities/src/logger/logger.ts:57
[  228228ms] [ERROR] Failed to load resource: the server responded with a status of 400 () @ https://entry-gateway.backend-staging.api.uniswap.org/uniswap.platformservice.v1.SessionService/Challenge:0
[  230241ms] [INFO] INFO {context: Object} [Event: Session Init Started] {git_commit_hash: 9ed17066c95192873c6353c7f745d760f7641dce} @ http://localhost:3000/@fs/C:/Users/avone/OneDrive/Desktop/HokkOS/HookSwap/packages/utilities/src/logger/logger.ts:57
[  230241ms] [INFO] INFO {context: Object} Session init started @ http://localhost:3000/@fs/C:/Users/avone/OneDrive/Desktop/HokkOS/HookSwap/packages/utilities/src/logger/logger.ts:57
[  230438ms] [INFO] INFO {context: Object} [Event: Session Init Completed] {need_challenge: true, duration_ms: 197, git_commit_hash: 9ed17066c95192873c6353c7f745d760f7641dce} @ http://localhost:3000/@fs/C:/Users/avone/OneDrive/Desktop/HokkOS/HookSwap/packages/utilities/src/logger/logger.ts:57
[  230438ms] [INFO] INFO {context: Object} Session init completed {needChallenge: true, durationMs: 197} @ http://localhost:3000/@fs/C:/Users/avone/OneDrive/Desktop/HokkOS/HookSwap/packages/utilities/src/logger/logger.ts:57
[  230654ms] [ERROR] Failed to load resource: the server responded with a status of 400 () @ https://entry-gateway.backend-staging.api.uniswap.org/uniswap.platformservice.v1.SessionService/Challenge:0
[  234670ms] [INFO] INFO {context: Object} [Event: Session Init Started] {git_commit_hash: 9ed17066c95192873c6353c7f745d760f7641dce} @ http://localhost:3000/@fs/C:/Users/avone/OneDrive/Desktop/HokkOS/HookSwap/packages/utilities/src/logger/logger.ts:57
[  234670ms] [INFO] INFO {context: Object} Session init started @ http://localhost:3000/@fs/C:/Users/avone/OneDrive/Desktop/HokkOS/HookSwap/packages/utilities/src/logger/logger.ts:57
[  234790ms] [INFO] INFO {context: Object} [Event: Session Init Completed] {need_challenge: true, duration_ms: 120.2999999821186, git_commit_hash: 9ed17066c95192873c6353c7f745d760f7641dce} @ http://localhost:3000/@fs/C:/Users/avone/OneDrive/Desktop/HokkOS/HookSwap/packages/utilities/src/logger/logger.ts:57
[  234790ms] [INFO] INFO {context: Object} Session init completed {needChallenge: true, durationMs: 120.2999999821186} @ http://localhost:3000/@fs/C:/Users/avone/OneDrive/Desktop/HokkOS/HookSwap/packages/utilities/src/logger/logger.ts:57
[  234893ms] [ERROR] Failed to load resource: the server responded with a status of 400 () @ https://entry-gateway.backend-staging.api.uniswap.org/uniswap.platformservice.v1.SessionService/Challenge:0
[  234894ms] [WARNING] WARN {context: Object} Session init failed {tags: Object, extra: Object} @ http://localhost:3000/@fs/C:/Users/avone/OneDrive/Desktop/HokkOS/HookSwap/packages/utilities/src/logger/logger.ts:57
[  234894ms] [WARNING] WARN {context: Object} Session init failed {tags: Object, extra: Object} @ http://localhost:3000/@fs/C:/Users/avone/OneDrive/Desktop/HokkOS/HookSwap/packages/utilities/src/logger/logger.ts:57
[  234894ms] [WARNING] WARN {context: Object} Session init failed {tags: Object, extra: Object} @ http://localhost:3000/@fs/C:/Users/avone/OneDrive/Desktop/HokkOS/HookSwap/packages/utilities/src/logger/logger.ts:57
[  234894ms] [INFO] INFO {context: Object} [Event: Session Init Started] {git_commit_hash: 9ed17066c95192873c6353c7f745d760f7641dce} @ http://localhost:3000/@fs/C:/Users/avone/OneDrive/Desktop/HokkOS/HookSwap/packages/utilities/src/logger/logger.ts:57
[  234894ms] [INFO] INFO {context: Object} Session init started @ http://localhost:3000/@fs/C:/Users/avone/OneDrive/Desktop/HokkOS/HookSwap/packages/utilities/src/logger/logger.ts:57
[  235013ms] [INFO] INFO {context: Object} [Event: Session Init Completed] {need_challenge: true, duration_ms: 119, git_commit_hash: 9ed17066c95192873c6353c7f745d760f7641dce} @ http://localhost:3000/@fs/C:/Users/avone/OneDrive/Desktop/HokkOS/HookSwap/packages/utilities/src/logger/logger.ts:57
[  235013ms] [INFO] INFO {context: Object} Session init completed {needChallenge: true, durationMs: 119} @ http://localhost:3000/@fs/C:/Users/avone/OneDrive/Desktop/HokkOS/HookSwap/packages/utilities/src/logger/logger.ts:57
[  235114ms] [ERROR] Failed to load resource: the server responded with a status of 400 () @ https://entry-gateway.backend-staging.api.uniswap.org/uniswap.platformservice.v1.SessionService/Challenge:0
[  236128ms] [INFO] INFO {context: Object} [Event: Session Init Started] {git_commit_hash: 9ed17066c95192873c6353c7f745d760f7641dce} @ http://localhost:3000/@fs/C:/Users/avone/OneDrive/Desktop/HokkOS/HookSwap/packages/utilities/src/logger/logger.ts:57
[  236128ms] [INFO] INFO {context: Object} Session init started @ http://localhost:3000/@fs/C:/Users/avone/OneDrive/Desktop/HokkOS/HookSwap/packages/utilities/src/logger/logger.ts:57
[  237777ms] [INFO] INFO {context: Object} [Event: Session Init Completed] {need_challenge: true, duration_ms: 1649.199999988079, git_commit_hash: 9ed17066c95192873c6353c7f745d760f7641dce} @ http://localhost:3000/@fs/C:/Users/avone/OneDrive/Desktop/HokkOS/HookSwap/packages/utilities/src/logger/logger.ts:57
[  237777ms] [INFO] INFO {context: Object} Session init completed {needChallenge: true, durationMs: 1649.199999988079} @ http://localhost:3000/@fs/C:/Users/avone/OneDrive/Desktop/HokkOS/HookSwap/packages/utilities/src/logger/logger.ts:57
[  237899ms] [ERROR] Failed to load resource: the server responded with a status of 400 () @ https://entry-gateway.backend-staging.api.uniswap.org/uniswap.platformservice.v1.SessionService/Challenge:0
[  239908ms] [INFO] INFO {context: Object} [Event: Session Init Started] {git_commit_hash: 9ed17066c95192873c6353c7f745d760f7641dce} @ http://localhost:3000/@fs/C:/Users/avone/OneDrive/Desktop/HokkOS/HookSwap/packages/utilities/src/logger/logger.ts:57
[  239908ms] [INFO] INFO {context: Object} Session init started @ http://localhost:3000/@fs/C:/Users/avone/OneDrive/Desktop/HokkOS/HookSwap/packages/utilities/src/logger/logger.ts:57
[  241132ms] [INFO] INFO {context: Object} [Event: Session Init Completed] {need_challenge: true, duration_ms: 1224.5, git_commit_hash: 9ed17066c95192873c6353c7f745d760f7641dce} @ http://localhost:3000/@fs/C:/Users/avone/OneDrive/Desktop/HokkOS/HookSwap/packages/utilities/src/logger/logger.ts:57
[  241132ms] [INFO] INFO {context: Object} Session init completed {needChallenge: true, durationMs: 1224.5} @ http://localhost:3000/@fs/C:/Users/avone/OneDrive/Desktop/HokkOS/HookSwap/packages/utilities/src/logger/logger.ts:57
[  241503ms] [ERROR] Failed to load resource: the server responded with a status of 400 () @ https://entry-gateway.backend-staging.api.uniswap.org/uniswap.platformservice.v1.SessionService/Challenge:0
[  244908ms] [WARNING] WARN {context: Object} Session ready timed out {tags: Object, extra: Object} @ http://localhost:3000/@fs/C:/Users/avone/OneDrive/Desktop/HokkOS/HookSwap/packages/utilities/src/logger/logger.ts:57
[  244908ms] [WARNING] WARN {context: Object} Session ready timed out {tags: Object, extra: Object} @ http://localhost:3000/@fs/C:/Users/avone/OneDrive/Desktop/HokkOS/HookSwap/packages/utilities/src/logger/logger.ts:57
[  244909ms] [WARNING] WARN {context: Object} Session ready timed out {tags: Object, extra: Object} @ http://localhost:3000/@fs/C:/Users/avone/OneDrive/Desktop/HokkOS/HookSwap/packages/utilities/src/logger/logger.ts:57
[  245517ms] [INFO] INFO {context: Object} [Event: Session Init Started] {git_commit_hash: 9ed17066c95192873c6353c7f745d760f7641dce} @ http://localhost:3000/@fs/C:/Users/avone/OneDrive/Desktop/HokkOS/HookSwap/packages/utilities/src/logger/logger.ts:57
[  245518ms] [INFO] INFO {context: Object} Session init started @ http://localhost:3000/@fs/C:/Users/avone/OneDrive/Desktop/HokkOS/HookSwap/packages/utilities/src/logger/logger.ts:57
[  245640ms] [INFO] INFO {context: Object} [Event: Session Init Completed] {need_challenge: true, duration_ms: 122.90000000596046, git_commit_hash: 9ed17066c95192873c6353c7f745d760f7641dce} @ http://localhost:3000/@fs/C:/Users/avone/OneDrive/Desktop/HokkOS/HookSwap/packages/utilities/src/logger/logger.ts:57
[  245640ms] [INFO] INFO {context: Object} Session init completed {needChallenge: true, durationMs: 122.90000000596046} @ http://localhost:3000/@fs/C:/Users/avone/OneDrive/Desktop/HokkOS/HookSwap/packages/utilities/src/logger/logger.ts:57
[  245779ms] [ERROR] Failed to load resource: the server responded with a status of 400 () @ https://entry-gateway.backend-staging.api.uniswap.org/uniswap.platformservice.v1.SessionService/Challenge:0
[  245780ms] [WARNING] WARN {context: Object} Session init failed {tags: Object, extra: Object} @ http://localhost:3000/@fs/C:/Users/avone/OneDrive/Desktop/HokkOS/HookSwap/packages/utilities/src/logger/logger.ts:57
[  245780ms] [WARNING] WARN {context: Object} Session init failed {tags: Object, extra: Object} @ http://localhost:3000/@fs/C:/Users/avone/OneDrive/Desktop/HokkOS/HookSwap/packages/utilities/src/logger/logger.ts:57
[  245780ms] [WARNING] WARN {context: Object} Session init failed {tags: Object, extra: Object} @ http://localhost:3000/@fs/C:/Users/avone/OneDrive/Desktop/HokkOS/HookSwap/packages/utilities/src/logger/logger.ts:57
[  245781ms] [INFO] INFO {context: Object} [Event: Session Init Started] {git_commit_hash: 9ed17066c95192873c6353c7f745d760f7641dce} @ http://localhost:3000/@fs/C:/Users/avone/OneDrive/Desktop/HokkOS/HookSwap/packages/utilities/src/logger/logger.ts:57
[  245781ms] [INFO] INFO {context: Object} Session init started @ http://localhost:3000/@fs/C:/Users/avone/OneDrive/Desktop/HokkOS/HookSwap/packages/utilities/src/logger/logger.ts:57
[  245909ms] [INFO] INFO {context: Object} [Event: Session Init Completed] {need_challenge: true, duration_ms: 128.2999999821186, git_commit_hash: 9ed17066c95192873c6353c7f745d760f7641dce} @ http://localhost:3000/@fs/C:/Users/avone/OneDrive/Desktop/HokkOS/HookSwap/packages/utilities/src/logger/logger.ts:57
[  245909ms] [INFO] INFO {context: Object} Session init completed {needChallenge: true, durationMs: 128.2999999821186} @ http://localhost:3000/@fs/C:/Users/avone/OneDrive/Desktop/HokkOS/HookSwap/packages/utilities/src/logger/logger.ts:57
[  246010ms] [ERROR] Failed to load resource: the server responded with a status of 400 () @ https://entry-gateway.backend-staging.api.uniswap.org/uniswap.platformservice.v1.SessionService/Challenge:0
[  247026ms] [INFO] INFO {context: Object} [Event: Session Init Started] {git_commit_hash: 9ed17066c95192873c6353c7f745d760f7641dce} @ http://localhost:3000/@fs/C:/Users/avone/OneDrive/Desktop/HokkOS/HookSwap/packages/utilities/src/logger/logger.ts:57
[  247027ms] [INFO] INFO {context: Object} Session init started @ http://localhost:3000/@fs/C:/Users/avone/OneDrive/Desktop/HokkOS/HookSwap/packages/utilities/src/logger/logger.ts:57
[  247136ms] [INFO] INFO {context: Object} [Event: Session Init Completed] {need_challenge: true, duration_ms: 110, git_commit_hash: 9ed17066c95192873c6353c7f745d760f7641dce} @ http://localhost:3000/@fs/C:/Users/avone/OneDrive/Desktop/HokkOS/HookSwap/packages/utilities/src/logger/logger.ts:57
[  247136ms] [INFO] INFO {context: Object} Session init completed {needChallenge: true, durationMs: 110} @ http://localhost:3000/@fs/C:/Users/avone/OneDrive/Desktop/HokkOS/HookSwap/packages/utilities/src/logger/logger.ts:57
[  247245ms] [ERROR] Failed to load resource: the server responded with a status of 400 () @ https://entry-gateway.backend-staging.api.uniswap.org/uniswap.platformservice.v1.SessionService/Challenge:0
[  249262ms] [INFO] INFO {context: Object} [Event: Session Init Started] {git_commit_hash: 9ed17066c95192873c6353c7f745d760f7641dce} @ http://localhost:3000/@fs/C:/Users/avone/OneDrive/Desktop/HokkOS/HookSwap/packages/utilities/src/logger/logger.ts:57
[  249262ms] [INFO] INFO {context: Object} Session init started @ http://localhost:3000/@fs/C:/Users/avone/OneDrive/Desktop/HokkOS/HookSwap/packages/utilities/src/logger/logger.ts:57
[  249851ms] [INFO] INFO {context: Object} [Event: Session Init Completed] {need_challenge: true, duration_ms: 589.2000000178814, git_commit_hash: 9ed17066c95192873c6353c7f745d760f7641dce} @ http://localhost:3000/@fs/C:/Users/avone/OneDrive/Desktop/HokkOS/HookSwap/packages/utilities/src/logger/logger.ts:57
[  249851ms] [INFO] INFO {context: Object} Session init completed {needChallenge: true, durationMs: 589.2000000178814} @ http://localhost:3000/@fs/C:/Users/avone/OneDrive/Desktop/HokkOS/HookSwap/packages/utilities/src/logger/logger.ts:57
[  249962ms] [ERROR] Failed to load resource: the server responded with a status of 400 () @ https://entry-gateway.backend-staging.api.uniswap.org/uniswap.platformservice.v1.SessionService/Challenge:0
[  253972ms] [INFO] INFO {context: Object} [Event: Session Init Started] {git_commit_hash: 9ed17066c95192873c6353c7f745d760f7641dce} @ http://localhost:3000/@fs/C:/Users/avone/OneDrive/Desktop/HokkOS/HookSwap/packages/utilities/src/logger/logger.ts:57
[  253972ms] [INFO] INFO {context: Object} Session init started @ http://localhost:3000/@fs/C:/Users/avone/OneDrive/Desktop/HokkOS/HookSwap/packages/utilities/src/logger/logger.ts:57
[  254159ms] [INFO] INFO {context: Object} [Event: Session Init Completed] {need_challenge: true, duration_ms: 187.19999998807907, git_commit_hash: 9ed17066c95192873c6353c7f745d760f7641dce} @ http://localhost:3000/@fs/C:/Users/avone/OneDrive/Desktop/HokkOS/HookSwap/packages/utilities/src/logger/logger.ts:57
[  254159ms] [INFO] INFO {context: Object} Session init completed {needChallenge: true, durationMs: 187.19999998807907} @ http://localhost:3000/@fs/C:/Users/avone/OneDrive/Desktop/HokkOS/HookSwap/packages/utilities/src/logger/logger.ts:57
[  254273ms] [ERROR] Failed to load resource: the server responded with a status of 400 () @ https://entry-gateway.backend-staging.api.uniswap.org/uniswap.platformservice.v1.SessionService/Challenge:0
[  254273ms] [WARNING] WARN {context: Object} Session init failed {tags: Object, extra: Object} @ http://localhost:3000/@fs/C:/Users/avone/OneDrive/Desktop/HokkOS/HookSwap/packages/utilities/src/logger/logger.ts:57
[  254273ms] [WARNING] WARN {context: Object} Session init failed {tags: Object, extra: Object} @ http://localhost:3000/@fs/C:/Users/avone/OneDrive/Desktop/HokkOS/HookSwap/packages/utilities/src/logger/logger.ts:57
[  254273ms] [WARNING] WARN {context: Object} Session init failed {tags: Object, extra: Object} @ http://localhost:3000/@fs/C:/Users/avone/OneDrive/Desktop/HokkOS/HookSwap/packages/utilities/src/logger/logger.ts:57
[  254274ms] [INFO] INFO {context: Object} [Event: Session Init Started] {git_commit_hash: 9ed17066c95192873c6353c7f745d760f7641dce} @ http://localhost:3000/@fs/C:/Users/avone/OneDrive/Desktop/HokkOS/HookSwap/packages/utilities/src/logger/logger.ts:57
[  254274ms] [INFO] INFO {context: Object} Session init started @ http://localhost:3000/@fs/C:/Users/avone/OneDrive/Desktop/HokkOS/HookSwap/packages/utilities/src/logger/logger.ts:57
[  254399ms] [INFO] INFO {context: Object} [Event: Session Init Completed] {need_challenge: true, duration_ms: 125.5, git_commit_hash: 9ed17066c95192873c6353c7f745d760f7641dce} @ http://localhost:3000/@fs/C:/Users/avone/OneDrive/Desktop/HokkOS/HookSwap/packages/utilities/src/logger/logger.ts:57
[  254399ms] [INFO] INFO {context: Object} Session init completed {needChallenge: true, durationMs: 125.5} @ http://localhost:3000/@fs/C:/Users/avone/OneDrive/Desktop/HokkOS/HookSwap/packages/utilities/src/logger/logger.ts:57
[  254505ms] [ERROR] Failed to load resource: the server responded with a status of 400 () @ https://entry-gateway.backend-staging.api.uniswap.org/uniswap.platformservice.v1.SessionService/Challenge:0
[  255517ms] [INFO] INFO {context: Object} [Event: Session Init Started] {git_commit_hash: 9ed17066c95192873c6353c7f745d760f7641dce} @ http://localhost:3000/@fs/C:/Users/avone/OneDrive/Desktop/HokkOS/HookSwap/packages/utilities/src/logger/logger.ts:57
[  255517ms] [INFO] INFO {context: Object} Session init started @ http://localhost:3000/@fs/C:/Users/avone/OneDrive/Desktop/HokkOS/HookSwap/packages/utilities/src/logger/logger.ts:57
[  255672ms] [INFO] INFO {context: Object} [Event: Session Init Completed] {need_challenge: true, duration_ms: 154.80000001192093, git_commit_hash: 9ed17066c95192873c6353c7f745d760f7641dce} @ http://localhost:3000/@fs/C:/Users/avone/OneDrive/Desktop/HokkOS/HookSwap/packages/utilities/src/logger/logger.ts:57
[  255672ms] [INFO] INFO {context: Object} Session init completed {needChallenge: true, durationMs: 154.80000001192093} @ http://localhost:3000/@fs/C:/Users/avone/OneDrive/Desktop/HokkOS/HookSwap/packages/utilities/src/logger/logger.ts:57
[  255780ms] [ERROR] Failed to load resource: the server responded with a status of 400 () @ https://entry-gateway.backend-staging.api.uniswap.org/uniswap.platformservice.v1.SessionService/Challenge:0
[  257794ms] [INFO] INFO {context: Object} [Event: Session Init Started] {git_commit_hash: 9ed17066c95192873c6353c7f745d760f7641dce} @ http://localhost:3000/@fs/C:/Users/avone/OneDrive/Desktop/HokkOS/HookSwap/packages/utilities/src/logger/logger.ts:57
[  257795ms] [INFO] INFO {context: Object} Session init started @ http://localhost:3000/@fs/C:/Users/avone/OneDrive/Desktop/HokkOS/HookSwap/packages/utilities/src/logger/logger.ts:57
[  257939ms] [INFO] INFO {context: Object} [Event: Session Init Completed] {need_challenge: true, duration_ms: 145.09999999403954, git_commit_hash: 9ed17066c95192873c6353c7f745d760f7641dce} @ http://localhost:3000/@fs/C:/Users/avone/OneDrive/Desktop/HokkOS/HookSwap/packages/utilities/src/logger/logger.ts:57
[  257939ms] [INFO] INFO {context: Object} Session init completed {needChallenge: true, durationMs: 145.09999999403954} @ http://localhost:3000/@fs/C:/Users/avone/OneDrive/Desktop/HokkOS/HookSwap/packages/utilities/src/logger/logger.ts:57
[  258042ms] [ERROR] Failed to load resource: the server responded with a status of 400 () @ https://entry-gateway.backend-staging.api.uniswap.org/uniswap.platformservice.v1.SessionService/Challenge:0
[  262056ms] [INFO] INFO {context: Object} [Event: Session Init Started] {git_commit_hash: 9ed17066c95192873c6353c7f745d760f7641dce} @ http://localhost:3000/@fs/C:/Users/avone/OneDrive/Desktop/HokkOS/HookSwap/packages/utilities/src/logger/logger.ts:57
[  262056ms] [INFO] INFO {context: Object} Session init started @ http://localhost:3000/@fs/C:/Users/avone/OneDrive/Desktop/HokkOS/HookSwap/packages/utilities/src/logger/logger.ts:57
[  262233ms] [INFO] INFO {context: Object} [Event: Session Init Completed] {need_challenge: true, duration_ms: 177, git_commit_hash: 9ed17066c95192873c6353c7f745d760f7641dce} @ http://localhost:3000/@fs/C:/Users/avone/OneDrive/Desktop/HokkOS/HookSwap/packages/utilities/src/logger/logger.ts:57
[  262233ms] [INFO] INFO {context: Object} Session init completed {needChallenge: true, durationMs: 177} @ http://localhost:3000/@fs/C:/Users/avone/OneDrive/Desktop/HokkOS/HookSwap/packages/utilities/src/logger/logger.ts:57
[  262710ms] [ERROR] Failed to load resource: the server responded with a status of 400 () @ https://entry-gateway.backend-staging.api.uniswap.org/uniswap.platformservice.v1.SessionService/Challenge:0
[  262711ms] [WARNING] WARN {context: Object} Session init failed {tags: Object, extra: Object} @ http://localhost:3000/@fs/C:/Users/avone/OneDrive/Desktop/HokkOS/HookSwap/packages/utilities/src/logger/logger.ts:57
[  262711ms] [WARNING] WARN {context: Object} Session init failed {tags: Object, extra: Object} @ http://localhost:3000/@fs/C:/Users/avone/OneDrive/Desktop/HokkOS/HookSwap/packages/utilities/src/logger/logger.ts:57
[  262711ms] [WARNING] WARN {context: Object} Session init failed {tags: Object, extra: Object} @ http://localhost:3000/@fs/C:/Users/avone/OneDrive/Desktop/HokkOS/HookSwap/packages/utilities/src/logger/logger.ts:57
[  262712ms] [INFO] INFO {context: Object} [Event: Session Init Started] {git_commit_hash: 9ed17066c95192873c6353c7f745d760f7641dce} @ http://localhost:3000/@fs/C:/Users/avone/OneDrive/Desktop/HokkOS/HookSwap/packages/utilities/src/logger/logger.ts:57
[  262712ms] [INFO] INFO {context: Object} Session init started @ http://localhost:3000/@fs/C:/Users/avone/OneDrive/Desktop/HokkOS/HookSwap/packages/utilities/src/logger/logger.ts:57
[  262911ms] [INFO] INFO {context: Object} [Event: Session Init Completed] {need_challenge: true, duration_ms: 199.5, git_commit_hash: 9ed17066c95192873c6353c7f745d760f7641dce} @ http://localhost:3000/@fs/C:/Users/avone/OneDrive/Desktop/HokkOS/HookSwap/packages/utilities/src/logger/logger.ts:57
[  262911ms] [INFO] INFO {context: Object} Session init completed {needChallenge: true, durationMs: 199.5} @ http://localhost:3000/@fs/C:/Users/avone/OneDrive/Desktop/HokkOS/HookSwap/packages/utilities/src/logger/logger.ts:57
[  263066ms] [ERROR] Failed to load resource: the server responded with a status of 400 () @ https://entry-gateway.backend-staging.api.uniswap.org/uniswap.platformservice.v1.SessionService/Challenge:0
[  264575ms] [INFO] INFO {context: Object} [Event: Session Init Started] {git_commit_hash: 9ed17066c95192873c6353c7f745d760f7641dce} @ http://localhost:3000/@fs/C:/Users/avone/OneDrive/Desktop/HokkOS/HookSwap/packages/utilities/src/logger/logger.ts:57
[  264576ms] [INFO] INFO {context: Object} Session init started @ http://localhost:3000/@fs/C:/Users/avone/OneDrive/Desktop/HokkOS/HookSwap/packages/utilities/src/logger/logger.ts:57
[  265330ms] [INFO] INFO {context: Object} [Event: Session Init Completed] {need_challenge: true, duration_ms: 754.1999999880791, git_commit_hash: 9ed17066c95192873c6353c7f745d760f7641dce} @ http://localhost:3000/@fs/C:/Users/avone/OneDrive/Desktop/HokkOS/HookSwap/packages/utilities/src/logger/logger.ts:57
[  265330ms] [INFO] INFO {context: Object} Session init completed {needChallenge: true, durationMs: 754.1999999880791} @ http://localhost:3000/@fs/C:/Users/avone/OneDrive/Desktop/HokkOS/HookSwap/packages/utilities/src/logger/logger.ts:57
[  265601ms] [ERROR] Failed to load resource: the server responded with a status of 400 () @ https://entry-gateway.backend-staging.api.uniswap.org/uniswap.platformservice.v1.SessionService/Challenge:0
[  267609ms] [INFO] INFO {context: Object} [Event: Session Init Started] {git_commit_hash: 9ed17066c95192873c6353c7f745d760f7641dce} @ http://localhost:3000/@fs/C:/Users/avone/OneDrive/Desktop/HokkOS/HookSwap/packages/utilities/src/logger/logger.ts:57
[  267610ms] [INFO] INFO {context: Object} Session init started @ http://localhost:3000/@fs/C:/Users/avone/OneDrive/Desktop/HokkOS/HookSwap/packages/utilities/src/logger/logger.ts:57
[  268553ms] [INFO] INFO {context: Object} [Event: Session Init Completed] {need_challenge: true, duration_ms: 944, git_commit_hash: 9ed17066c95192873c6353c7f745d760f7641dce} @ http://localhost:3000/@fs/C:/Users/avone/OneDrive/Desktop/HokkOS/HookSwap/packages/utilities/src/logger/logger.ts:57
[  268553ms] [INFO] INFO {context: Object} Session init completed {needChallenge: true, durationMs: 944} @ http://localhost:3000/@fs/C:/Users/avone/OneDrive/Desktop/HokkOS/HookSwap/packages/utilities/src/logger/logger.ts:57
[  268706ms] [ERROR] Failed to load resource: the server responded with a status of 400 () @ https://entry-gateway.backend-staging.api.uniswap.org/uniswap.platformservice.v1.SessionService/Challenge:0
[  281856ms] [INFO] %cDownload the React DevTools for a better development experience: https://react.dev/link/react-devtools font-weight:bold @ http://localhost:3000/node_modules/.vite/deps/chunk-GIFLVW4N.js?v=0d3f4219:29554
[  281973ms] [LOG] redux-persist/stateReconciler: rehydrated keys 'appearanceSettings, favorites, portfolio, searchHistory, tokens, transactions, uniswapBehaviorHistory, userSettings, visibility, user, lists, fiatOnRampTransactions, walletCapabilities, _persist' @ http://localhost:3000/node_modules/.vite/deps/redux-persist.js?v=a646d44f:99
[  282174ms] [ERROR] Each child in a list should have a unique "key" prop.%s%s See https://react.dev/link/warning-keys for more information. 

Check the render method of `PrivacyPolicyNotice`.  It was passed a child from Trans2. @ http://localhost:3000/src/utils/setupTurnstileCSPErrorFilter.ts:29
[  282225ms] [WARNING] styled-components: it looks like an unknown prop "delay" is being sent through to the DOM, which will likely trigger a React console error. If you would like automatic filtering of unknown props, you can opt-into that behavior via `<StyleSheetManager shouldForwardProp={...}>` (connect an API like `@emotion/is-prop-valid`) or consider using transient props (`$` prefix for automatic filtering.) @ http://localhost:3000/node_modules/.vite/deps/chunk-HPGWUDCK.js?v=0d3f4219:1256
[  282294ms] [INFO] INFO {context: Object} [Event: Application Loaded] {service_worker: uninstalled, cache: unknown, git_commit_hash: 9ed17066c95192873c6353c7f745d760f7641dce} @ http://localhost:3000/@fs/C:/Users/avone/OneDrive/Desktop/HokkOS/HookSwap/packages/utilities/src/logger/logger.ts:57
[  282297ms] [WARNING] WARN {context: Object} Invalid call to `updateScrollLock` before calling `initializeScrollWatcher` @ http://localhost:3000/@fs/C:/Users/avone/OneDrive/Desktop/HokkOS/HookSwap/packages/utilities/src/logger/logger.ts:57
[  282301ms] [INFO] INFO {context: Object} [Event: Page Viewed] {page: landing-page, modal: sign-up-modal, git_commit_hash: 9ed17066c95192873c6353c7f745d760f7641dce} @ http://localhost:3000/@fs/C:/Users/avone/OneDrive/Desktop/HokkOS/HookSwap/packages/utilities/src/logger/logger.ts:57
[  282315ms] [INFO] INFO {context: Object} [Event: Page Viewed] {page: landing-page, git_commit_hash: 9ed17066c95192873c6353c7f745d760f7641dce} @ http://localhost:3000/@fs/C:/Users/avone/OneDrive/Desktop/HokkOS/HookSwap/packages/utilities/src/logger/logger.ts:57
[  282321ms] [INFO] INFO {context: Object} Setting active chain id to 1 @ http://localhost:3000/@fs/C:/Users/avone/OneDrive/Desktop/HokkOS/HookSwap/packages/utilities/src/logger/logger.ts:57
[  282513ms] [LOG] RWS> connect 0 @ http://localhost:3000/node_modules/.vite/deps/partysocket.js?v=28d847b2:257
[  282514ms] [LOG] RWS> next delay 0 @ http://localhost:3000/node_modules/.vite/deps/partysocket.js?v=28d847b2:257
[  282520ms] [INFO] INFO {context: Object} Setting active chain id to 1 @ http://localhost:3000/@fs/C:/Users/avone/OneDrive/Desktop/HokkOS/HookSwap/packages/utilities/src/logger/logger.ts:57
[  282525ms] [INFO] INFO {context: Object} [Event: Page Viewed] {page: landing-page, section: swap-form, git_commit_hash: 9ed17066c95192873c6353c7f745d760f7641dce} @ http://localhost:3000/@fs/C:/Users/avone/OneDrive/Desktop/HokkOS/HookSwap/packages/utilities/src/logger/logger.ts:57
[  282703ms] [INFO] INFO {context: Object} [Property: user_agent]: Mozilla/5.0 (Windows NT 10.0; Win64; x64) AppleWebKit/537.36 (KHTML, like Gecko) Chrome/149.0.0.0 Safari/537.36 @ http://localhost:3000/@fs/C:/Users/avone/OneDrive/Desktop/HokkOS/HookSwap/packages/utilities/src/logger/logger.ts:57
[  282703ms] [INFO] INFO {context: Object} [Property: browser]: Google Chrome or Chromium @ http://localhost:3000/@fs/C:/Users/avone/OneDrive/Desktop/HokkOS/HookSwap/packages/utilities/src/logger/logger.ts:57
[  282703ms] [INFO] INFO {context: Object} [Property: screen_resolution_height]: 1080 @ http://localhost:3000/@fs/C:/Users/avone/OneDrive/Desktop/HokkOS/HookSwap/packages/utilities/src/logger/logger.ts:57
[  282703ms] [INFO] INFO {context: Object} [Property: screen_resolution_width]: 1920 @ http://localhost:3000/@fs/C:/Users/avone/OneDrive/Desktop/HokkOS/HookSwap/packages/utilities/src/logger/logger.ts:57
[  282704ms] [INFO] INFO {context: Object} [Property: git_commit_hash]: 9ed17066c95192873c6353c7f745d760f7641dce @ http://localhost:3000/@fs/C:/Users/avone/OneDrive/Desktop/HokkOS/HookSwap/packages/utilities/src/logger/logger.ts:57
[  282704ms] [INFO] INFO {context: Object} [Property: is_dark_mode]: false @ http://localhost:3000/@fs/C:/Users/avone/OneDrive/Desktop/HokkOS/HookSwap/packages/utilities/src/logger/logger.ts:57
[  282704ms] [INFO] INFO {context: Object} [Property: router_preference]: uniswapx @ http://localhost:3000/@fs/C:/Users/avone/OneDrive/Desktop/HokkOS/HookSwap/packages/utilities/src/logger/logger.ts:57
[  282704ms] [INFO] INFO {context: Object} [Property: testnet_mode_enabled]: false @ http://localhost:3000/@fs/C:/Users/avone/OneDrive/Desktop/HokkOS/HookSwap/packages/utilities/src/logger/logger.ts:57
[  282774ms] [INFO] INFO {context: Object} [Event: Session Init Started] {git_commit_hash: 9ed17066c95192873c6353c7f745d760f7641dce} @ http://localhost:3000/@fs/C:/Users/avone/OneDrive/Desktop/HokkOS/HookSwap/packages/utilities/src/logger/logger.ts:57
[  282774ms] [INFO] INFO {context: Object} Session init started @ http://localhost:3000/@fs/C:/Users/avone/OneDrive/Desktop/HokkOS/HookSwap/packages/utilities/src/logger/logger.ts:57
[  282778ms] [LOG] RWS> connect {url: wss://websockets.backend-staging.api.uniswap.org, protocols: Array(0)} @ http://localhost:3000/node_modules/.vite/deps/partysocket.js?v=28d847b2:257
[  282778ms] [LOG] RWS> addListeners @ http://localhost:3000/node_modules/.vite/deps/partysocket.js?v=28d847b2:257
[  283153ms] [WARNING] The configured WalletConnect 'metadata.url':https://app.uniswap.org differs from the actual page url:http://localhost:3000. This is probably unintended and can lead to issues. @ http://localhost:3000/node_modules/.vite/deps/index.es-KGVGLJCL.js:929
[  283452ms] [ERROR] Failed to load resource: the server responded with a status of 401 () @ https://entry-gateway.backend-staging.api.uniswap.org/rpc/1:0
[  283570ms] [INFO] INFO {context: Object} [Property: uniswap_identifier]: d896be5e-314c-42e0-8224-6a36ae292578 @ http://localhost:3000/@fs/C:/Users/avone/OneDrive/Desktop/HokkOS/HookSwap/packages/utilities/src/logger/logger.ts:57
[  283625ms] [INFO] Note: this could just be due to you not setting all the theme tokens Tamagui expects, which is harmless, but
                    it also often can be because you have a duplicated Tamagui in your bundle, which can cause tricky bugs. @ http://localhost:3000/node_modules/.vite/deps/chunk-Z56GXT5X.js?v=0d3f4219:2833
[  283625ms] [INFO] To see if you have duplicated dependencies, in Chrome DevTools hit CMD+P and type TamaguiProvider.
                    If you see both a .cjs and a .mjs entry, it's duplicated. @ http://localhost:3000/node_modules/.vite/deps/chunk-Z56GXT5X.js?v=0d3f4219:2834
[  283625ms] [INFO] You can debug that issue by opening the .mjs and .cjs files and setting a breakpoint at the top of each. @ http://localhost:3000/node_modules/.vite/deps/chunk-Z56GXT5X.js?v=0d3f4219:2835
[  283625ms] [INFO] We only log this warning one time as it's sometimes harmless, to disable this log entirely set process.env.TAMAGUI_DISABLE_MISSING_TOKEN_LOG=1. @ http://localhost:3000/node_modules/.vite/deps/chunk-Z56GXT5X.js?v=0d3f4219:2835
[  283681ms] [INFO] INFO {context: Object} [Event: Application Loaded] {service_worker: uninstalled, cache: unknown, git_commit_hash: 9ed17066c95192873c6353c7f745d760f7641dce} @ http://localhost:3000/@fs/C:/Users/avone/OneDrive/Desktop/HokkOS/HookSwap/packages/utilities/src/logger/logger.ts:57
[  283687ms] [INFO] INFO {context: Object} [Event: Page Viewed] {page: landing-page, git_commit_hash: 9ed17066c95192873c6353c7f745d760f7641dce} @ http://localhost:3000/@fs/C:/Users/avone/OneDrive/Desktop/HokkOS/HookSwap/packages/utilities/src/logger/logger.ts:57
[  283688ms] [WARNING] WARN {context: Object} `ScrollWatcher` already initialized. You should only call `initializeScrollWatcher` once. @ http://localhost:3000/@fs/C:/Users/avone/OneDrive/Desktop/HokkOS/HookSwap/packages/utilities/src/logger/logger.ts:57
[  283696ms] [INFO] INFO {context: Object} [Event: Application Loaded] {service_worker: uninstalled, cache: unknown, git_commit_hash: 9ed17066c95192873c6353c7f745d760f7641dce} @ http://localhost:3000/@fs/C:/Users/avone/OneDrive/Desktop/HokkOS/HookSwap/packages/utilities/src/logger/logger.ts:57
[  283708ms] [WARNING] WARN {context: Object} `ScrollWatcher` already initialized. You should only call `initializeScrollWatcher` once. @ http://localhost:3000/@fs/C:/Users/avone/OneDrive/Desktop/HokkOS/HookSwap/packages/utilities/src/logger/logger.ts:57
[  283874ms] [INFO] INFO {context: Object} Setting active chain id to 1 @ http://localhost:3000/@fs/C:/Users/avone/OneDrive/Desktop/HokkOS/HookSwap/packages/utilities/src/logger/logger.ts:57
[  283875ms] [INFO] INFO {context: Object} [Event: Page Viewed] {page: landing-page, section: swap-form, git_commit_hash: 9ed17066c95192873c6353c7f745d760f7641dce} @ http://localhost:3000/@fs/C:/Users/avone/OneDrive/Desktop/HokkOS/HookSwap/packages/utilities/src/logger/logger.ts:57
[  283992ms] [INFO] INFO {context: Object} [Property: uniswap_identifier]: d896be5e-314c-42e0-8224-6a36ae292578 @ http://localhost:3000/@fs/C:/Users/avone/OneDrive/Desktop/HokkOS/HookSwap/packages/utilities/src/logger/logger.ts:57
[  283992ms] [INFO] INFO {context: Object} [Property: user_agent]: Mozilla/5.0 (Windows NT 10.0; Win64; x64) AppleWebKit/537.36 (KHTML, like Gecko) Chrome/149.0.0.0 Safari/537.36 @ http://localhost:3000/@fs/C:/Users/avone/OneDrive/Desktop/HokkOS/HookSwap/packages/utilities/src/logger/logger.ts:57
[  283992ms] [INFO] INFO {context: Object} [Property: browser]: Google Chrome or Chromium @ http://localhost:3000/@fs/C:/Users/avone/OneDrive/Desktop/HokkOS/HookSwap/packages/utilities/src/logger/logger.ts:57
[  283992ms] [INFO] INFO {context: Object} [Property: screen_resolution_height]: 1080 @ http://localhost:3000/@fs/C:/Users/avone/OneDrive/Desktop/HokkOS/HookSwap/packages/utilities/src/logger/logger.ts:57
[  283992ms] [INFO] INFO {context: Object} [Property: screen_resolution_width]: 1920 @ http://localhost:3000/@fs/C:/Users/avone/OneDrive/Desktop/HokkOS/HookSwap/packages/utilities/src/logger/logger.ts:57
[  283992ms] [INFO] INFO {context: Object} [Property: git_commit_hash]: 9ed17066c95192873c6353c7f745d760f7641dce @ http://localhost:3000/@fs/C:/Users/avone/OneDrive/Desktop/HokkOS/HookSwap/packages/utilities/src/logger/logger.ts:57
[  283993ms] [INFO] INFO {context: Object} [Property: is_dark_mode]: false @ http://localhost:3000/@fs/C:/Users/avone/OneDrive/Desktop/HokkOS/HookSwap/packages/utilities/src/logger/logger.ts:57
[  283993ms] [INFO] INFO {context: Object} [Property: router_preference]: uniswapx @ http://localhost:3000/@fs/C:/Users/avone/OneDrive/Desktop/HokkOS/HookSwap/packages/utilities/src/logger/logger.ts:57
[  283993ms] [INFO] INFO {context: Object} [Property: testnet_mode_enabled]: false @ http://localhost:3000/@fs/C:/Users/avone/OneDrive/Desktop/HokkOS/HookSwap/packages/utilities/src/logger/logger.ts:57
[  283994ms] [INFO] INFO {context: Object} [Property: uniswap_identifier]: d896be5e-314c-42e0-8224-6a36ae292578 @ http://localhost:3000/@fs/C:/Users/avone/OneDrive/Desktop/HokkOS/HookSwap/packages/utilities/src/logger/logger.ts:57
[  283994ms] [INFO] INFO {context: Object} [Property: user_agent]: Mozilla/5.0 (Windows NT 10.0; Win64; x64) AppleWebKit/537.36 (KHTML, like Gecko) Chrome/149.0.0.0 Safari/537.36 @ http://localhost:3000/@fs/C:/Users/avone/OneDrive/Desktop/HokkOS/HookSwap/packages/utilities/src/logger/logger.ts:57
[  283994ms] [INFO] INFO {context: Object} [Property: browser]: Google Chrome or Chromium @ http://localhost:3000/@fs/C:/Users/avone/OneDrive/Desktop/HokkOS/HookSwap/packages/utilities/src/logger/logger.ts:57
[  283994ms] [INFO] INFO {context: Object} [Property: screen_resolution_height]: 1080 @ http://localhost:3000/@fs/C:/Users/avone/OneDrive/Desktop/HokkOS/HookSwap/packages/utilities/src/logger/logger.ts:57
[  283994ms] [INFO] INFO {context: Object} [Property: screen_resolution_width]: 1920 @ http://localhost:3000/@fs/C:/Users/avone/OneDrive/Desktop/HokkOS/HookSwap/packages/utilities/src/logger/logger.ts:57
[  283994ms] [INFO] INFO {context: Object} [Property: git_commit_hash]: 9ed17066c95192873c6353c7f745d760f7641dce @ http://localhost:3000/@fs/C:/Users/avone/OneDrive/Desktop/HokkOS/HookSwap/packages/utilities/src/logger/logger.ts:57
[  283994ms] [INFO] INFO {context: Object} [Property: is_dark_mode]: false @ http://localhost:3000/@fs/C:/Users/avone/OneDrive/Desktop/HokkOS/HookSwap/packages/utilities/src/logger/logger.ts:57
[  283994ms] [INFO] INFO {context: Object} [Property: router_preference]: uniswapx @ http://localhost:3000/@fs/C:/Users/avone/OneDrive/Desktop/HokkOS/HookSwap/packages/utilities/src/logger/logger.ts:57
[  283994ms] [INFO] INFO {context: Object} [Property: testnet_mode_enabled]: false @ http://localhost:3000/@fs/C:/Users/avone/OneDrive/Desktop/HokkOS/HookSwap/packages/utilities/src/logger/logger.ts:57
[  284966ms] [WARNING] WARN {context: Object} RPC error {method: getBlockNumber, chainId: 1, durationMs: 2262, provider: unirpc, transport: ethers} @ http://localhost:3000/@fs/C:/Users/avone/OneDrive/Desktop/HokkOS/HookSwap/packages/utilities/src/logger/logger.ts:57
[  285272ms] [INFO] INFO {context: Object} [Event: Session Init Completed] {need_challenge: true, duration_ms: -10794.699999988079, git_commit_hash: 9ed17066c95192873c6353c7f745d760f7641dce} @ http://localhost:3000/@fs/C:/Users/avone/OneDrive/Desktop/HokkOS/HookSwap/packages/utilities/src/logger/logger.ts:57
[  285272ms] [INFO] INFO {context: Object} Session init completed {needChallenge: true, durationMs: -10794.699999988079} @ http://localhost:3000/@fs/C:/Users/avone/OneDrive/Desktop/HokkOS/HookSwap/packages/utilities/src/logger/logger.ts:57
[  285277ms] [ERROR] Failed to load resource: the server responded with a status of 401 () @ https://entry-gateway.backend-staging.api.uniswap.org/rpc/1:0
[  285547ms] [LOG] [DEBUG] ethereum-provider request {method: eth_accounts} @ http://localhost:3000/node_modules/.vite/deps/chunk-K6AKYCO5.js?v=0d3f4219:629
[  285687ms] [WARNING] WARN {context: Object} RPC error {method: getBlockNumber, chainId: 1, durationMs: 1694, provider: unirpc, transport: ethers} @ http://localhost:3000/@fs/C:/Users/avone/OneDrive/Desktop/HokkOS/HookSwap/packages/utilities/src/logger/logger.ts:57
[  285687ms] [WARNING] WARN {context: Object} RPC error {method: getBlockNumber, chainId: 1, durationMs: 1692, provider: unirpc, transport: ethers} @ http://localhost:3000/@fs/C:/Users/avone/OneDrive/Desktop/HokkOS/HookSwap/packages/utilities/src/logger/logger.ts:57
[  285822ms] [INFO] INFO {context: Object} [Event: Application Loaded] {service_worker: uninstalled, cache: unknown, git_commit_hash: 9ed17066c95192873c6353c7f745d760f7641dce} @ http://localhost:3000/@fs/C:/Users/avone/OneDrive/Desktop/HokkOS/HookSwap/packages/utilities/src/logger/logger.ts:57
[  285824ms] [INFO] INFO {context: Object} [Event: Page Viewed] {page: landing-page, modal: sign-up-modal, git_commit_hash: 9ed17066c95192873c6353c7f745d760f7641dce} @ http://localhost:3000/@fs/C:/Users/avone/OneDrive/Desktop/HokkOS/HookSwap/packages/utilities/src/logger/logger.ts:57
[  285829ms] [INFO] INFO {context: Object} [Event: Page Viewed] {page: landing-page, git_commit_hash: 9ed17066c95192873c6353c7f745d760f7641dce} @ http://localhost:3000/@fs/C:/Users/avone/OneDrive/Desktop/HokkOS/HookSwap/packages/utilities/src/logger/logger.ts:57
[  285830ms] [WARNING] WARN {context: Object} `ScrollWatcher` already initialized. You should only call `initializeScrollWatcher` once. @ http://localhost:3000/@fs/C:/Users/avone/OneDrive/Desktop/HokkOS/HookSwap/packages/utilities/src/logger/logger.ts:57
[  285839ms] [INFO] INFO {context: Object} [Event: Application Loaded] {service_worker: uninstalled, cache: unknown, git_commit_hash: 9ed17066c95192873c6353c7f745d760f7641dce} @ http://localhost:3000/@fs/C:/Users/avone/OneDrive/Desktop/HokkOS/HookSwap/packages/utilities/src/logger/logger.ts:57
[  285848ms] [WARNING] WARN {context: Object} `ScrollWatcher` already initialized. You should only call `initializeScrollWatcher` once. @ http://localhost:3000/@fs/C:/Users/avone/OneDrive/Desktop/HokkOS/HookSwap/packages/utilities/src/logger/logger.ts:57
[  286061ms] [LOG] RWS> connect 0 @ http://localhost:3000/node_modules/.vite/deps/partysocket.js?v=28d847b2:257
[  286061ms] [LOG] RWS> next delay 0 @ http://localhost:3000/node_modules/.vite/deps/partysocket.js?v=28d847b2:257
[  286072ms] [INFO] INFO {context: Object} Setting active chain id to 1 @ http://localhost:3000/@fs/C:/Users/avone/OneDrive/Desktop/HokkOS/HookSwap/packages/utilities/src/logger/logger.ts:57
[  286073ms] [INFO] INFO {context: Object} [Event: Page Viewed] {page: landing-page, section: swap-form, git_commit_hash: 9ed17066c95192873c6353c7f745d760f7641dce} @ http://localhost:3000/@fs/C:/Users/avone/OneDrive/Desktop/HokkOS/HookSwap/packages/utilities/src/logger/logger.ts:57
[  286228ms] [INFO] INFO {context: Object} [Property: uniswap_identifier]: d896be5e-314c-42e0-8224-6a36ae292578 @ http://localhost:3000/@fs/C:/Users/avone/OneDrive/Desktop/HokkOS/HookSwap/packages/utilities/src/logger/logger.ts:57
[  286229ms] [INFO] INFO {context: Object} [Property: user_agent]: Mozilla/5.0 (Windows NT 10.0; Win64; x64) AppleWebKit/537.36 (KHTML, like Gecko) Chrome/149.0.0.0 Safari/537.36 @ http://localhost:3000/@fs/C:/Users/avone/OneDrive/Desktop/HokkOS/HookSwap/packages/utilities/src/logger/logger.ts:57
[  286229ms] [INFO] INFO {context: Object} [Property: browser]: Google Chrome or Chromium @ http://localhost:3000/@fs/C:/Users/avone/OneDrive/Desktop/HokkOS/HookSwap/packages/utilities/src/logger/logger.ts:57
[  286229ms] [INFO] INFO {context: Object} [Property: screen_resolution_height]: 1080 @ http://localhost:3000/@fs/C:/Users/avone/OneDrive/Desktop/HokkOS/HookSwap/packages/utilities/src/logger/logger.ts:57
[  286229ms] [INFO] INFO {context: Object} [Property: screen_resolution_width]: 1920 @ http://localhost:3000/@fs/C:/Users/avone/OneDrive/Desktop/HokkOS/HookSwap/packages/utilities/src/logger/logger.ts:57
[  286229ms] [INFO] INFO {context: Object} [Property: git_commit_hash]: 9ed17066c95192873c6353c7f745d760f7641dce @ http://localhost:3000/@fs/C:/Users/avone/OneDrive/Desktop/HokkOS/HookSwap/packages/utilities/src/logger/logger.ts:57
[  286229ms] [INFO] INFO {context: Object} [Property: is_dark_mode]: false @ http://localhost:3000/@fs/C:/Users/avone/OneDrive/Desktop/HokkOS/HookSwap/packages/utilities/src/logger/logger.ts:57
[  286229ms] [INFO] INFO {context: Object} [Property: router_preference]: uniswapx @ http://localhost:3000/@fs/C:/Users/avone/OneDrive/Desktop/HokkOS/HookSwap/packages/utilities/src/logger/logger.ts:57
[  286229ms] [INFO] INFO {context: Object} [Property: testnet_mode_enabled]: false @ http://localhost:3000/@fs/C:/Users/avone/OneDrive/Desktop/HokkOS/HookSwap/packages/utilities/src/logger/logger.ts:57
[  286231ms] [INFO] INFO {context: Object} [Property: uniswap_identifier]: d896be5e-314c-42e0-8224-6a36ae292578 @ http://localhost:3000/@fs/C:/Users/avone/OneDrive/Desktop/HokkOS/HookSwap/packages/utilities/src/logger/logger.ts:57
[  286231ms] [INFO] INFO {context: Object} [Property: user_agent]: Mozilla/5.0 (Windows NT 10.0; Win64; x64) AppleWebKit/537.36 (KHTML, like Gecko) Chrome/149.0.0.0 Safari/537.36 @ http://localhost:3000/@fs/C:/Users/avone/OneDrive/Desktop/HokkOS/HookSwap/packages/utilities/src/logger/logger.ts:57
[  286231ms] [INFO] INFO {context: Object} [Property: browser]: Google Chrome or Chromium @ http://localhost:3000/@fs/C:/Users/avone/OneDrive/Desktop/HokkOS/HookSwap/packages/utilities/src/logger/logger.ts:57
[  286232ms] [INFO] INFO {context: Object} [Property: screen_resolution_height]: 1080 @ http://localhost:3000/@fs/C:/Users/avone/OneDrive/Desktop/HokkOS/HookSwap/packages/utilities/src/logger/logger.ts:57
[  286232ms] [INFO] INFO {context: Object} [Property: screen_resolution_width]: 1920 @ http://localhost:3000/@fs/C:/Users/avone/OneDrive/Desktop/HokkOS/HookSwap/packages/utilities/src/logger/logger.ts:57
[  286232ms] [INFO] INFO {context: Object} [Property: git_commit_hash]: 9ed17066c95192873c6353c7f745d760f7641dce @ http://localhost:3000/@fs/C:/Users/avone/OneDrive/Desktop/HokkOS/HookSwap/packages/utilities/src/logger/logger.ts:57
[  286232ms] [INFO] INFO {context: Object} [Property: is_dark_mode]: false @ http://localhost:3000/@fs/C:/Users/avone/OneDrive/Desktop/HokkOS/HookSwap/packages/utilities/src/logger/logger.ts:57
[  286232ms] [INFO] INFO {context: Object} [Property: router_preference]: uniswapx @ http://localhost:3000/@fs/C:/Users/avone/OneDrive/Desktop/HokkOS/HookSwap/packages/utilities/src/logger/logger.ts:57
[  286232ms] [INFO] INFO {context: Object} [Property: testnet_mode_enabled]: false @ http://localhost:3000/@fs/C:/Users/avone/OneDrive/Desktop/HokkOS/HookSwap/packages/utilities/src/logger/logger.ts:57
[  286487ms] [ERROR] WebSocket connection to 'wss://websockets.backend-staging.api.uniswap.org/' failed: HTTP Authentication failed; no valid credentials available @ http://localhost:3000/node_modules/.vite/deps/partysocket.js?v=28d847b2:346
[  286490ms] [ERROR] Access to fetch at 'https://entry-gateway.backend-staging.api.uniswap.org/uniswap.compliancev2service.v1.compliancev2Service/FeatureGatedTokens' from origin 'http://localhost:3000' has been blocked by CORS policy: Response to preflight request doesn't pass access control check: It does not have HTTP ok status. @ http://localhost:3000/:0
[  286490ms] [ERROR] Failed to load resource: net::ERR_FAILED @ https://entry-gateway.backend-staging.api.uniswap.org/uniswap.compliancev2service.v1.compliancev2Service/FeatureGatedTokens:0
[  286524ms] [WARNING] WebSocket connection to 'wss://websockets.backend-staging.api.uniswap.org/' failed: WebSocket is closed before the connection is established. @ http://localhost:3000/node_modules/.vite/deps/partysocket.js?v=28d847b2:225
[  286539ms] [ERROR] Failed to load resource: the server responded with a status of 401 () @ https://entry-gateway.backend-staging.api.uniswap.org/rpc/1:0
[  286558ms] [ERROR] Failed to load resource: the server responded with a status of 401 () @ https://entry-gateway.backend-staging.api.uniswap.org/rpc/1:0
[  286560ms] [ERROR] Failed to load resource: the server responded with a status of 401 () @ https://entry-gateway.backend-staging.api.uniswap.org/rpc/1:0
[  286561ms] [LOG] RWS> connect {url: wss://websockets.backend-staging.api.uniswap.org, protocols: Array(0)} @ http://localhost:3000/node_modules/.vite/deps/partysocket.js?v=28d847b2:257
[  286562ms] [LOG] RWS> addListeners @ http://localhost:3000/node_modules/.vite/deps/partysocket.js?v=28d847b2:257
[  286753ms] [LOG] RWS> error event undefined @ http://localhost:3000/node_modules/.vite/deps/partysocket.js?v=28d847b2:257
[  286753ms] [LOG] RWS> removeListeners @ http://localhost:3000/node_modules/.vite/deps/partysocket.js?v=28d847b2:257
[  286753ms] [LOG] RWS> close event @ http://localhost:3000/node_modules/.vite/deps/partysocket.js?v=28d847b2:257
[  286753ms] [LOG] RWS> exec error listeners @ http://localhost:3000/node_modules/.vite/deps/partysocket.js?v=28d847b2:257
[  286857ms] [ERROR] Failed to load resource: the server responded with a status of 401 () @ https://entry-gateway.backend-staging.api.uniswap.org/rpc/1:0
[  286857ms] [ERROR] Failed to load resource: the server responded with a status of 400 () @ https://entry-gateway.backend-staging.api.uniswap.org/uniswap.notificationservice.v1.NotificationService/GetNotifications:0
[  287021ms] [INFO] INFO {context: Object} Session recovery started {tags: Object, extra: undefined} @ http://localhost:3000/@fs/C:/Users/avone/OneDrive/Desktop/HokkOS/HookSwap/packages/utilities/src/logger/logger.ts:57
[  287022ms] [INFO] INFO {context: Object} [Event: Session Init Started] {git_commit_hash: 9ed17066c95192873c6353c7f745d760f7641dce} @ http://localhost:3000/@fs/C:/Users/avone/OneDrive/Desktop/HokkOS/HookSwap/packages/utilities/src/logger/logger.ts:57
[  287023ms] [INFO] INFO {context: Object} Session init started @ http://localhost:3000/@fs/C:/Users/avone/OneDrive/Desktop/HokkOS/HookSwap/packages/utilities/src/logger/logger.ts:57
[  287041ms] [INFO] INFO {context: Object} Session recovery started {tags: Object, extra: undefined} @ http://localhost:3000/@fs/C:/Users/avone/OneDrive/Desktop/HokkOS/HookSwap/packages/utilities/src/logger/logger.ts:57
[  287044ms] [INFO] INFO {context: Object} Session recovery started {tags: Object, extra: undefined} @ http://localhost:3000/@fs/C:/Users/avone/OneDrive/Desktop/HokkOS/HookSwap/packages/utilities/src/logger/logger.ts:57
[  287408ms] [WARNING] WARN {context: Object} RPC error {method: getBlockNumber, chainId: 1, durationMs: 1178, provider: unirpc, transport: ethers} @ http://localhost:3000/@fs/C:/Users/avone/OneDrive/Desktop/HokkOS/HookSwap/packages/utilities/src/logger/logger.ts:57
[  287409ms] [WARNING] WARN {context: Object} RPC error {method: getBlockNumber, chainId: 1, durationMs: 1176, provider: unirpc, transport: ethers} @ http://localhost:3000/@fs/C:/Users/avone/OneDrive/Desktop/HokkOS/HookSwap/packages/utilities/src/logger/logger.ts:57
[  287409ms] [ERROR] Error: Failed to fetch notifications: Response status: 400
    at Object.getNotifications (http://localhost:3000/@fs/C:/Users/avone/OneDrive/Desktop/HokkOS/HookSwap/packages/api/src/clients/notifications/createNotificationsApiClient.ts:20:13)
    at async queryFn (http://localhost:3000/@fs/C:/Users/avone/OneDrive/Desktop/HokkOS/HookSwap/packages/notifications/src/notification-data-source/getNotificationQueryOptions.ts:25:26) {tags: Object} @ http://localhost:3000/src/utils/setupTurnstileCSPErrorFilter.ts:29
[  288632ms] [ERROR] Failed to load resource: the server responded with a status of 401 () @ https://beta.trading-api-labs.interface.gateway.uniswap.org/v1/swappable_tokens?tokenIn=0x0000000000000000000000000000000000000000&tokenInChainId=1:0
[  288633ms] [INFO] INFO {context: Object} Session recovery started {tags: Object, extra: undefined} @ http://localhost:3000/@fs/C:/Users/avone/OneDrive/Desktop/HokkOS/HookSwap/packages/utilities/src/logger/logger.ts:57
[  288773ms] [ERROR] WebSocket connection to 'wss://websockets.backend-staging.api.uniswap.org/' failed: HTTP Authentication failed; no valid credentials available @ http://localhost:3000/node_modules/.vite/deps/partysocket.js?v=28d847b2:346
[  288860ms] [LOG] RWS> error event undefined @ http://localhost:3000/node_modules/.vite/deps/partysocket.js?v=28d847b2:257
[  288860ms] [LOG] RWS> removeListeners @ http://localhost:3000/node_modules/.vite/deps/partysocket.js?v=28d847b2:257
[  288860ms] [LOG] RWS> close event @ http://localhost:3000/node_modules/.vite/deps/partysocket.js?v=28d847b2:257
[  288860ms] [LOG] RWS> connect 1 @ http://localhost:3000/node_modules/.vite/deps/partysocket.js?v=28d847b2:257
[  288860ms] [LOG] RWS> removeListeners @ http://localhost:3000/node_modules/.vite/deps/partysocket.js?v=28d847b2:257
[  288860ms] [LOG] RWS> next delay 4288.179964536288 @ http://localhost:3000/node_modules/.vite/deps/partysocket.js?v=28d847b2:257
[  288860ms] [LOG] RWS> exec error listeners @ http://localhost:3000/node_modules/.vite/deps/partysocket.js?v=28d847b2:257
[  288860ms] [WARNING] WARN {context: Object} WebSocket error {error: Error: WebSocket error - check Network tab for details
    at ReconnectingWebSocket2.<anonymous> (h…} @ http://localhost:3000/@fs/C:/Users/avone/OneDrive/Desktop/HokkOS/HookSwap/packages/utilities/src/logger/logger.ts:57
[  289640ms] [WARNING] styled-components: it looks like an unknown prop "live" is being sent through to the DOM, which will likely trigger a React console error. If you would like automatic filtering of unknown props, you can opt-into that behavior via `<StyleSheetManager shouldForwardProp={...}>` (connect an API like `@emotion/is-prop-valid`) or consider using transient props (`$` prefix for automatic filtering.) @ http://localhost:3000/node_modules/.vite/deps/chunk-HPGWUDCK.js?v=0d3f4219:1256
[  289644ms] [ERROR] Received `%s` for a non-boolean attribute `%s`.

If you want to write it to the DOM, pass a string instead: %s="%s" or %s={value.toString()}. true live live true live @ http://localhost:3000/src/utils/setupTurnstileCSPErrorFilter.ts:29
[  289647ms] [INFO] INFO {context: Object} [Event: Session Init Completed] {need_challenge: true, duration_ms: 2625.0999999940395, git_commit_hash: 9ed17066c95192873c6353c7f745d760f7641dce} @ http://localhost:3000/@fs/C:/Users/avone/OneDrive/Desktop/HokkOS/HookSwap/packages/utilities/src/logger/logger.ts:57
[  289647ms] [INFO] INFO {context: Object} Session init completed {needChallenge: true, durationMs: 2625.0999999940395} @ http://localhost:3000/@fs/C:/Users/avone/OneDrive/Desktop/HokkOS/HookSwap/packages/utilities/src/logger/logger.ts:57
[  289673ms] [WARNING] Lit is in dev mode. Not recommended for production! See https://lit.dev/msg/dev-mode for more information. @ http://localhost:3000/node_modules/.vite/deps/chunk-UHGVI6XG.js?v=0d3f4219:39
[  289876ms] [ERROR] Failed to load resource: the server responded with a status of 400 () @ https://entry-gateway.backend-staging.api.uniswap.org/uniswap.platformservice.v1.SessionService/Challenge:0
[  289877ms] [ERROR] Failed to load resource: the server responded with a status of 400 () @ https://pulse.walletconnect.org/e?projectId=hookswap_dev_placeholder&st=appkit&sv=html-core-1.7.8:0
[  289878ms] [ERROR] Failed to load resource: the server responded with a status of 403 () @ https://api.web3modal.org/appkit/v1/config?projectId=hookswap_dev_placeholder&st=appkit&sv=html-core-1.7.8:0
[  289878ms] [WARNING] [Reown Config] Failed to fetch remote project configuration. Using local/default values. Error: HTTP status code: 403
    at fetchData (http://localhost:3000/node_modules/.vite/deps/chunk-EQ4LTIO5.js?v=0d3f4219:3440:17)
    at async FetchUtil.get (http://localhost:3000/node_modules/.vite/deps/chunk-EQ4LTIO5.js?v=0d3f4219:3454:22)
    at async Object.fetchProjectConfig (http://localhost:3000/node_modules/.vite/deps/chunk-EQ4LTIO5.js?v=0d3f4219:6589:22)
    at async Object.fetchRemoteFeatures (http://localhost:3000/node_modules/.vite/deps/core-746JKTGC.js?v=0d3f4219:1073:26)
    at async AppKit.initialize (http://localhost:3000/node_modules/.vite/deps/core-746JKTGC.js?v=0d3f4219:1271:27) @ http://localhost:3000/node_modules/.vite/deps/core-746JKTGC.js?v=0d3f4219:1075
[  290451ms] [WARNING] Failed to decode downloaded font: http://localhost:3000/fonts/Basel-Grotesk-Medium.woff2 @ http://localhost:3000/:0
[  290451ms] [WARNING] OTS parsing error: invalid sfntVersion: 1008813135 @ http://localhost:3000/:0
[  290451ms] [WARNING] Failed to decode downloaded font: http://localhost:3000/fonts/Basel-Grotesk-Medium.woff2 @ http://localhost:3000/:0
[  290451ms] [WARNING] OTS parsing error: invalid sfntVersion: 1008813135 @ http://localhost:3000/:0
[  290451ms] [WARNING] Failed to decode downloaded font: http://localhost:3000/fonts/Basel-Grotesk-Medium.woff2 @ http://localhost:3000/:0
[  290451ms] [WARNING] OTS parsing error: invalid sfntVersion: 1008813135 @ http://localhost:3000/:0
[  290451ms] [WARNING] Failed to decode downloaded font: http://localhost:3000/fonts/Basel-Grotesk-Medium.woff2 @ http://localhost:3000/:0
[  290451ms] [WARNING] OTS parsing error: invalid sfntVersion: 1008813135 @ http://localhost:3000/:0
[  290451ms] [WARNING] Failed to decode downloaded font: http://localhost:3000/fonts/Basel-Grotesk-Medium.woff2 @ http://localhost:3000/:0
[  290451ms] [WARNING] OTS parsing error: invalid sfntVersion: 1008813135 @ http://localhost:3000/:0
[  290451ms] [WARNING] Failed to decode downloaded font: http://localhost:3000/fonts/Basel-Grotesk-Medium.woff2 @ http://localhost:3000/:0
[  290451ms] [WARNING] OTS parsing error: invalid sfntVersion: 1008813135 @ http://localhost:3000/:0
[  290451ms] [WARNING] Failed to decode downloaded font: http://localhost:3000/fonts/Basel-Grotesk-Medium.woff2 @ http://localhost:3000/:0
[  290451ms] [WARNING] OTS parsing error: invalid sfntVersion: 1008813135 @ http://localhost:3000/:0
[  290451ms] [WARNING] Failed to decode downloaded font: http://localhost:3000/fonts/Basel-Grotesk-Medium.woff2 @ http://localhost:3000/:0
[  290451ms] [WARNING] OTS parsing error: invalid sfntVersion: 1008813135 @ http://localhost:3000/:0
[  290451ms] [WARNING] Failed to decode downloaded font: http://localhost:3000/fonts/Basel-Grotesk-Medium.woff2 @ http://localhost:3000/:0
[  290451ms] [WARNING] OTS parsing error: invalid sfntVersion: 1008813135 @ http://localhost:3000/:0
[  290451ms] [WARNING] Failed to decode downloaded font: http://localhost:3000/fonts/Basel-Grotesk-Medium.woff2 @ http://localhost:3000/:0
[  290451ms] [WARNING] OTS parsing error: invalid sfntVersion: 1008813135 @ http://localhost:3000/:0
[  290451ms] [WARNING] Failed to decode downloaded font: http://localhost:3000/fonts/Basel-Grotesk-Medium.woff2 @ http://localhost:3000/:0
[  290451ms] [WARNING] OTS parsing error: invalid sfntVersion: 1008813135 @ http://localhost:3000/:0
[  290451ms] [WARNING] Failed to decode downloaded font: http://localhost:3000/fonts/Basel-Grotesk-Medium.woff2 @ http://localhost:3000/:0
[  290451ms] [WARNING] OTS parsing error: invalid sfntVersion: 1008813135 @ http://localhost:3000/:0
[  290451ms] [WARNING] Failed to decode downloaded font: http://localhost:3000/fonts/Basel-Grotesk-Medium.woff2 @ http://localhost:3000/:0
[  290451ms] [WARNING] OTS parsing error: invalid sfntVersion: 1008813135 @ http://localhost:3000/:0
[  290451ms] [WARNING] Failed to decode downloaded font: http://localhost:3000/fonts/Basel-Grotesk-Medium.woff2 @ http://localhost:3000/:0
[  290451ms] [WARNING] OTS parsing error: invalid sfntVersion: 1008813135 @ http://localhost:3000/:0
[  290451ms] [WARNING] Failed to decode downloaded font: http://localhost:3000/fonts/Basel-Grotesk-Medium.woff2 @ http://localhost:3000/:0
[  290451ms] [WARNING] OTS parsing error: invalid sfntVersion: 1008813135 @ http://localhost:3000/:0
[  290451ms] [WARNING] Failed to decode downloaded font: http://localhost:3000/fonts/Basel-Grotesk-Medium.woff2 @ http://localhost:3000/:0
[  290451ms] [WARNING] OTS parsing error: invalid sfntVersion: 1008813135 @ http://localhost:3000/:0
[  290452ms] [WARNING] Failed to decode downloaded font: http://localhost:3000/fonts/Basel-Grotesk-Book.woff2 @ http://localhost:3000/:0
[  290452ms] [WARNING] OTS parsing error: invalid sfntVersion: 1008813135 @ http://localhost:3000/:0
[  290452ms] [WARNING] Failed to decode downloaded font: http://localhost:3000/fonts/Basel-Grotesk-Book.woff2 @ http://localhost:3000/:0
[  290452ms] [WARNING] OTS parsing error: invalid sfntVersion: 1008813135 @ http://localhost:3000/:0
[  290452ms] [WARNING] Failed to decode downloaded font: http://localhost:3000/fonts/Basel-Grotesk-Book.woff2 @ http://localhost:3000/:0
[  290452ms] [WARNING] OTS parsing error: invalid sfntVersion: 1008813135 @ http://localhost:3000/:0
[  290452ms] [WARNING] Failed to decode downloaded font: http://localhost:3000/fonts/Basel-Grotesk-Book.woff2 @ http://localhost:3000/:0
[  290452ms] [WARNING] OTS parsing error: invalid sfntVersion: 1008813135 @ http://localhost:3000/:0
[  290452ms] [WARNING] Failed to decode downloaded font: http://localhost:3000/fonts/Basel-Grotesk-Book.woff2 @ http://localhost:3000/:0
[  290452ms] [WARNING] OTS parsing error: invalid sfntVersion: 1008813135 @ http://localhost:3000/:0
[  290452ms] [WARNING] Failed to decode downloaded font: http://localhost:3000/fonts/Basel-Grotesk-Book.woff2 @ http://localhost:3000/:0
[  290452ms] [WARNING] OTS parsing error: invalid sfntVersion: 1008813135 @ http://localhost:3000/:0
[  290452ms] [WARNING] Failed to decode downloaded font: http://localhost:3000/fonts/Basel-Grotesk-Book.woff2 @ http://localhost:3000/:0
[  290452ms] [WARNING] OTS parsing error: invalid sfntVersion: 1008813135 @ http://localhost:3000/:0
[  290452ms] [WARNING] Failed to decode downloaded font: http://localhost:3000/fonts/Basel-Grotesk-Book.woff2 @ http://localhost:3000/:0
[  290452ms] [WARNING] OTS parsing error: invalid sfntVersion: 1008813135 @ http://localhost:3000/:0
[  290452ms] [WARNING] Failed to decode downloaded font: http://localhost:3000/fonts/Basel-Grotesk-Book.woff2 @ http://localhost:3000/:0
[  290452ms] [WARNING] OTS parsing error: invalid sfntVersion: 1008813135 @ http://localhost:3000/:0
[  290452ms] [WARNING] Failed to decode downloaded font: http://localhost:3000/fonts/Basel-Grotesk-Book.woff2 @ http://localhost:3000/:0
[  290452ms] [WARNING] OTS parsing error: invalid sfntVersion: 1008813135 @ http://localhost:3000/:0
[  290452ms] [WARNING] Failed to decode downloaded font: http://localhost:3000/fonts/Basel-Grotesk-Book.woff2 @ http://localhost:3000/:0
[  290452ms] [WARNING] OTS parsing error: invalid sfntVersion: 1008813135 @ http://localhost:3000/:0
[  290452ms] [WARNING] Failed to decode downloaded font: http://localhost:3000/fonts/Basel-Grotesk-Book.woff2 @ http://localhost:3000/:0
[  290452ms] [WARNING] OTS parsing error: invalid sfntVersion: 1008813135 @ http://localhost:3000/:0
[  290452ms] [WARNING] Failed to decode downloaded font: http://localhost:3000/fonts/Basel-Grotesk-Book.woff2 @ http://localhost:3000/:0
[  290452ms] [WARNING] OTS parsing error: invalid sfntVersion: 1008813135 @ http://localhost:3000/:0
[  290452ms] [WARNING] Failed to decode downloaded font: http://localhost:3000/fonts/Basel-Grotesk-Book.woff2 @ http://localhost:3000/:0
[  290452ms] [WARNING] OTS parsing error: invalid sfntVersion: 1008813135 @ http://localhost:3000/:0
[  290452ms] [WARNING] Failed to decode downloaded font: http://localhost:3000/fonts/Basel-Grotesk-Book.woff2 @ http://localhost:3000/:0
[  290452ms] [WARNING] OTS parsing error: invalid sfntVersion: 1008813135 @ http://localhost:3000/:0
[  290452ms] [WARNING] Failed to decode downloaded font: http://localhost:3000/fonts/Basel-Grotesk-Book.woff2 @ http://localhost:3000/:0
[  290453ms] [WARNING] OTS parsing error: invalid sfntVersion: 1008813135 @ http://localhost:3000/:0
[  290523ms] [WARNING] Failed to decode downloaded font: http://localhost:3000/fonts/Basel-Grotesk-Book.woff @ http://localhost:3000/:0
[  290523ms] [WARNING] OTS parsing error: invalid sfntVersion: 1008813135 @ http://localhost:3000/:0
[  290523ms] [WARNING] Failed to decode downloaded font: http://localhost:3000/fonts/Basel-Grotesk-Book.woff @ http://localhost:3000/:0
[  290523ms] [WARNING] OTS parsing error: invalid sfntVersion: 1008813135 @ http://localhost:3000/:0
[  290523ms] [WARNING] Failed to decode downloaded font: http://localhost:3000/fonts/Basel-Grotesk-Book.woff @ http://localhost:3000/:0
[  290523ms] [WARNING] OTS parsing error: invalid sfntVersion: 1008813135 @ http://localhost:3000/:0
[  290523ms] [WARNING] Failed to decode downloaded font: http://localhost:3000/fonts/Basel-Grotesk-Book.woff @ http://localhost:3000/:0
[  290524ms] [WARNING] OTS parsing error: invalid sfntVersion: 1008813135 @ http://localhost:3000/:0
[  290524ms] [WARNING] Failed to decode downloaded font: http://localhost:3000/fonts/Basel-Grotesk-Book.woff @ http://localhost:3000/:0
[  290524ms] [WARNING] OTS parsing error: invalid sfntVersion: 1008813135 @ http://localhost:3000/:0
[  290524ms] [WARNING] Failed to decode downloaded font: http://localhost:3000/fonts/Basel-Grotesk-Book.woff @ http://localhost:3000/:0
[  290524ms] [WARNING] OTS parsing error: invalid sfntVersion: 1008813135 @ http://localhost:3000/:0
[  290524ms] [WARNING] Failed to decode downloaded font: http://localhost:3000/fonts/Basel-Grotesk-Book.woff @ http://localhost:3000/:0
[  290524ms] [WARNING] OTS parsing error: invalid sfntVersion: 1008813135 @ http://localhost:3000/:0
[  290524ms] [WARNING] Failed to decode downloaded font: http://localhost:3000/fonts/Basel-Grotesk-Book.woff @ http://localhost:3000/:0
[  290524ms] [WARNING] OTS parsing error: invalid sfntVersion: 1008813135 @ http://localhost:3000/:0
[  290524ms] [WARNING] Failed to decode downloaded font: http://localhost:3000/fonts/Basel-Grotesk-Book.woff @ http://localhost:3000/:0
[  290524ms] [WARNING] OTS parsing error: invalid sfntVersion: 1008813135 @ http://localhost:3000/:0
[  290524ms] [WARNING] Failed to decode downloaded font: http://localhost:3000/fonts/Basel-Grotesk-Book.woff @ http://localhost:3000/:0
[  290524ms] [WARNING] OTS parsing error: invalid sfntVersion: 1008813135 @ http://localhost:3000/:0
[  290524ms] [WARNING] Failed to decode downloaded font: http://localhost:3000/fonts/Basel-Grotesk-Book.woff @ http://localhost:3000/:0
[  290524ms] [WARNING] OTS parsing error: invalid sfntVersion: 1008813135 @ http://localhost:3000/:0
[  290524ms] [WARNING] Failed to decode downloaded font: http://localhost:3000/fonts/Basel-Grotesk-Book.woff @ http://localhost:3000/:0
[  290524ms] [WARNING] OTS parsing error: invalid sfntVersion: 1008813135 @ http://localhost:3000/:0
[  290524ms] [WARNING] Failed to decode downloaded font: http://localhost:3000/fonts/Basel-Grotesk-Book.woff @ http://localhost:3000/:0
[  290524ms] [WARNING] OTS parsing error: invalid sfntVersion: 1008813135 @ http://localhost:3000/:0
[  290524ms] [WARNING] Failed to decode downloaded font: http://localhost:3000/fonts/Basel-Grotesk-Book.woff @ http://localhost:3000/:0
[  290524ms] [WARNING] OTS parsing error: invalid sfntVersion: 1008813135 @ http://localhost:3000/:0
[  290524ms] [WARNING] Failed to decode downloaded font: http://localhost:3000/fonts/Basel-Grotesk-Book.woff @ http://localhost:3000/:0
[  290524ms] [WARNING] OTS parsing error: invalid sfntVersion: 1008813135 @ http://localhost:3000/:0
[  290524ms] [WARNING] Failed to decode downloaded font: http://localhost:3000/fonts/Basel-Grotesk-Book.woff @ http://localhost:3000/:0
[  290524ms] [WARNING] OTS parsing error: invalid sfntVersion: 1008813135 @ http://localhost:3000/:0
[  290524ms] [WARNING] Failed to decode downloaded font: http://localhost:3000/fonts/Basel-Grotesk-Medium.woff @ http://localhost:3000/:0
[  290524ms] [WARNING] OTS parsing error: invalid sfntVersion: 1008813135 @ http://localhost:3000/:0
[  290524ms] [WARNING] Failed to decode downloaded font: http://localhost:3000/fonts/Basel-Grotesk-Medium.woff @ http://localhost:3000/:0
[  290524ms] [WARNING] OTS parsing error: invalid sfntVersion: 1008813135 @ http://localhost:3000/:0
[  290524ms] [WARNING] Failed to decode downloaded font: http://localhost:3000/fonts/Basel-Grotesk-Medium.woff @ http://localhost:3000/:0
[  290524ms] [WARNING] OTS parsing error: invalid sfntVersion: 1008813135 @ http://localhost:3000/:0
[  290524ms] [WARNING] Failed to decode downloaded font: http://localhost:3000/fonts/Basel-Grotesk-Medium.woff @ http://localhost:3000/:0
[  290524ms] [WARNING] OTS parsing error: invalid sfntVersion: 1008813135 @ http://localhost:3000/:0
[  290524ms] [WARNING] Failed to decode downloaded font: http://localhost:3000/fonts/Basel-Grotesk-Medium.woff @ http://localhost:3000/:0
[  290524ms] [WARNING] OTS parsing error: invalid sfntVersion: 1008813135 @ http://localhost:3000/:0
[  290524ms] [WARNING] Failed to decode downloaded font: http://localhost:3000/fonts/Basel-Grotesk-Medium.woff @ http://localhost:3000/:0
[  290524ms] [WARNING] OTS parsing error: invalid sfntVersion: 1008813135 @ http://localhost:3000/:0
[  290524ms] [WARNING] Failed to decode downloaded font: http://localhost:3000/fonts/Basel-Grotesk-Medium.woff @ http://localhost:3000/:0
[  290524ms] [WARNING] OTS parsing error: invalid sfntVersion: 1008813135 @ http://localhost:3000/:0
[  290524ms] [WARNING] Failed to decode downloaded font: http://localhost:3000/fonts/Basel-Grotesk-Medium.woff @ http://localhost:3000/:0
[  290524ms] [WARNING] OTS parsing error: invalid sfntVersion: 1008813135 @ http://localhost:3000/:0
[  290524ms] [WARNING] Failed to decode downloaded font: http://localhost:3000/fonts/Basel-Grotesk-Medium.woff @ http://localhost:3000/:0
[  290524ms] [WARNING] OTS parsing error: invalid sfntVersion: 1008813135 @ http://localhost:3000/:0
[  290524ms] [WARNING] Failed to decode downloaded font: http://localhost:3000/fonts/Basel-Grotesk-Medium.woff @ http://localhost:3000/:0
[  290524ms] [WARNING] OTS parsing error: invalid sfntVersion: 1008813135 @ http://localhost:3000/:0
[  290524ms] [WARNING] Failed to decode downloaded font: http://localhost:3000/fonts/Basel-Grotesk-Medium.woff @ http://localhost:3000/:0
[  290524ms] [WARNING] OTS parsing error: invalid sfntVersion: 1008813135 @ http://localhost:3000/:0
[  290524ms] [WARNING] Failed to decode downloaded font: http://localhost:3000/fonts/Basel-Grotesk-Medium.woff @ http://localhost:3000/:0
[  290524ms] [WARNING] OTS parsing error: invalid sfntVersion: 1008813135 @ http://localhost:3000/:0
[  290524ms] [WARNING] Failed to decode downloaded font: http://localhost:3000/fonts/Basel-Grotesk-Medium.woff @ http://localhost:3000/:0
[  290524ms] [WARNING] OTS parsing error: invalid sfntVersion: 1008813135 @ http://localhost:3000/:0
[  290524ms] [WARNING] Failed to decode downloaded font: http://localhost:3000/fonts/Basel-Grotesk-Medium.woff @ http://localhost:3000/:0
[  290524ms] [WARNING] OTS parsing error: invalid sfntVersion: 1008813135 @ http://localhost:3000/:0
[  290524ms] [WARNING] Failed to decode downloaded font: http://localhost:3000/fonts/Basel-Grotesk-Medium.woff @ http://localhost:3000/:0
[  290524ms] [WARNING] OTS parsing error: invalid sfntVersion: 1008813135 @ http://localhost:3000/:0
[  290524ms] [WARNING] Failed to decode downloaded font: http://localhost:3000/fonts/Basel-Grotesk-Medium.woff @ http://localhost:3000/:0
[  290524ms] [WARNING] OTS parsing error: invalid sfntVersion: 1008813135 @ http://localhost:3000/:0
[  300494ms] [INFO] %cDownload the React DevTools for a better development experience: https://react.dev/link/react-devtools font-weight:bold @ http://localhost:3000/node_modules/.vite/deps/chunk-GIFLVW4N.js?v=0d3f4219:29554
[  300551ms] [LOG] redux-persist/stateReconciler: rehydrated keys 'appearanceSettings, favorites, portfolio, searchHistory, tokens, transactions, uniswapBehaviorHistory, userSettings, visibility, user, lists, fiatOnRampTransactions, walletCapabilities, _persist' @ http://localhost:3000/node_modules/.vite/deps/redux-persist.js?v=a646d44f:99
[  300690ms] [ERROR] Each child in a list should have a unique "key" prop.%s%s See https://react.dev/link/warning-keys for more information. 

Check the render method of `PrivacyPolicyNotice`.  It was passed a child from Trans2. @ http://localhost:3000/src/utils/setupTurnstileCSPErrorFilter.ts:29
[  300718ms] [WARNING] styled-components: it looks like an unknown prop "delay" is being sent through to the DOM, which will likely trigger a React console error. If you would like automatic filtering of unknown props, you can opt-into that behavior via `<StyleSheetManager shouldForwardProp={...}>` (connect an API like `@emotion/is-prop-valid`) or consider using transient props (`$` prefix for automatic filtering.) @ http://localhost:3000/node_modules/.vite/deps/chunk-HPGWUDCK.js?v=0d3f4219:1256
[  300749ms] [INFO] INFO {context: Object} [Event: Application Loaded] {service_worker: uninstalled, cache: unknown, git_commit_hash: 9ed17066c95192873c6353c7f745d760f7641dce} @ http://localhost:3000/@fs/C:/Users/avone/OneDrive/Desktop/HokkOS/HookSwap/packages/utilities/src/logger/logger.ts:57
[  300750ms] [WARNING] WARN {context: Object} Invalid call to `updateScrollLock` before calling `initializeScrollWatcher` @ http://localhost:3000/@fs/C:/Users/avone/OneDrive/Desktop/HokkOS/HookSwap/packages/utilities/src/logger/logger.ts:57
[  300752ms] [INFO] INFO {context: Object} [Event: Page Viewed] {page: landing-page, modal: sign-up-modal, git_commit_hash: 9ed17066c95192873c6353c7f745d760f7641dce} @ http://localhost:3000/@fs/C:/Users/avone/OneDrive/Desktop/HokkOS/HookSwap/packages/utilities/src/logger/logger.ts:57
[  300759ms] [INFO] INFO {context: Object} [Event: Page Viewed] {page: landing-page, git_commit_hash: 9ed17066c95192873c6353c7f745d760f7641dce} @ http://localhost:3000/@fs/C:/Users/avone/OneDrive/Desktop/HokkOS/HookSwap/packages/utilities/src/logger/logger.ts:57
[  300762ms] [INFO] INFO {context: Object} Setting active chain id to 1 @ http://localhost:3000/@fs/C:/Users/avone/OneDrive/Desktop/HokkOS/HookSwap/packages/utilities/src/logger/logger.ts:57
[  300936ms] [LOG] RWS> connect 0 @ http://localhost:3000/node_modules/.vite/deps/partysocket.js?v=28d847b2:257
[  300937ms] [LOG] RWS> next delay 0 @ http://localhost:3000/node_modules/.vite/deps/partysocket.js?v=28d847b2:257
[  300944ms] [INFO] INFO {context: Object} Setting active chain id to 1 @ http://localhost:3000/@fs/C:/Users/avone/OneDrive/Desktop/HokkOS/HookSwap/packages/utilities/src/logger/logger.ts:57
[  300947ms] [INFO] INFO {context: Object} [Event: Page Viewed] {page: landing-page, section: swap-form, git_commit_hash: 9ed17066c95192873c6353c7f745d760f7641dce} @ http://localhost:3000/@fs/C:/Users/avone/OneDrive/Desktop/HokkOS/HookSwap/packages/utilities/src/logger/logger.ts:57
[  301120ms] [INFO] INFO {context: Object} [Property: user_agent]: Mozilla/5.0 (Windows NT 10.0; Win64; x64) AppleWebKit/537.36 (KHTML, like Gecko) Chrome/149.0.0.0 Safari/537.36 @ http://localhost:3000/@fs/C:/Users/avone/OneDrive/Desktop/HokkOS/HookSwap/packages/utilities/src/logger/logger.ts:57
[  301120ms] [INFO] INFO {context: Object} [Property: browser]: Google Chrome or Chromium @ http://localhost:3000/@fs/C:/Users/avone/OneDrive/Desktop/HokkOS/HookSwap/packages/utilities/src/logger/logger.ts:57
[  301121ms] [INFO] INFO {context: Object} [Property: screen_resolution_height]: 1080 @ http://localhost:3000/@fs/C:/Users/avone/OneDrive/Desktop/HokkOS/HookSwap/packages/utilities/src/logger/logger.ts:57
[  301121ms] [INFO] INFO {context: Object} [Property: screen_resolution_width]: 1920 @ http://localhost:3000/@fs/C:/Users/avone/OneDrive/Desktop/HokkOS/HookSwap/packages/utilities/src/logger/logger.ts:57
[  301121ms] [INFO] INFO {context: Object} [Property: git_commit_hash]: 9ed17066c95192873c6353c7f745d760f7641dce @ http://localhost:3000/@fs/C:/Users/avone/OneDrive/Desktop/HokkOS/HookSwap/packages/utilities/src/logger/logger.ts:57
[  301121ms] [INFO] INFO {context: Object} [Property: is_dark_mode]: false @ http://localhost:3000/@fs/C:/Users/avone/OneDrive/Desktop/HokkOS/HookSwap/packages/utilities/src/logger/logger.ts:57
[  301121ms] [INFO] INFO {context: Object} [Property: router_preference]: uniswapx @ http://localhost:3000/@fs/C:/Users/avone/OneDrive/Desktop/HokkOS/HookSwap/packages/utilities/src/logger/logger.ts:57
[  301121ms] [INFO] INFO {context: Object} [Property: testnet_mode_enabled]: false @ http://localhost:3000/@fs/C:/Users/avone/OneDrive/Desktop/HokkOS/HookSwap/packages/utilities/src/logger/logger.ts:57
[  301213ms] [INFO] INFO {context: Object} [Event: Session Init Started] {git_commit_hash: 9ed17066c95192873c6353c7f745d760f7641dce} @ http://localhost:3000/@fs/C:/Users/avone/OneDrive/Desktop/HokkOS/HookSwap/packages/utilities/src/logger/logger.ts:57
[  301213ms] [INFO] INFO {context: Object} Session init started @ http://localhost:3000/@fs/C:/Users/avone/OneDrive/Desktop/HokkOS/HookSwap/packages/utilities/src/logger/logger.ts:57
[  301215ms] [LOG] RWS> connect {url: wss://websockets.backend-staging.api.uniswap.org, protocols: Array(0)} @ http://localhost:3000/node_modules/.vite/deps/partysocket.js?v=28d847b2:257
[  301215ms] [LOG] RWS> addListeners @ http://localhost:3000/node_modules/.vite/deps/partysocket.js?v=28d847b2:257
[  301618ms] [WARNING] The configured WalletConnect 'metadata.url':https://app.uniswap.org differs from the actual page url:http://localhost:3000. This is probably unintended and can lead to issues. @ http://localhost:3000/node_modules/.vite/deps/index.es-KGVGLJCL.js:929
[  302134ms] [INFO] INFO {context: Object} [Property: uniswap_identifier]: b0ffb538-8986-4cde-82f9-61b8921a925b @ http://localhost:3000/@fs/C:/Users/avone/OneDrive/Desktop/HokkOS/HookSwap/packages/utilities/src/logger/logger.ts:57
[  302194ms] [INFO] Note: this could just be due to you not setting all the theme tokens Tamagui expects, which is harmless, but
                    it also often can be because you have a duplicated Tamagui in your bundle, which can cause tricky bugs. @ http://localhost:3000/node_modules/.vite/deps/chunk-Z56GXT5X.js?v=0d3f4219:2833
[  302194ms] [INFO] To see if you have duplicated dependencies, in Chrome DevTools hit CMD+P and type TamaguiProvider.
                    If you see both a .cjs and a .mjs entry, it's duplicated. @ http://localhost:3000/node_modules/.vite/deps/chunk-Z56GXT5X.js?v=0d3f4219:2834
[  302194ms] [INFO] You can debug that issue by opening the .mjs and .cjs files and setting a breakpoint at the top of each. @ http://localhost:3000/node_modules/.vite/deps/chunk-Z56GXT5X.js?v=0d3f4219:2835
[  302194ms] [INFO] We only log this warning one time as it's sometimes harmless, to disable this log entirely set process.env.TAMAGUI_DISABLE_MISSING_TOKEN_LOG=1. @ http://localhost:3000/node_modules/.vite/deps/chunk-Z56GXT5X.js?v=0d3f4219:2835
[  302267ms] [INFO] INFO {context: Object} [Event: Application Loaded] {service_worker: uninstalled, cache: unknown, git_commit_hash: 9ed17066c95192873c6353c7f745d760f7641dce} @ http://localhost:3000/@fs/C:/Users/avone/OneDrive/Desktop/HokkOS/HookSwap/packages/utilities/src/logger/logger.ts:57
[  302271ms] [INFO] INFO {context: Object} [Event: Page Viewed] {page: landing-page, git_commit_hash: 9ed17066c95192873c6353c7f745d760f7641dce} @ http://localhost:3000/@fs/C:/Users/avone/OneDrive/Desktop/HokkOS/HookSwap/packages/utilities/src/logger/logger.ts:57
[  302272ms] [WARNING] WARN {context: Object} `ScrollWatcher` already initialized. You should only call `initializeScrollWatcher` once. @ http://localhost:3000/@fs/C:/Users/avone/OneDrive/Desktop/HokkOS/HookSwap/packages/utilities/src/logger/logger.ts:57
[  302280ms] [INFO] INFO {context: Object} [Event: Application Loaded] {service_worker: uninstalled, cache: unknown, git_commit_hash: 9ed17066c95192873c6353c7f745d760f7641dce} @ http://localhost:3000/@fs/C:/Users/avone/OneDrive/Desktop/HokkOS/HookSwap/packages/utilities/src/logger/logger.ts:57
[  302298ms] [WARNING] WARN {context: Object} `ScrollWatcher` already initialized. You should only call `initializeScrollWatcher` once. @ http://localhost:3000/@fs/C:/Users/avone/OneDrive/Desktop/HokkOS/HookSwap/packages/utilities/src/logger/logger.ts:57
[  302499ms] [INFO] INFO {context: Object} Setting active chain id to 1 @ http://localhost:3000/@fs/C:/Users/avone/OneDrive/Desktop/HokkOS/HookSwap/packages/utilities/src/logger/logger.ts:57
[  302501ms] [INFO] INFO {context: Object} [Event: Page Viewed] {page: landing-page, section: swap-form, git_commit_hash: 9ed17066c95192873c6353c7f745d760f7641dce} @ http://localhost:3000/@fs/C:/Users/avone/OneDrive/Desktop/HokkOS/HookSwap/packages/utilities/src/logger/logger.ts:57
[  302611ms] [INFO] INFO {context: Object} [Property: uniswap_identifier]: b0ffb538-8986-4cde-82f9-61b8921a925b @ http://localhost:3000/@fs/C:/Users/avone/OneDrive/Desktop/HokkOS/HookSwap/packages/utilities/src/logger/logger.ts:57
[  302611ms] [INFO] INFO {context: Object} [Property: user_agent]: Mozilla/5.0 (Windows NT 10.0; Win64; x64) AppleWebKit/537.36 (KHTML, like Gecko) Chrome/149.0.0.0 Safari/537.36 @ http://localhost:3000/@fs/C:/Users/avone/OneDrive/Desktop/HokkOS/HookSwap/packages/utilities/src/logger/logger.ts:57
[  302611ms] [INFO] INFO {context: Object} [Property: browser]: Google Chrome or Chromium @ http://localhost:3000/@fs/C:/Users/avone/OneDrive/Desktop/HokkOS/HookSwap/packages/utilities/src/logger/logger.ts:57
[  302611ms] [INFO] INFO {context: Object} [Property: screen_resolution_height]: 1080 @ http://localhost:3000/@fs/C:/Users/avone/OneDrive/Desktop/HokkOS/HookSwap/packages/utilities/src/logger/logger.ts:57
[  302611ms] [INFO] INFO {context: Object} [Property: screen_resolution_width]: 1920 @ http://localhost:3000/@fs/C:/Users/avone/OneDrive/Desktop/HokkOS/HookSwap/packages/utilities/src/logger/logger.ts:57
[  302611ms] [INFO] INFO {context: Object} [Property: git_commit_hash]: 9ed17066c95192873c6353c7f745d760f7641dce @ http://localhost:3000/@fs/C:/Users/avone/OneDrive/Desktop/HokkOS/HookSwap/packages/utilities/src/logger/logger.ts:57
[  302611ms] [INFO] INFO {context: Object} [Property: is_dark_mode]: false @ http://localhost:3000/@fs/C:/Users/avone/OneDrive/Desktop/HokkOS/HookSwap/packages/utilities/src/logger/logger.ts:57
[  302611ms] [INFO] INFO {context: Object} [Property: router_preference]: uniswapx @ http://localhost:3000/@fs/C:/Users/avone/OneDrive/Desktop/HokkOS/HookSwap/packages/utilities/src/logger/logger.ts:57
[  302612ms] [INFO] INFO {context: Object} [Property: testnet_mode_enabled]: false @ http://localhost:3000/@fs/C:/Users/avone/OneDrive/Desktop/HokkOS/HookSwap/packages/utilities/src/logger/logger.ts:57
[  302613ms] [INFO] INFO {context: Object} [Property: uniswap_identifier]: b0ffb538-8986-4cde-82f9-61b8921a925b @ http://localhost:3000/@fs/C:/Users/avone/OneDrive/Desktop/HokkOS/HookSwap/packages/utilities/src/logger/logger.ts:57
[  302614ms] [INFO] INFO {context: Object} [Property: user_agent]: Mozilla/5.0 (Windows NT 10.0; Win64; x64) AppleWebKit/537.36 (KHTML, like Gecko) Chrome/149.0.0.0 Safari/537.36 @ http://localhost:3000/@fs/C:/Users/avone/OneDrive/Desktop/HokkOS/HookSwap/packages/utilities/src/logger/logger.ts:57
[  302614ms] [INFO] INFO {context: Object} [Property: browser]: Google Chrome or Chromium @ http://localhost:3000/@fs/C:/Users/avone/OneDrive/Desktop/HokkOS/HookSwap/packages/utilities/src/logger/logger.ts:57
[  302614ms] [INFO] INFO {context: Object} [Property: screen_resolution_height]: 1080 @ http://localhost:3000/@fs/C:/Users/avone/OneDrive/Desktop/HokkOS/HookSwap/packages/utilities/src/logger/logger.ts:57
[  302615ms] [INFO] INFO {context: Object} [Property: screen_resolution_width]: 1920 @ http://localhost:3000/@fs/C:/Users/avone/OneDrive/Desktop/HokkOS/HookSwap/packages/utilities/src/logger/logger.ts:57
[  302615ms] [INFO] INFO {context: Object} [Property: git_commit_hash]: 9ed17066c95192873c6353c7f745d760f7641dce @ http://localhost:3000/@fs/C:/Users/avone/OneDrive/Desktop/HokkOS/HookSwap/packages/utilities/src/logger/logger.ts:57
[  302615ms] [INFO] INFO {context: Object} [Property: is_dark_mode]: false @ http://localhost:3000/@fs/C:/Users/avone/OneDrive/Desktop/HokkOS/HookSwap/packages/utilities/src/logger/logger.ts:57
[  302615ms] [INFO] INFO {context: Object} [Property: router_preference]: uniswapx @ http://localhost:3000/@fs/C:/Users/avone/OneDrive/Desktop/HokkOS/HookSwap/packages/utilities/src/logger/logger.ts:57
[  302615ms] [INFO] INFO {context: Object} [Property: testnet_mode_enabled]: false @ http://localhost:3000/@fs/C:/Users/avone/OneDrive/Desktop/HokkOS/HookSwap/packages/utilities/src/logger/logger.ts:57
[  302841ms] [ERROR] Failed to load resource: the server responded with a status of 401 () @ https://entry-gateway.backend-staging.api.uniswap.org/rpc/1:0
[  304045ms] [WARNING] WARN {context: Object} RPC error {method: getBlockNumber, chainId: 1, durationMs: 2924, provider: unirpc, transport: ethers} @ http://localhost:3000/@fs/C:/Users/avone/OneDrive/Desktop/HokkOS/HookSwap/packages/utilities/src/logger/logger.ts:57
[  304052ms] [INFO] INFO {context: Object} [Event: Session Init Completed] {need_challenge: true, duration_ms: -10695.40000000596, git_commit_hash: 9ed17066c95192873c6353c7f745d760f7641dce} @ http://localhost:3000/@fs/C:/Users/avone/OneDrive/Desktop/HokkOS/HookSwap/packages/utilities/src/logger/logger.ts:57
[  304052ms] [INFO] INFO {context: Object} Session init completed {needChallenge: true, durationMs: -10695.40000000596} @ http://localhost:3000/@fs/C:/Users/avone/OneDrive/Desktop/HokkOS/HookSwap/packages/utilities/src/logger/logger.ts:57
[  304216ms] [LOG] [DEBUG] ethereum-provider request {method: eth_accounts} @ http://localhost:3000/node_modules/.vite/deps/chunk-K6AKYCO5.js?v=0d3f4219:629
[  304234ms] [ERROR] WebSocket connection to 'wss://websockets.backend-staging.api.uniswap.org/' failed: HTTP Authentication failed; no valid credentials available @ http://localhost:3000/node_modules/.vite/deps/partysocket.js?v=28d847b2:346
[  304428ms] [LOG] RWS> error event undefined @ http://localhost:3000/node_modules/.vite/deps/partysocket.js?v=28d847b2:257
[  304429ms] [LOG] RWS> removeListeners @ http://localhost:3000/node_modules/.vite/deps/partysocket.js?v=28d847b2:257
[  304429ms] [LOG] RWS> close event @ http://localhost:3000/node_modules/.vite/deps/partysocket.js?v=28d847b2:257
[  304429ms] [LOG] RWS> connect 1 @ http://localhost:3000/node_modules/.vite/deps/partysocket.js?v=28d847b2:257
[  304429ms] [LOG] RWS> removeListeners @ http://localhost:3000/node_modules/.vite/deps/partysocket.js?v=28d847b2:257
[  304429ms] [LOG] RWS> next delay 1035.2715416390677 @ http://localhost:3000/node_modules/.vite/deps/partysocket.js?v=28d847b2:257
[  304429ms] [LOG] RWS> exec error listeners @ http://localhost:3000/node_modules/.vite/deps/partysocket.js?v=28d847b2:257
[  304429ms] [WARNING] WARN {context: Object} WebSocket error {error: Error: WebSocket error - check Network tab for details
    at ReconnectingWebSocket2.<anonymous> (h…} @ http://localhost:3000/@fs/C:/Users/avone/OneDrive/Desktop/HokkOS/HookSwap/packages/utilities/src/logger/logger.ts:57
[  304466ms] [LOG] RWS> close: already closed @ http://localhost:3000/node_modules/.vite/deps/partysocket.js?v=28d847b2:257
[  304800ms] [INFO] INFO {context: Object} [Event: Application Loaded] {service_worker: uninstalled, cache: unknown, git_commit_hash: 9ed17066c95192873c6353c7f745d760f7641dce} @ http://localhost:3000/@fs/C:/Users/avone/OneDrive/Desktop/HokkOS/HookSwap/packages/utilities/src/logger/logger.ts:57
[  304802ms] [INFO] INFO {context: Object} [Event: Page Viewed] {page: landing-page, modal: sign-up-modal, git_commit_hash: 9ed17066c95192873c6353c7f745d760f7641dce} @ http://localhost:3000/@fs/C:/Users/avone/OneDrive/Desktop/HokkOS/HookSwap/packages/utilities/src/logger/logger.ts:57
[  304807ms] [INFO] INFO {context: Object} [Event: Page Viewed] {page: landing-page, git_commit_hash: 9ed17066c95192873c6353c7f745d760f7641dce} @ http://localhost:3000/@fs/C:/Users/avone/OneDrive/Desktop/HokkOS/HookSwap/packages/utilities/src/logger/logger.ts:57
[  304809ms] [WARNING] WARN {context: Object} `ScrollWatcher` already initialized. You should only call `initializeScrollWatcher` once. @ http://localhost:3000/@fs/C:/Users/avone/OneDrive/Desktop/HokkOS/HookSwap/packages/utilities/src/logger/logger.ts:57
[  304817ms] [INFO] INFO {context: Object} [Event: Application Loaded] {service_worker: uninstalled, cache: unknown, git_commit_hash: 9ed17066c95192873c6353c7f745d760f7641dce} @ http://localhost:3000/@fs/C:/Users/avone/OneDrive/Desktop/HokkOS/HookSwap/packages/utilities/src/logger/logger.ts:57
[  304828ms] [WARNING] WARN {context: Object} `ScrollWatcher` already initialized. You should only call `initializeScrollWatcher` once. @ http://localhost:3000/@fs/C:/Users/avone/OneDrive/Desktop/HokkOS/HookSwap/packages/utilities/src/logger/logger.ts:57
[  305049ms] [LOG] RWS> connect 0 @ http://localhost:3000/node_modules/.vite/deps/partysocket.js?v=28d847b2:257
[  305050ms] [LOG] RWS> next delay 0 @ http://localhost:3000/node_modules/.vite/deps/partysocket.js?v=28d847b2:257
[  305056ms] [INFO] INFO {context: Object} Setting active chain id to 1 @ http://localhost:3000/@fs/C:/Users/avone/OneDrive/Desktop/HokkOS/HookSwap/packages/utilities/src/logger/logger.ts:57
[  305058ms] [INFO] INFO {context: Object} [Event: Page Viewed] {page: landing-page, section: swap-form, git_commit_hash: 9ed17066c95192873c6353c7f745d760f7641dce} @ http://localhost:3000/@fs/C:/Users/avone/OneDrive/Desktop/HokkOS/HookSwap/packages/utilities/src/logger/logger.ts:57
[  305190ms] [INFO] INFO {context: Object} [Property: uniswap_identifier]: b0ffb538-8986-4cde-82f9-61b8921a925b @ http://localhost:3000/@fs/C:/Users/avone/OneDrive/Desktop/HokkOS/HookSwap/packages/utilities/src/logger/logger.ts:57
[  305191ms] [INFO] INFO {context: Object} [Property: user_agent]: Mozilla/5.0 (Windows NT 10.0; Win64; x64) AppleWebKit/537.36 (KHTML, like Gecko) Chrome/149.0.0.0 Safari/537.36 @ http://localhost:3000/@fs/C:/Users/avone/OneDrive/Desktop/HokkOS/HookSwap/packages/utilities/src/logger/logger.ts:57
[  305191ms] [INFO] INFO {context: Object} [Property: browser]: Google Chrome or Chromium @ http://localhost:3000/@fs/C:/Users/avone/OneDrive/Desktop/HokkOS/HookSwap/packages/utilities/src/logger/logger.ts:57
[  305191ms] [INFO] INFO {context: Object} [Property: screen_resolution_height]: 1080 @ http://localhost:3000/@fs/C:/Users/avone/OneDrive/Desktop/HokkOS/HookSwap/packages/utilities/src/logger/logger.ts:57
[  305191ms] [INFO] INFO {context: Object} [Property: screen_resolution_width]: 1920 @ http://localhost:3000/@fs/C:/Users/avone/OneDrive/Desktop/HokkOS/HookSwap/packages/utilities/src/logger/logger.ts:57
[  305191ms] [INFO] INFO {context: Object} [Property: git_commit_hash]: 9ed17066c95192873c6353c7f745d760f7641dce @ http://localhost:3000/@fs/C:/Users/avone/OneDrive/Desktop/HokkOS/HookSwap/packages/utilities/src/logger/logger.ts:57
[  305191ms] [INFO] INFO {context: Object} [Property: is_dark_mode]: false @ http://localhost:3000/@fs/C:/Users/avone/OneDrive/Desktop/HokkOS/HookSwap/packages/utilities/src/logger/logger.ts:57
[  305191ms] [INFO] INFO {context: Object} [Property: router_preference]: uniswapx @ http://localhost:3000/@fs/C:/Users/avone/OneDrive/Desktop/HokkOS/HookSwap/packages/utilities/src/logger/logger.ts:57
[  305191ms] [INFO] INFO {context: Object} [Property: testnet_mode_enabled]: false @ http://localhost:3000/@fs/C:/Users/avone/OneDrive/Desktop/HokkOS/HookSwap/packages/utilities/src/logger/logger.ts:57
[  305192ms] [INFO] INFO {context: Object} [Property: uniswap_identifier]: b0ffb538-8986-4cde-82f9-61b8921a925b @ http://localhost:3000/@fs/C:/Users/avone/OneDrive/Desktop/HokkOS/HookSwap/packages/utilities/src/logger/logger.ts:57
[  305192ms] [INFO] INFO {context: Object} [Property: user_agent]: Mozilla/5.0 (Windows NT 10.0; Win64; x64) AppleWebKit/537.36 (KHTML, like Gecko) Chrome/149.0.0.0 Safari/537.36 @ http://localhost:3000/@fs/C:/Users/avone/OneDrive/Desktop/HokkOS/HookSwap/packages/utilities/src/logger/logger.ts:57
[  305192ms] [INFO] INFO {context: Object} [Property: browser]: Google Chrome or Chromium @ http://localhost:3000/@fs/C:/Users/avone/OneDrive/Desktop/HokkOS/HookSwap/packages/utilities/src/logger/logger.ts:57
[  305192ms] [INFO] INFO {context: Object} [Property: screen_resolution_height]: 1080 @ http://localhost:3000/@fs/C:/Users/avone/OneDrive/Desktop/HokkOS/HookSwap/packages/utilities/src/logger/logger.ts:57
[  305193ms] [INFO] INFO {context: Object} [Property: screen_resolution_width]: 1920 @ http://localhost:3000/@fs/C:/Users/avone/OneDrive/Desktop/HokkOS/HookSwap/packages/utilities/src/logger/logger.ts:57
[  305193ms] [INFO] INFO {context: Object} [Property: git_commit_hash]: 9ed17066c95192873c6353c7f745d760f7641dce @ http://localhost:3000/@fs/C:/Users/avone/OneDrive/Desktop/HokkOS/HookSwap/packages/utilities/src/logger/logger.ts:57
[  305193ms] [INFO] INFO {context: Object} [Property: is_dark_mode]: false @ http://localhost:3000/@fs/C:/Users/avone/OneDrive/Desktop/HokkOS/HookSwap/packages/utilities/src/logger/logger.ts:57
[  305193ms] [INFO] INFO {context: Object} [Property: router_preference]: uniswapx @ http://localhost:3000/@fs/C:/Users/avone/OneDrive/Desktop/HokkOS/HookSwap/packages/utilities/src/logger/logger.ts:57
[  305193ms] [INFO] INFO {context: Object} [Property: testnet_mode_enabled]: false @ http://localhost:3000/@fs/C:/Users/avone/OneDrive/Desktop/HokkOS/HookSwap/packages/utilities/src/logger/logger.ts:57
[  305400ms] [ERROR] Access to fetch at 'https://entry-gateway.backend-staging.api.uniswap.org/uniswap.compliancev2service.v1.compliancev2Service/FeatureGatedTokens' from origin 'http://localhost:3000' has been blocked by CORS policy: Response to preflight request doesn't pass access control check: It does not have HTTP ok status. @ http://localhost:3000/:0
[  305400ms] [ERROR] Failed to load resource: net::ERR_FAILED @ https://entry-gateway.backend-staging.api.uniswap.org/uniswap.compliancev2service.v1.compliancev2Service/FeatureGatedTokens:0
[  305407ms] [ERROR] Failed to load resource: the server responded with a status of 401 () @ https://entry-gateway.backend-staging.api.uniswap.org/rpc/1:0
[  305419ms] [ERROR] Failed to load resource: the server responded with a status of 401 () @ https://beta.trading-api-labs.interface.gateway.uniswap.org/v1/swappable_tokens?tokenIn=0x0000000000000000000000000000000000000000&tokenInChainId=1:0
[  305420ms] [INFO] INFO {context: Object} Session recovery started {tags: Object, extra: undefined} @ http://localhost:3000/@fs/C:/Users/avone/OneDrive/Desktop/HokkOS/HookSwap/packages/utilities/src/logger/logger.ts:57
[  305420ms] [INFO] INFO {context: Object} [Event: Session Init Started] {git_commit_hash: 9ed17066c95192873c6353c7f745d760f7641dce} @ http://localhost:3000/@fs/C:/Users/avone/OneDrive/Desktop/HokkOS/HookSwap/packages/utilities/src/logger/logger.ts:57
[  305420ms] [INFO] INFO {context: Object} Session init started @ http://localhost:3000/@fs/C:/Users/avone/OneDrive/Desktop/HokkOS/HookSwap/packages/utilities/src/logger/logger.ts:57
[  305423ms] [ERROR] Failed to load resource: the server responded with a status of 401 () @ https://entry-gateway.backend-staging.api.uniswap.org/rpc/1:0
[  305450ms] [ERROR] Failed to load resource: the server responded with a status of 401 () @ https://entry-gateway.backend-staging.api.uniswap.org/rpc/1:0
[  305450ms] [ERROR] Failed to load resource: the server responded with a status of 401 () @ https://entry-gateway.backend-staging.api.uniswap.org/rpc/1:0
[  305462ms] [LOG] RWS> connect {url: wss://websockets.backend-staging.api.uniswap.org, protocols: Array(0)} @ http://localhost:3000/node_modules/.vite/deps/partysocket.js?v=28d847b2:257
[  305463ms] [LOG] RWS> addListeners @ http://localhost:3000/node_modules/.vite/deps/partysocket.js?v=28d847b2:257
[  305698ms] [ERROR] Failed to load resource: the server responded with a status of 400 () @ https://entry-gateway.backend-staging.api.uniswap.org/uniswap.notificationservice.v1.NotificationService/GetNotifications:0
[  305726ms] [ERROR] Failed to load resource: the server responded with a status of 401 () @ https://entry-gateway.backend-staging.api.uniswap.org/rpc/1:0
[  305794ms] [WARNING] WARN {context: Object} RPC error {method: getBlockNumber, chainId: 1, durationMs: 3182, provider: unirpc, transport: ethers} @ http://localhost:3000/@fs/C:/Users/avone/OneDrive/Desktop/HokkOS/HookSwap/packages/utilities/src/logger/logger.ts:57
[  305794ms] [WARNING] WARN {context: Object} RPC error {method: getBlockNumber, chainId: 1, durationMs: 3178, provider: unirpc, transport: ethers} @ http://localhost:3000/@fs/C:/Users/avone/OneDrive/Desktop/HokkOS/HookSwap/packages/utilities/src/logger/logger.ts:57
[  305803ms] [INFO] INFO {context: Object} Session recovery started {tags: Object, extra: undefined} @ http://localhost:3000/@fs/C:/Users/avone/OneDrive/Desktop/HokkOS/HookSwap/packages/utilities/src/logger/logger.ts:57
[  305858ms] [INFO] INFO {context: Object} Session recovery started {tags: Object, extra: undefined} @ http://localhost:3000/@fs/C:/Users/avone/OneDrive/Desktop/HokkOS/HookSwap/packages/utilities/src/logger/logger.ts:57
[  305859ms] [INFO] INFO {context: Object} Session recovery started {tags: Object, extra: undefined} @ http://localhost:3000/@fs/C:/Users/avone/OneDrive/Desktop/HokkOS/HookSwap/packages/utilities/src/logger/logger.ts:57
[  306151ms] [ERROR] Error: Failed to fetch notifications: Response status: 400
    at Object.getNotifications (http://localhost:3000/@fs/C:/Users/avone/OneDrive/Desktop/HokkOS/HookSwap/packages/api/src/clients/notifications/createNotificationsApiClient.ts:20:13)
    at async queryFn (http://localhost:3000/@fs/C:/Users/avone/OneDrive/Desktop/HokkOS/HookSwap/packages/notifications/src/notification-data-source/getNotificationQueryOptions.ts:25:26) {tags: Object} @ http://localhost:3000/src/utils/setupTurnstileCSPErrorFilter.ts:29
[  306180ms] [WARNING] WARN {context: Object} RPC error {method: getBlockNumber, chainId: 1, durationMs: 989, provider: unirpc, transport: ethers} @ http://localhost:3000/@fs/C:/Users/avone/OneDrive/Desktop/HokkOS/HookSwap/packages/utilities/src/logger/logger.ts:57
[  306180ms] [WARNING] WARN {context: Object} RPC error {method: getBlockNumber, chainId: 1, durationMs: 987, provider: unirpc, transport: ethers} @ http://localhost:3000/@fs/C:/Users/avone/OneDrive/Desktop/HokkOS/HookSwap/packages/utilities/src/logger/logger.ts:57
[  306218ms] [INFO] INFO {context: Object} [Event: Session Init Completed] {need_challenge: true, duration_ms: 798.5, git_commit_hash: 9ed17066c95192873c6353c7f745d760f7641dce} @ http://localhost:3000/@fs/C:/Users/avone/OneDrive/Desktop/HokkOS/HookSwap/packages/utilities/src/logger/logger.ts:57
[  306219ms] [INFO] INFO {context: Object} Session init completed {needChallenge: true, durationMs: 798.5} @ http://localhost:3000/@fs/C:/Users/avone/OneDrive/Desktop/HokkOS/HookSwap/packages/utilities/src/logger/logger.ts:57
[  306259ms] [ERROR] WebSocket connection to 'wss://websockets.backend-staging.api.uniswap.org/' failed: HTTP Authentication failed; no valid credentials available @ http://localhost:3000/node_modules/.vite/deps/partysocket.js?v=28d847b2:346
[  306410ms] [LOG] RWS> error event undefined @ http://localhost:3000/node_modules/.vite/deps/partysocket.js?v=28d847b2:257
[  306410ms] [LOG] RWS> removeListeners @ http://localhost:3000/node_modules/.vite/deps/partysocket.js?v=28d847b2:257
[  306410ms] [LOG] RWS> close event @ http://localhost:3000/node_modules/.vite/deps/partysocket.js?v=28d847b2:257
[  306410ms] [LOG] RWS> connect 1 @ http://localhost:3000/node_modules/.vite/deps/partysocket.js?v=28d847b2:257
[  306410ms] [LOG] RWS> removeListeners @ http://localhost:3000/node_modules/.vite/deps/partysocket.js?v=28d847b2:257
[  306410ms] [LOG] RWS> next delay 3407.066934619363 @ http://localhost:3000/node_modules/.vite/deps/partysocket.js?v=28d847b2:257
[  306410ms] [LOG] RWS> exec error listeners @ http://localhost:3000/node_modules/.vite/deps/partysocket.js?v=28d847b2:257
[  306410ms] [WARNING] WARN {context: Object} WebSocket error {error: Error: WebSocket error - check Network tab for details
    at ReconnectingWebSocket2.<anonymous> (h…} @ http://localhost:3000/@fs/C:/Users/avone/OneDrive/Desktop/HokkOS/HookSwap/packages/utilities/src/logger/logger.ts:57
[  306460ms] [ERROR] Failed to load resource: the server responded with a status of 400 () @ https://entry-gateway.backend-staging.api.uniswap.org/uniswap.platformservice.v1.SessionService/Challenge:0
[  307749ms] [INFO] INFO {context: Object} [Event: Session Init Started] {git_commit_hash: 9ed17066c95192873c6353c7f745d760f7641dce} @ http://localhost:3000/@fs/C:/Users/avone/OneDrive/Desktop/HokkOS/HookSwap/packages/utilities/src/logger/logger.ts:57
[  307750ms] [INFO] INFO {context: Object} Session init started @ http://localhost:3000/@fs/C:/Users/avone/OneDrive/Desktop/HokkOS/HookSwap/packages/utilities/src/logger/logger.ts:57
[  308264ms] [WARNING] Lit is in dev mode. Not recommended for production! See https://lit.dev/msg/dev-mode for more information. @ http://localhost:3000/node_modules/.vite/deps/chunk-UHGVI6XG.js?v=0d3f4219:39
[  308284ms] [ERROR] Failed to load resource: the server responded with a status of 403 () @ https://api.web3modal.org/appkit/v1/config?projectId=hookswap_dev_placeholder&st=appkit&sv=html-core-1.7.8:0
[  308284ms] [WARNING] [Reown Config] Failed to fetch remote project configuration. Using local/default values. Error: HTTP status code: 403
    at fetchData (http://localhost:3000/node_modules/.vite/deps/chunk-EQ4LTIO5.js?v=0d3f4219:3440:17)
    at async FetchUtil.get (http://localhost:3000/node_modules/.vite/deps/chunk-EQ4LTIO5.js?v=0d3f4219:3454:22)
    at async Object.fetchProjectConfig (http://localhost:3000/node_modules/.vite/deps/chunk-EQ4LTIO5.js?v=0d3f4219:6589:22)
    at async Object.fetchRemoteFeatures (http://localhost:3000/node_modules/.vite/deps/core-746JKTGC.js?v=0d3f4219:1073:26)
    at async AppKit.initialize (http://localhost:3000/node_modules/.vite/deps/core-746JKTGC.js?v=0d3f4219:1271:27) @ http://localhost:3000/node_modules/.vite/deps/core-746JKTGC.js?v=0d3f4219:1075
[  308466ms] [INFO] INFO {context: Object} [Event: Session Init Completed] {need_challenge: true, duration_ms: 716.5, git_commit_hash: 9ed17066c95192873c6353c7f745d760f7641dce} @ http://localhost:3000/@fs/C:/Users/avone/OneDrive/Desktop/HokkOS/HookSwap/packages/utilities/src/logger/logger.ts:57
[  308466ms] [INFO] INFO {context: Object} Session init completed {needChallenge: true, durationMs: 716.5} @ http://localhost:3000/@fs/C:/Users/avone/OneDrive/Desktop/HokkOS/HookSwap/packages/utilities/src/logger/logger.ts:57
[  308482ms] [ERROR] Failed to load resource: the server responded with a status of 400 () @ https://pulse.walletconnect.org/e?projectId=hookswap_dev_placeholder&st=appkit&sv=html-core-1.7.8:0
[  308514ms] [WARNING] styled-components: it looks like an unknown prop "live" is being sent through to the DOM, which will likely trigger a React console error. If you would like automatic filtering of unknown props, you can opt-into that behavior via `<StyleSheetManager shouldForwardProp={...}>` (connect an API like `@emotion/is-prop-valid`) or consider using transient props (`$` prefix for automatic filtering.) @ http://localhost:3000/node_modules/.vite/deps/chunk-HPGWUDCK.js?v=0d3f4219:1256
[  308522ms] [ERROR] Received `%s` for a non-boolean attribute `%s`.

If you want to write it to the DOM, pass a string instead: %s="%s" or %s={value.toString()}. true live live true live @ http://localhost:3000/src/utils/setupTurnstileCSPErrorFilter.ts:29
[  308622ms] [ERROR] Failed to load resource: the server responded with a status of 400 () @ https://entry-gateway.backend-staging.api.uniswap.org/uniswap.platformservice.v1.SessionService/Challenge:0
[  309820ms] [LOG] RWS> connect {url: wss://websockets.backend-staging.api.uniswap.org, protocols: Array(0)} @ http://localhost:3000/node_modules/.vite/deps/partysocket.js?v=28d847b2:257
[  309821ms] [LOG] RWS> addListeners @ http://localhost:3000/node_modules/.vite/deps/partysocket.js?v=28d847b2:257
[  310118ms] [ERROR] WebSocket connection to 'wss://websockets.backend-staging.api.uniswap.org/' failed: HTTP Authentication failed; no valid credentials available @ http://localhost:3000/node_modules/.vite/deps/partysocket.js?v=28d847b2:346
[  310118ms] [LOG] RWS> error event undefined @ http://localhost:3000/node_modules/.vite/deps/partysocket.js?v=28d847b2:257
[  310118ms] [LOG] RWS> removeListeners @ http://localhost:3000/node_modules/.vite/deps/partysocket.js?v=28d847b2:257
[  310118ms] [LOG] RWS> close event @ http://localhost:3000/node_modules/.vite/deps/partysocket.js?v=28d847b2:257
[  310118ms] [LOG] RWS> connect 2 @ http://localhost:3000/node_modules/.vite/deps/partysocket.js?v=28d847b2:257
[  310118ms] [LOG] RWS> removeListeners @ http://localhost:3000/node_modules/.vite/deps/partysocket.js?v=28d847b2:257
[  310118ms] [LOG] RWS> next delay 4429.187015005172 @ http://localhost:3000/node_modules/.vite/deps/partysocket.js?v=28d847b2:257
[  310118ms] [LOG] RWS> exec error listeners @ http://localhost:3000/node_modules/.vite/deps/partysocket.js?v=28d847b2:257
[  310118ms] [WARNING] WARN {context: Object} WebSocket error {error: Error: WebSocket error - check Network tab for details
    at ReconnectingWebSocket2.<anonymous> (h…} @ http://localhost:3000/@fs/C:/Users/avone/OneDrive/Desktop/HokkOS/HookSwap/packages/utilities/src/logger/logger.ts:57
[  310320ms] [INFO] INFO {context: Object} [Event: Web Vitals] {service_worker: uninstalled, cache: unknown, first_contentful_paint_ms: 19784, git_commit_hash: 9ed17066c95192873c6353c7f745d760f7641dce} @ http://localhost:3000/@fs/C:/Users/avone/OneDrive/Desktop/HokkOS/HookSwap/packages/utilities/src/logger/logger.ts:57
[  310320ms] [INFO] INFO {context: Object} [Event: Web Vitals] {service_worker: uninstalled, cache: unknown, first_contentful_paint_ms: 19784, git_commit_hash: 9ed17066c95192873c6353c7f745d760f7641dce} @ http://localhost:3000/@fs/C:/Users/avone/OneDrive/Desktop/HokkOS/HookSwap/packages/utilities/src/logger/logger.ts:57
[  310321ms] [INFO] INFO {context: Object} [Event: Web Vitals] {service_worker: uninstalled, cache: unknown, first_contentful_paint_ms: 19784, git_commit_hash: 9ed17066c95192873c6353c7f745d760f7641dce} @ http://localhost:3000/@fs/C:/Users/avone/OneDrive/Desktop/HokkOS/HookSwap/packages/utilities/src/logger/logger.ts:57
[  310321ms] [INFO] INFO {context: Object} [Event: Web Vitals] {service_worker: uninstalled, cache: unknown, first_contentful_paint_ms: 19784, git_commit_hash: 9ed17066c95192873c6353c7f745d760f7641dce} @ http://localhost:3000/@fs/C:/Users/avone/OneDrive/Desktop/HokkOS/HookSwap/packages/utilities/src/logger/logger.ts:57
[  310321ms] [INFO] INFO {context: Object} [Event: Web Vitals] {service_worker: uninstalled, cache: unknown, first_contentful_paint_ms: 19784, git_commit_hash: 9ed17066c95192873c6353c7f745d760f7641dce} @ http://localhost:3000/@fs/C:/Users/avone/OneDrive/Desktop/HokkOS/HookSwap/packages/utilities/src/logger/logger.ts:57
[  310554ms] [LOG] Download the Apollo DevTools for a better development experience: %s https://chrome.google.com/webstore/detail/apollo-client-developer-t/jdkknkkbebbapilgoeccciglkfbmbnfm @ http://localhost:3000/node_modules/.vite/deps/chunk-YA23BSTC.js?v=0d3f4219:97
[  310662ms] [INFO] INFO {context: Object} [Event: Session Init Started] {git_commit_hash: 9ed17066c95192873c6353c7f745d760f7641dce} @ http://localhost:3000/@fs/C:/Users/avone/OneDrive/Desktop/HokkOS/HookSwap/packages/utilities/src/logger/logger.ts:57
[  310663ms] [INFO] INFO {context: Object} Session init started @ http://localhost:3000/@fs/C:/Users/avone/OneDrive/Desktop/HokkOS/HookSwap/packages/utilities/src/logger/logger.ts:57
[  312231ms] [INFO] INFO {context: Object} [Event: Session Init Completed] {need_challenge: true, duration_ms: 1568.7999999821186, git_commit_hash: 9ed17066c95192873c6353c7f745d760f7641dce} @ http://localhost:3000/@fs/C:/Users/avone/OneDrive/Desktop/HokkOS/HookSwap/packages/utilities/src/logger/logger.ts:57
[  312231ms] [INFO] INFO {context: Object} Session init completed {needChallenge: true, durationMs: 1568.7999999821186} @ http://localhost:3000/@fs/C:/Users/avone/OneDrive/Desktop/HokkOS/HookSwap/packages/utilities/src/logger/logger.ts:57
[  312375ms] [ERROR] Failed to load resource: the server responded with a status of 400 () @ https://entry-gateway.backend-staging.api.uniswap.org/uniswap.platformservice.v1.SessionService/Challenge:0
[  314550ms] [LOG] RWS> connect {url: wss://websockets.backend-staging.api.uniswap.org, protocols: Array(0)} @ http://localhost:3000/node_modules/.vite/deps/partysocket.js?v=28d847b2:257
[  314551ms] [LOG] RWS> addListeners @ http://localhost:3000/node_modules/.vite/deps/partysocket.js?v=28d847b2:257
[  316378ms] [INFO] INFO {context: Object} [Event: Session Init Started] {git_commit_hash: 9ed17066c95192873c6353c7f745d760f7641dce} @ http://localhost:3000/@fs/C:/Users/avone/OneDrive/Desktop/HokkOS/HookSwap/packages/utilities/src/logger/logger.ts:57
[  316378ms] [INFO] INFO {context: Object} Session init started @ http://localhost:3000/@fs/C:/Users/avone/OneDrive/Desktop/HokkOS/HookSwap/packages/utilities/src/logger/logger.ts:57
[  316591ms] [INFO] INFO {context: Object} [Event: Session Init Completed] {need_challenge: true, duration_ms: 212.7999999821186, git_commit_hash: 9ed17066c95192873c6353c7f745d760f7641dce} @ http://localhost:3000/@fs/C:/Users/avone/OneDrive/Desktop/HokkOS/HookSwap/packages/utilities/src/logger/logger.ts:57
[  316591ms] [INFO] INFO {context: Object} Session init completed {needChallenge: true, durationMs: 212.7999999821186} @ http://localhost:3000/@fs/C:/Users/avone/OneDrive/Desktop/HokkOS/HookSwap/packages/utilities/src/logger/logger.ts:57
[  316625ms] [ERROR] WebSocket connection to 'wss://websockets.backend-staging.api.uniswap.org/' failed: HTTP Authentication failed; no valid credentials available @ http://localhost:3000/node_modules/.vite/deps/partysocket.js?v=28d847b2:346
[  316626ms] [LOG] RWS> error event undefined @ http://localhost:3000/node_modules/.vite/deps/partysocket.js?v=28d847b2:257
[  316626ms] [LOG] RWS> removeListeners @ http://localhost:3000/node_modules/.vite/deps/partysocket.js?v=28d847b2:257
[  316626ms] [LOG] RWS> close event @ http://localhost:3000/node_modules/.vite/deps/partysocket.js?v=28d847b2:257
[  316626ms] [LOG] RWS> connect 3 @ http://localhost:3000/node_modules/.vite/deps/partysocket.js?v=28d847b2:257
[  316626ms] [LOG] RWS> removeListeners @ http://localhost:3000/node_modules/.vite/deps/partysocket.js?v=28d847b2:257
[  316626ms] [LOG] RWS> next delay 5757.9431195067245 @ http://localhost:3000/node_modules/.vite/deps/partysocket.js?v=28d847b2:257
[  316626ms] [LOG] RWS> exec error listeners @ http://localhost:3000/node_modules/.vite/deps/partysocket.js?v=28d847b2:257
[  316626ms] [WARNING] WARN {context: Object} WebSocket error {error: Error: WebSocket error - check Network tab for details
    at ReconnectingWebSocket2.<anonymous> (h…} @ http://localhost:3000/@fs/C:/Users/avone/OneDrive/Desktop/HokkOS/HookSwap/packages/utilities/src/logger/logger.ts:57
[  316714ms] [ERROR] Failed to load resource: the server responded with a status of 400 () @ https://entry-gateway.backend-staging.api.uniswap.org/uniswap.platformservice.v1.SessionService/Challenge:0
[  316875ms] [ERROR] Failed to load resource: the server responded with a status of 401 () @ https://entry-gateway.backend-staging.api.uniswap.org/rpc/1:0
[  316876ms] [WARNING] WARN {context: Object} Session-gated retry still failed {tags: Object, extra: Object} @ http://localhost:3000/@fs/C:/Users/avone/OneDrive/Desktop/HokkOS/HookSwap/packages/utilities/src/logger/logger.ts:57
[  316876ms] [INFO] INFO {context: Object} [Event: Session Init Started] {git_commit_hash: 9ed17066c95192873c6353c7f745d760f7641dce} @ http://localhost:3000/@fs/C:/Users/avone/OneDrive/Desktop/HokkOS/HookSwap/packages/utilities/src/logger/logger.ts:57
[  316876ms] [INFO] INFO {context: Object} Session init started @ http://localhost:3000/@fs/C:/Users/avone/OneDrive/Desktop/HokkOS/HookSwap/packages/utilities/src/logger/logger.ts:57
[  316881ms] [ERROR] Failed to load resource: the server responded with a status of 401 () @ https://beta.trading-api-labs.interface.gateway.uniswap.org/v1/swappable_tokens?tokenIn=0x0000000000000000000000000000000000000000&tokenInChainId=1:0
[  316881ms] [WARNING] WARN {context: Object} Session-gated retry still failed {tags: Object, extra: Object} @ http://localhost:3000/@fs/C:/Users/avone/OneDrive/Desktop/HokkOS/HookSwap/packages/utilities/src/logger/logger.ts:57
[  316892ms] [ERROR] Failed to load resource: the server responded with a status of 401 () @ https://entry-gateway.backend-staging.api.uniswap.org/rpc/1:0
[  316894ms] [WARNING] WARN {context: Object} Session-gated retry still failed {tags: Object, extra: Object} @ http://localhost:3000/@fs/C:/Users/avone/OneDrive/Desktop/HokkOS/HookSwap/packages/utilities/src/logger/logger.ts:57
[  316902ms] [ERROR] Failed to load resource: the server responded with a status of 401 () @ https://entry-gateway.backend-staging.api.uniswap.org/rpc/1:0
[  316982ms] [WARNING] WARN {context: Object} Session-gated retry still failed {tags: Object, extra: Object} @ http://localhost:3000/@fs/C:/Users/avone/OneDrive/Desktop/HokkOS/HookSwap/packages/utilities/src/logger/logger.ts:57
[  317047ms] [INFO] INFO {context: Object} [Event: Session Init Completed] {need_challenge: true, duration_ms: 171, git_commit_hash: 9ed17066c95192873c6353c7f745d760f7641dce} @ http://localhost:3000/@fs/C:/Users/avone/OneDrive/Desktop/HokkOS/HookSwap/packages/utilities/src/logger/logger.ts:57
[  317047ms] [INFO] INFO {context: Object} Session init completed {needChallenge: true, durationMs: 171} @ http://localhost:3000/@fs/C:/Users/avone/OneDrive/Desktop/HokkOS/HookSwap/packages/utilities/src/logger/logger.ts:57
[  317208ms] [ERROR] Failed to load resource: the server responded with a status of 400 () @ https://entry-gateway.backend-staging.api.uniswap.org/uniswap.platformservice.v1.SessionService/Challenge:0
[  318212ms] [INFO] INFO {context: Object} [Event: Session Init Started] {git_commit_hash: 9ed17066c95192873c6353c7f745d760f7641dce} @ http://localhost:3000/@fs/C:/Users/avone/OneDrive/Desktop/HokkOS/HookSwap/packages/utilities/src/logger/logger.ts:57
[  318213ms] [INFO] INFO {context: Object} Session init started @ http://localhost:3000/@fs/C:/Users/avone/OneDrive/Desktop/HokkOS/HookSwap/packages/utilities/src/logger/logger.ts:57
[  319026ms] [INFO] INFO {context: Object} [Event: Session Init Completed] {need_challenge: true, duration_ms: 813.4000000059605, git_commit_hash: 9ed17066c95192873c6353c7f745d760f7641dce} @ http://localhost:3000/@fs/C:/Users/avone/OneDrive/Desktop/HokkOS/HookSwap/packages/utilities/src/logger/logger.ts:57
[  319026ms] [INFO] INFO {context: Object} Session init completed {needChallenge: true, durationMs: 813.4000000059605} @ http://localhost:3000/@fs/C:/Users/avone/OneDrive/Desktop/HokkOS/HookSwap/packages/utilities/src/logger/logger.ts:57
[  319320ms] [ERROR] Failed to load resource: the server responded with a status of 400 () @ https://entry-gateway.backend-staging.api.uniswap.org/uniswap.platformservice.v1.SessionService/Challenge:0
[  321324ms] [INFO] INFO {context: Object} [Event: Session Init Started] {git_commit_hash: 9ed17066c95192873c6353c7f745d760f7641dce} @ http://localhost:3000/@fs/C:/Users/avone/OneDrive/Desktop/HokkOS/HookSwap/packages/utilities/src/logger/logger.ts:57
[  321324ms] [INFO] INFO {context: Object} Session init started @ http://localhost:3000/@fs/C:/Users/avone/OneDrive/Desktop/HokkOS/HookSwap/packages/utilities/src/logger/logger.ts:57
[  321483ms] [INFO] INFO {context: Object} [Event: Session Init Completed] {need_challenge: true, duration_ms: 159.2999999821186, git_commit_hash: 9ed17066c95192873c6353c7f745d760f7641dce} @ http://localhost:3000/@fs/C:/Users/avone/OneDrive/Desktop/HokkOS/HookSwap/packages/utilities/src/logger/logger.ts:57
[  321483ms] [INFO] INFO {context: Object} Session init completed {needChallenge: true, durationMs: 159.2999999821186} @ http://localhost:3000/@fs/C:/Users/avone/OneDrive/Desktop/HokkOS/HookSwap/packages/utilities/src/logger/logger.ts:57
[  321635ms] [ERROR] Failed to load resource: the server responded with a status of 400 () @ https://entry-gateway.backend-staging.api.uniswap.org/uniswap.platformservice.v1.SessionService/Challenge:0
[  322395ms] [LOG] RWS> connect {url: wss://websockets.backend-staging.api.uniswap.org, protocols: Array(0)} @ http://localhost:3000/node_modules/.vite/deps/partysocket.js?v=28d847b2:257
[  322396ms] [LOG] RWS> addListeners @ http://localhost:3000/node_modules/.vite/deps/partysocket.js?v=28d847b2:257
[  324390ms] [ERROR] WebSocket connection to 'wss://websockets.backend-staging.api.uniswap.org/' failed: HTTP Authentication failed; no valid credentials available @ http://localhost:3000/node_modules/.vite/deps/partysocket.js?v=28d847b2:346
[  324390ms] [LOG] RWS> error event undefined @ http://localhost:3000/node_modules/.vite/deps/partysocket.js?v=28d847b2:257
[  324390ms] [LOG] RWS> removeListeners @ http://localhost:3000/node_modules/.vite/deps/partysocket.js?v=28d847b2:257
[  324390ms] [LOG] RWS> close event @ http://localhost:3000/node_modules/.vite/deps/partysocket.js?v=28d847b2:257
[  324390ms] [LOG] RWS> connect 4 @ http://localhost:3000/node_modules/.vite/deps/partysocket.js?v=28d847b2:257
[  324390ms] [LOG] RWS> removeListeners @ http://localhost:3000/node_modules/.vite/deps/partysocket.js?v=28d847b2:257
[  324390ms] [LOG] RWS> next delay 7485.326055358741 @ http://localhost:3000/node_modules/.vite/deps/partysocket.js?v=28d847b2:257
[  324390ms] [LOG] RWS> exec error listeners @ http://localhost:3000/node_modules/.vite/deps/partysocket.js?v=28d847b2:257
[  324391ms] [WARNING] WARN {context: Object} WebSocket error {error: Error: WebSocket error - check Network tab for details
    at ReconnectingWebSocket2.<anonymous> (h…} @ http://localhost:3000/@fs/C:/Users/avone/OneDrive/Desktop/HokkOS/HookSwap/packages/utilities/src/logger/logger.ts:57
[  325639ms] [INFO] INFO {context: Object} [Event: Session Init Started] {git_commit_hash: 9ed17066c95192873c6353c7f745d760f7641dce} @ http://localhost:3000/@fs/C:/Users/avone/OneDrive/Desktop/HokkOS/HookSwap/packages/utilities/src/logger/logger.ts:57
[  325639ms] [INFO] INFO {context: Object} Session init started @ http://localhost:3000/@fs/C:/Users/avone/OneDrive/Desktop/HokkOS/HookSwap/packages/utilities/src/logger/logger.ts:57
[  325810ms] [INFO] INFO {context: Object} [Event: Session Init Completed] {need_challenge: true, duration_ms: 171, git_commit_hash: 9ed17066c95192873c6353c7f745d760f7641dce} @ http://localhost:3000/@fs/C:/Users/avone/OneDrive/Desktop/HokkOS/HookSwap/packages/utilities/src/logger/logger.ts:57
[  325810ms] [INFO] INFO {context: Object} Session init completed {needChallenge: true, durationMs: 171} @ http://localhost:3000/@fs/C:/Users/avone/OneDrive/Desktop/HokkOS/HookSwap/packages/utilities/src/logger/logger.ts:57
[  325974ms] [ERROR] Failed to load resource: the server responded with a status of 400 () @ https://entry-gateway.backend-staging.api.uniswap.org/uniswap.platformservice.v1.SessionService/Challenge:0
[  325975ms] [WARNING] WARN {context: Object} Session init failed {tags: Object, extra: Object} @ http://localhost:3000/@fs/C:/Users/avone/OneDrive/Desktop/HokkOS/HookSwap/packages/utilities/src/logger/logger.ts:57
[  325975ms] [WARNING] WARN {context: Object} Session init failed {tags: Object, extra: Object} @ http://localhost:3000/@fs/C:/Users/avone/OneDrive/Desktop/HokkOS/HookSwap/packages/utilities/src/logger/logger.ts:57
[  325975ms] [WARNING] WARN {context: Object} Session init failed {tags: Object, extra: Object} @ http://localhost:3000/@fs/C:/Users/avone/OneDrive/Desktop/HokkOS/HookSwap/packages/utilities/src/logger/logger.ts:57
[  325976ms] [INFO] INFO {context: Object} [Event: Session Init Started] {git_commit_hash: 9ed17066c95192873c6353c7f745d760f7641dce} @ http://localhost:3000/@fs/C:/Users/avone/OneDrive/Desktop/HokkOS/HookSwap/packages/utilities/src/logger/logger.ts:57
[  325976ms] [INFO] INFO {context: Object} Session init started @ http://localhost:3000/@fs/C:/Users/avone/OneDrive/Desktop/HokkOS/HookSwap/packages/utilities/src/logger/logger.ts:57
[  326116ms] [INFO] INFO {context: Object} [Event: Session Init Completed] {need_challenge: true, duration_ms: 140, git_commit_hash: 9ed17066c95192873c6353c7f745d760f7641dce} @ http://localhost:3000/@fs/C:/Users/avone/OneDrive/Desktop/HokkOS/HookSwap/packages/utilities/src/logger/logger.ts:57
[  326116ms] [INFO] INFO {context: Object} Session init completed {needChallenge: true, durationMs: 140} @ http://localhost:3000/@fs/C:/Users/avone/OneDrive/Desktop/HokkOS/HookSwap/packages/utilities/src/logger/logger.ts:57
[  326268ms] [ERROR] Failed to load resource: the server responded with a status of 400 () @ https://entry-gateway.backend-staging.api.uniswap.org/uniswap.platformservice.v1.SessionService/Challenge:0
[  327280ms] [INFO] INFO {context: Object} [Event: Session Init Started] {git_commit_hash: 9ed17066c95192873c6353c7f745d760f7641dce} @ http://localhost:3000/@fs/C:/Users/avone/OneDrive/Desktop/HokkOS/HookSwap/packages/utilities/src/logger/logger.ts:57
[  327281ms] [INFO] INFO {context: Object} Session init started @ http://localhost:3000/@fs/C:/Users/avone/OneDrive/Desktop/HokkOS/HookSwap/packages/utilities/src/logger/logger.ts:57
[  327449ms] [INFO] INFO {context: Object} [Event: Session Init Completed] {need_challenge: true, duration_ms: 168.59999999403954, git_commit_hash: 9ed17066c95192873c6353c7f745d760f7641dce} @ http://localhost:3000/@fs/C:/Users/avone/OneDrive/Desktop/HokkOS/HookSwap/packages/utilities/src/logger/logger.ts:57
[  327449ms] [INFO] INFO {context: Object} Session init completed {needChallenge: true, durationMs: 168.59999999403954} @ http://localhost:3000/@fs/C:/Users/avone/OneDrive/Desktop/HokkOS/HookSwap/packages/utilities/src/logger/logger.ts:57
[  327861ms] [ERROR] Failed to load resource: the server responded with a status of 400 () @ https://entry-gateway.backend-staging.api.uniswap.org/uniswap.platformservice.v1.SessionService/Challenge:0
[  329873ms] [INFO] INFO {context: Object} [Event: Session Init Started] {git_commit_hash: 9ed17066c95192873c6353c7f745d760f7641dce} @ http://localhost:3000/@fs/C:/Users/avone/OneDrive/Desktop/HokkOS/HookSwap/packages/utilities/src/logger/logger.ts:57
[  329873ms] [INFO] INFO {context: Object} Session init started @ http://localhost:3000/@fs/C:/Users/avone/OneDrive/Desktop/HokkOS/HookSwap/packages/utilities/src/logger/logger.ts:57
[  330033ms] [INFO] INFO {context: Object} [Event: Session Init Completed] {need_challenge: true, duration_ms: 159.90000000596046, git_commit_hash: 9ed17066c95192873c6353c7f745d760f7641dce} @ http://localhost:3000/@fs/C:/Users/avone/OneDrive/Desktop/HokkOS/HookSwap/packages/utilities/src/logger/logger.ts:57
[  330033ms] [INFO] INFO {context: Object} Session init completed {needChallenge: true, durationMs: 159.90000000596046} @ http://localhost:3000/@fs/C:/Users/avone/OneDrive/Desktop/HokkOS/HookSwap/packages/utilities/src/logger/logger.ts:57
[  330189ms] [ERROR] Failed to load resource: the server responded with a status of 400 () @ https://entry-gateway.backend-staging.api.uniswap.org/uniswap.platformservice.v1.SessionService/Challenge:0
[  331883ms] [LOG] RWS> connect {url: wss://websockets.backend-staging.api.uniswap.org, protocols: Array(0)} @ http://localhost:3000/node_modules/.vite/deps/partysocket.js?v=28d847b2:257
[  331883ms] [LOG] RWS> addListeners @ http://localhost:3000/node_modules/.vite/deps/partysocket.js?v=28d847b2:257
[  332641ms] [ERROR] WebSocket connection to 'wss://websockets.backend-staging.api.uniswap.org/' failed: HTTP Authentication failed; no valid credentials available @ http://localhost:3000/node_modules/.vite/deps/partysocket.js?v=28d847b2:346
[  332641ms] [LOG] RWS> error event undefined @ http://localhost:3000/node_modules/.vite/deps/partysocket.js?v=28d847b2:257
[  332641ms] [LOG] RWS> removeListeners @ http://localhost:3000/node_modules/.vite/deps/partysocket.js?v=28d847b2:257
[  332641ms] [LOG] RWS> close event @ http://localhost:3000/node_modules/.vite/deps/partysocket.js?v=28d847b2:257
[  332641ms] [LOG] RWS> connect 5 @ http://localhost:3000/node_modules/.vite/deps/partysocket.js?v=28d847b2:257
[  332641ms] [LOG] RWS> removeListeners @ http://localhost:3000/node_modules/.vite/deps/partysocket.js?v=28d847b2:257
[  332641ms] [LOG] RWS> next delay 9730.923871966364 @ http://localhost:3000/node_modules/.vite/deps/partysocket.js?v=28d847b2:257
[  332641ms] [LOG] RWS> exec error listeners @ http://localhost:3000/node_modules/.vite/deps/partysocket.js?v=28d847b2:257
[  332641ms] [WARNING] WARN {context: Object} WebSocket error {error: Error: WebSocket error - check Network tab for details
    at ReconnectingWebSocket2.<anonymous> (h…} @ http://localhost:3000/@fs/C:/Users/avone/OneDrive/Desktop/HokkOS/HookSwap/packages/utilities/src/logger/logger.ts:57
[  334199ms] [INFO] INFO {context: Object} [Event: Session Init Started] {git_commit_hash: 9ed17066c95192873c6353c7f745d760f7641dce} @ http://localhost:3000/@fs/C:/Users/avone/OneDrive/Desktop/HokkOS/HookSwap/packages/utilities/src/logger/logger.ts:57
[  334199ms] [INFO] INFO {context: Object} Session init started @ http://localhost:3000/@fs/C:/Users/avone/OneDrive/Desktop/HokkOS/HookSwap/packages/utilities/src/logger/logger.ts:57
[  334787ms] [INFO] INFO {context: Object} [Event: Session Init Completed] {need_challenge: true, duration_ms: 588, git_commit_hash: 9ed17066c95192873c6353c7f745d760f7641dce} @ http://localhost:3000/@fs/C:/Users/avone/OneDrive/Desktop/HokkOS/HookSwap/packages/utilities/src/logger/logger.ts:57
[  334788ms] [INFO] INFO {context: Object} Session init completed {needChallenge: true, durationMs: 588} @ http://localhost:3000/@fs/C:/Users/avone/OneDrive/Desktop/HokkOS/HookSwap/packages/utilities/src/logger/logger.ts:57
[  335041ms] [ERROR] Failed to load resource: the server responded with a status of 400 () @ https://entry-gateway.backend-staging.api.uniswap.org/uniswap.platformservice.v1.SessionService/Challenge:0
[  335043ms] [WARNING] WARN {context: Object} Session init failed {tags: Object, extra: Object} @ http://localhost:3000/@fs/C:/Users/avone/OneDrive/Desktop/HokkOS/HookSwap/packages/utilities/src/logger/logger.ts:57
[  335043ms] [WARNING] WARN {context: Object} Session init failed {tags: Object, extra: Object} @ http://localhost:3000/@fs/C:/Users/avone/OneDrive/Desktop/HokkOS/HookSwap/packages/utilities/src/logger/logger.ts:57
[  335043ms] [WARNING] WARN {context: Object} Session init failed {tags: Object, extra: Object} @ http://localhost:3000/@fs/C:/Users/avone/OneDrive/Desktop/HokkOS/HookSwap/packages/utilities/src/logger/logger.ts:57
[  335044ms] [INFO] INFO {context: Object} [Event: Session Init Started] {git_commit_hash: 9ed17066c95192873c6353c7f745d760f7641dce} @ http://localhost:3000/@fs/C:/Users/avone/OneDrive/Desktop/HokkOS/HookSwap/packages/utilities/src/logger/logger.ts:57
[  335045ms] [INFO] INFO {context: Object} Session init started @ http://localhost:3000/@fs/C:/Users/avone/OneDrive/Desktop/HokkOS/HookSwap/packages/utilities/src/logger/logger.ts:57
[  335347ms] [INFO] INFO {context: Object} [Event: Session Init Completed] {need_challenge: true, duration_ms: 302.59999999403954, git_commit_hash: 9ed17066c95192873c6353c7f745d760f7641dce} @ http://localhost:3000/@fs/C:/Users/avone/OneDrive/Desktop/HokkOS/HookSwap/packages/utilities/src/logger/logger.ts:57
[  335347ms] [INFO] INFO {context: Object} Session init completed {needChallenge: true, durationMs: 302.59999999403954} @ http://localhost:3000/@fs/C:/Users/avone/OneDrive/Desktop/HokkOS/HookSwap/packages/utilities/src/logger/logger.ts:57
[  335946ms] [ERROR] Failed to load resource: the server responded with a status of 400 () @ https://entry-gateway.backend-staging.api.uniswap.org/uniswap.platformservice.v1.SessionService/Challenge:0
[  336961ms] [INFO] INFO {context: Object} [Event: Session Init Started] {git_commit_hash: 9ed17066c95192873c6353c7f745d760f7641dce} @ http://localhost:3000/@fs/C:/Users/avone/OneDrive/Desktop/HokkOS/HookSwap/packages/utilities/src/logger/logger.ts:57
[  336961ms] [INFO] INFO {context: Object} Session init started @ http://localhost:3000/@fs/C:/Users/avone/OneDrive/Desktop/HokkOS/HookSwap/packages/utilities/src/logger/logger.ts:57
[  337109ms] [INFO] INFO {context: Object} [Event: Session Init Completed] {need_challenge: true, duration_ms: 148.69999998807907, git_commit_hash: 9ed17066c95192873c6353c7f745d760f7641dce} @ http://localhost:3000/@fs/C:/Users/avone/OneDrive/Desktop/HokkOS/HookSwap/packages/utilities/src/logger/logger.ts:57
[  337110ms] [INFO] INFO {context: Object} Session init completed {needChallenge: true, durationMs: 148.69999998807907} @ http://localhost:3000/@fs/C:/Users/avone/OneDrive/Desktop/HokkOS/HookSwap/packages/utilities/src/logger/logger.ts:57
[  337242ms] [ERROR] Failed to load resource: the server responded with a status of 400 () @ https://entry-gateway.backend-staging.api.uniswap.org/uniswap.platformservice.v1.SessionService/Challenge:0
[  339246ms] [INFO] INFO {context: Object} [Event: Session Init Started] {git_commit_hash: 9ed17066c95192873c6353c7f745d760f7641dce} @ http://localhost:3000/@fs/C:/Users/avone/OneDrive/Desktop/HokkOS/HookSwap/packages/utilities/src/logger/logger.ts:57
[  339247ms] [INFO] INFO {context: Object} Session init started @ http://localhost:3000/@fs/C:/Users/avone/OneDrive/Desktop/HokkOS/HookSwap/packages/utilities/src/logger/logger.ts:57
[  339525ms] [INFO] INFO {context: Object} [Event: Session Init Completed] {need_challenge: true, duration_ms: 278.7000000178814, git_commit_hash: 9ed17066c95192873c6353c7f745d760f7641dce} @ http://localhost:3000/@fs/C:/Users/avone/OneDrive/Desktop/HokkOS/HookSwap/packages/utilities/src/logger/logger.ts:57
[  339525ms] [INFO] INFO {context: Object} Session init completed {needChallenge: true, durationMs: 278.7000000178814} @ http://localhost:3000/@fs/C:/Users/avone/OneDrive/Desktop/HokkOS/HookSwap/packages/utilities/src/logger/logger.ts:57
[  340339ms] [ERROR] Failed to load resource: the server responded with a status of 400 () @ https://entry-gateway.backend-staging.api.uniswap.org/uniswap.platformservice.v1.SessionService/Challenge:0
[  342386ms] [LOG] RWS> connect {url: wss://websockets.backend-staging.api.uniswap.org, protocols: Array(0)} @ http://localhost:3000/node_modules/.vite/deps/partysocket.js?v=28d847b2:257
[  342386ms] [LOG] RWS> addListeners @ http://localhost:3000/node_modules/.vite/deps/partysocket.js?v=28d847b2:257
[  343585ms] [ERROR] WebSocket connection to 'wss://websockets.backend-staging.api.uniswap.org/' failed: HTTP Authentication failed; no valid credentials available @ http://localhost:3000/node_modules/.vite/deps/partysocket.js?v=28d847b2:346
[  343585ms] [LOG] RWS> error event undefined @ http://localhost:3000/node_modules/.vite/deps/partysocket.js?v=28d847b2:257
[  343585ms] [LOG] RWS> removeListeners @ http://localhost:3000/node_modules/.vite/deps/partysocket.js?v=28d847b2:257
[  343585ms] [LOG] RWS> close event @ http://localhost:3000/node_modules/.vite/deps/partysocket.js?v=28d847b2:257
[  343585ms] [LOG] RWS> max retries reached 5 >= 5 @ http://localhost:3000/node_modules/.vite/deps/partysocket.js?v=28d847b2:257
[  343586ms] [LOG] RWS> exec error listeners @ http://localhost:3000/node_modules/.vite/deps/partysocket.js?v=28d847b2:257
[  343586ms] [WARNING] WARN {context: Object} WebSocket error {error: Error: WebSocket error - check Network tab for details
    at ReconnectingWebSocket2.<anonymous> (h…} @ http://localhost:3000/@fs/C:/Users/avone/OneDrive/Desktop/HokkOS/HookSwap/packages/utilities/src/logger/logger.ts:57
[  344355ms] [INFO] INFO {context: Object} [Event: Session Init Started] {git_commit_hash: 9ed17066c95192873c6353c7f745d760f7641dce} @ http://localhost:3000/@fs/C:/Users/avone/OneDrive/Desktop/HokkOS/HookSwap/packages/utilities/src/logger/logger.ts:57
[  344355ms] [INFO] INFO {context: Object} Session init started @ http://localhost:3000/@fs/C:/Users/avone/OneDrive/Desktop/HokkOS/HookSwap/packages/utilities/src/logger/logger.ts:57
[  344525ms] [INFO] INFO {context: Object} [Event: Session Init Completed] {need_challenge: true, duration_ms: 170.69999998807907, git_commit_hash: 9ed17066c95192873c6353c7f745d760f7641dce} @ http://localhost:3000/@fs/C:/Users/avone/OneDrive/Desktop/HokkOS/HookSwap/packages/utilities/src/logger/logger.ts:57
[  344526ms] [INFO] INFO {context: Object} Session init completed {needChallenge: true, durationMs: 170.69999998807907} @ http://localhost:3000/@fs/C:/Users/avone/OneDrive/Desktop/HokkOS/HookSwap/packages/utilities/src/logger/logger.ts:57
[  344678ms] [ERROR] Failed to load resource: the server responded with a status of 400 () @ https://entry-gateway.backend-staging.api.uniswap.org/uniswap.platformservice.v1.SessionService/Challenge:0
[  344678ms] [WARNING] WARN {context: Object} Session init failed {tags: Object, extra: Object} @ http://localhost:3000/@fs/C:/Users/avone/OneDrive/Desktop/HokkOS/HookSwap/packages/utilities/src/logger/logger.ts:57
[  344679ms] [WARNING] WARN {context: Object} Session init failed {tags: Object, extra: Object} @ http://localhost:3000/@fs/C:/Users/avone/OneDrive/Desktop/HokkOS/HookSwap/packages/utilities/src/logger/logger.ts:57
[  344679ms] [WARNING] WARN {context: Object} Session init failed {tags: Object, extra: Object} @ http://localhost:3000/@fs/C:/Users/avone/OneDrive/Desktop/HokkOS/HookSwap/packages/utilities/src/logger/logger.ts:57
[  344679ms] [INFO] INFO {context: Object} [Event: Session Init Started] {git_commit_hash: 9ed17066c95192873c6353c7f745d760f7641dce} @ http://localhost:3000/@fs/C:/Users/avone/OneDrive/Desktop/HokkOS/HookSwap/packages/utilities/src/logger/logger.ts:57
[  344679ms] [INFO] INFO {context: Object} Session init started @ http://localhost:3000/@fs/C:/Users/avone/OneDrive/Desktop/HokkOS/HookSwap/packages/utilities/src/logger/logger.ts:57
[  344838ms] [INFO] INFO {context: Object} [Event: Session Init Completed] {need_challenge: true, duration_ms: 159, git_commit_hash: 9ed17066c95192873c6353c7f745d760f7641dce} @ http://localhost:3000/@fs/C:/Users/avone/OneDrive/Desktop/HokkOS/HookSwap/packages/utilities/src/logger/logger.ts:57
[  344838ms] [INFO] INFO {context: Object} Session init completed {needChallenge: true, durationMs: 159} @ http://localhost:3000/@fs/C:/Users/avone/OneDrive/Desktop/HokkOS/HookSwap/packages/utilities/src/logger/logger.ts:57
[  344990ms] [ERROR] Failed to load resource: the server responded with a status of 400 () @ https://entry-gateway.backend-staging.api.uniswap.org/uniswap.platformservice.v1.SessionService/Challenge:0
[  346002ms] [INFO] INFO {context: Object} [Event: Session Init Started] {git_commit_hash: 9ed17066c95192873c6353c7f745d760f7641dce} @ http://localhost:3000/@fs/C:/Users/avone/OneDrive/Desktop/HokkOS/HookSwap/packages/utilities/src/logger/logger.ts:57
[  346002ms] [INFO] INFO {context: Object} Session init started @ http://localhost:3000/@fs/C:/Users/avone/OneDrive/Desktop/HokkOS/HookSwap/packages/utilities/src/logger/logger.ts:57
[  346183ms] [INFO] INFO {context: Object} [Event: Session Init Completed] {need_challenge: true, duration_ms: 181.90000000596046, git_commit_hash: 9ed17066c95192873c6353c7f745d760f7641dce} @ http://localhost:3000/@fs/C:/Users/avone/OneDrive/Desktop/HokkOS/HookSwap/packages/utilities/src/logger/logger.ts:57
[  346184ms] [INFO] INFO {context: Object} Session init completed {needChallenge: true, durationMs: 181.90000000596046} @ http://localhost:3000/@fs/C:/Users/avone/OneDrive/Desktop/HokkOS/HookSwap/packages/utilities/src/logger/logger.ts:57
[  346339ms] [ERROR] Failed to load resource: the server responded with a status of 400 () @ https://entry-gateway.backend-staging.api.uniswap.org/uniswap.platformservice.v1.SessionService/Challenge:0
[  348353ms] [INFO] INFO {context: Object} [Event: Session Init Started] {git_commit_hash: 9ed17066c95192873c6353c7f745d760f7641dce} @ http://localhost:3000/@fs/C:/Users/avone/OneDrive/Desktop/HokkOS/HookSwap/packages/utilities/src/logger/logger.ts:57
[  348354ms] [INFO] INFO {context: Object} Session init started @ http://localhost:3000/@fs/C:/Users/avone/OneDrive/Desktop/HokkOS/HookSwap/packages/utilities/src/logger/logger.ts:57
[  348536ms] [INFO] INFO {context: Object} [Event: Session Init Completed] {need_challenge: true, duration_ms: 182.5, git_commit_hash: 9ed17066c95192873c6353c7f745d760f7641dce} @ http://localhost:3000/@fs/C:/Users/avone/OneDrive/Desktop/HokkOS/HookSwap/packages/utilities/src/logger/logger.ts:57
[  348536ms] [INFO] INFO {context: Object} Session init completed {needChallenge: true, durationMs: 182.5} @ http://localhost:3000/@fs/C:/Users/avone/OneDrive/Desktop/HokkOS/HookSwap/packages/utilities/src/logger/logger.ts:57
[  348697ms] [ERROR] Failed to load resource: the server responded with a status of 400 () @ https://entry-gateway.backend-staging.api.uniswap.org/uniswap.platformservice.v1.SessionService/Challenge:0
[  352700ms] [INFO] INFO {context: Object} [Event: Session Init Started] {git_commit_hash: 9ed17066c95192873c6353c7f745d760f7641dce} @ http://localhost:3000/@fs/C:/Users/avone/OneDrive/Desktop/HokkOS/HookSwap/packages/utilities/src/logger/logger.ts:57
[  352700ms] [INFO] INFO {context: Object} Session init started @ http://localhost:3000/@fs/C:/Users/avone/OneDrive/Desktop/HokkOS/HookSwap/packages/utilities/src/logger/logger.ts:57
[  353365ms] [INFO] INFO {context: Object} [Event: Session Init Completed] {need_challenge: true, duration_ms: 665.4000000059605, git_commit_hash: 9ed17066c95192873c6353c7f745d760f7641dce} @ http://localhost:3000/@fs/C:/Users/avone/OneDrive/Desktop/HokkOS/HookSwap/packages/utilities/src/logger/logger.ts:57
[  353366ms] [INFO] INFO {context: Object} Session init completed {needChallenge: true, durationMs: 665.4000000059605} @ http://localhost:3000/@fs/C:/Users/avone/OneDrive/Desktop/HokkOS/HookSwap/packages/utilities/src/logger/logger.ts:57
[  354684ms] [WARNING] WARN {context: Object} Session ready timed out {tags: Object, extra: Object} @ http://localhost:3000/@fs/C:/Users/avone/OneDrive/Desktop/HokkOS/HookSwap/packages/utilities/src/logger/logger.ts:57
[  354684ms] [WARNING] WARN {context: Object} Session ready timed out {tags: Object, extra: Object} @ http://localhost:3000/@fs/C:/Users/avone/OneDrive/Desktop/HokkOS/HookSwap/packages/utilities/src/logger/logger.ts:57
[  354685ms] [WARNING] WARN {context: Object} Session ready timed out {tags: Object, extra: Object} @ http://localhost:3000/@fs/C:/Users/avone/OneDrive/Desktop/HokkOS/HookSwap/packages/utilities/src/logger/logger.ts:57
[  354770ms] [ERROR] Failed to load resource: the server responded with a status of 400 () @ https://entry-gateway.backend-staging.api.uniswap.org/uniswap.platformservice.v1.SessionService/Challenge:0
[  354770ms] [WARNING] WARN {context: Object} Session init failed {tags: Object, extra: Object} @ http://localhost:3000/@fs/C:/Users/avone/OneDrive/Desktop/HokkOS/HookSwap/packages/utilities/src/logger/logger.ts:57
[  354770ms] [WARNING] WARN {context: Object} Session init failed {tags: Object, extra: Object} @ http://localhost:3000/@fs/C:/Users/avone/OneDrive/Desktop/HokkOS/HookSwap/packages/utilities/src/logger/logger.ts:57
[  354771ms] [WARNING] WARN {context: Object} Session init failed {tags: Object, extra: Object} @ http://localhost:3000/@fs/C:/Users/avone/OneDrive/Desktop/HokkOS/HookSwap/packages/utilities/src/logger/logger.ts:57
[  354771ms] [INFO] INFO {context: Object} [Event: Session Init Started] {git_commit_hash: 9ed17066c95192873c6353c7f745d760f7641dce} @ http://localhost:3000/@fs/C:/Users/avone/OneDrive/Desktop/HokkOS/HookSwap/packages/utilities/src/logger/logger.ts:57
[  354771ms] [INFO] INFO {context: Object} Session init started @ http://localhost:3000/@fs/C:/Users/avone/OneDrive/Desktop/HokkOS/HookSwap/packages/utilities/src/logger/logger.ts:57
[  354954ms] [INFO] INFO {context: Object} [Event: Session Init Completed] {need_challenge: true, duration_ms: 183.10000002384186, git_commit_hash: 9ed17066c95192873c6353c7f745d760f7641dce} @ http://localhost:3000/@fs/C:/Users/avone/OneDrive/Desktop/HokkOS/HookSwap/packages/utilities/src/logger/logger.ts:57
[  354955ms] [INFO] INFO {context: Object} Session init completed {needChallenge: true, durationMs: 183.10000002384186} @ http://localhost:3000/@fs/C:/Users/avone/OneDrive/Desktop/HokkOS/HookSwap/packages/utilities/src/logger/logger.ts:57
[  355161ms] [ERROR] Failed to load resource: the server responded with a status of 400 () @ https://entry-gateway.backend-staging.api.uniswap.org/uniswap.platformservice.v1.SessionService/Challenge:0
[  356168ms] [INFO] INFO {context: Object} [Event: Session Init Started] {git_commit_hash: 9ed17066c95192873c6353c7f745d760f7641dce} @ http://localhost:3000/@fs/C:/Users/avone/OneDrive/Desktop/HokkOS/HookSwap/packages/utilities/src/logger/logger.ts:57
[  356168ms] [INFO] INFO {context: Object} Session init started @ http://localhost:3000/@fs/C:/Users/avone/OneDrive/Desktop/HokkOS/HookSwap/packages/utilities/src/logger/logger.ts:57
[  356376ms] [INFO] INFO {context: Object} [Event: Session Init Completed] {need_challenge: true, duration_ms: 207.69999998807907, git_commit_hash: 9ed17066c95192873c6353c7f745d760f7641dce} @ http://localhost:3000/@fs/C:/Users/avone/OneDrive/Desktop/HokkOS/HookSwap/packages/utilities/src/logger/logger.ts:57
[  356376ms] [INFO] INFO {context: Object} Session init completed {needChallenge: true, durationMs: 207.69999998807907} @ http://localhost:3000/@fs/C:/Users/avone/OneDrive/Desktop/HokkOS/HookSwap/packages/utilities/src/logger/logger.ts:57
[  356542ms] [ERROR] Failed to load resource: the server responded with a status of 400 () @ https://entry-gateway.backend-staging.api.uniswap.org/uniswap.platformservice.v1.SessionService/Challenge:0
[  358549ms] [INFO] INFO {context: Object} [Event: Session Init Started] {git_commit_hash: 9ed17066c95192873c6353c7f745d760f7641dce} @ http://localhost:3000/@fs/C:/Users/avone/OneDrive/Desktop/HokkOS/HookSwap/packages/utilities/src/logger/logger.ts:57
[  358550ms] [INFO] INFO {context: Object} Session init started @ http://localhost:3000/@fs/C:/Users/avone/OneDrive/Desktop/HokkOS/HookSwap/packages/utilities/src/logger/logger.ts:57
[  359416ms] [INFO] INFO {context: Object} [Event: Session Init Completed] {need_challenge: true, duration_ms: 867.1999999880791, git_commit_hash: 9ed17066c95192873c6353c7f745d760f7641dce} @ http://localhost:3000/@fs/C:/Users/avone/OneDrive/Desktop/HokkOS/HookSwap/packages/utilities/src/logger/logger.ts:57
[  359417ms] [INFO] INFO {context: Object} Session init completed {needChallenge: true, durationMs: 867.1999999880791} @ http://localhost:3000/@fs/C:/Users/avone/OneDrive/Desktop/HokkOS/HookSwap/packages/utilities/src/logger/logger.ts:57
[  359569ms] [ERROR] Failed to load resource: the server responded with a status of 400 () @ https://entry-gateway.backend-staging.api.uniswap.org/uniswap.platformservice.v1.SessionService/Challenge:0
[  363578ms] [INFO] INFO {context: Object} [Event: Session Init Started] {git_commit_hash: 9ed17066c95192873c6353c7f745d760f7641dce} @ http://localhost:3000/@fs/C:/Users/avone/OneDrive/Desktop/HokkOS/HookSwap/packages/utilities/src/logger/logger.ts:57
[  363578ms] [INFO] INFO {context: Object} Session init started @ http://localhost:3000/@fs/C:/Users/avone/OneDrive/Desktop/HokkOS/HookSwap/packages/utilities/src/logger/logger.ts:57
[  363759ms] [INFO] INFO {context: Object} [Event: Session Init Completed] {need_challenge: true, duration_ms: 181.2999999821186, git_commit_hash: 9ed17066c95192873c6353c7f745d760f7641dce} @ http://localhost:3000/@fs/C:/Users/avone/OneDrive/Desktop/HokkOS/HookSwap/packages/utilities/src/logger/logger.ts:57
[  363759ms] [INFO] INFO {context: Object} Session init completed {needChallenge: true, durationMs: 181.2999999821186} @ http://localhost:3000/@fs/C:/Users/avone/OneDrive/Desktop/HokkOS/HookSwap/packages/utilities/src/logger/logger.ts:57
[  363927ms] [ERROR] Failed to load resource: the server responded with a status of 400 () @ https://entry-gateway.backend-staging.api.uniswap.org/uniswap.platformservice.v1.SessionService/Challenge:0
[  363927ms] [WARNING] WARN {context: Object} Session init failed {tags: Object, extra: Object} @ http://localhost:3000/@fs/C:/Users/avone/OneDrive/Desktop/HokkOS/HookSwap/packages/utilities/src/logger/logger.ts:57
[  363927ms] [WARNING] WARN {context: Object} Session init failed {tags: Object, extra: Object} @ http://localhost:3000/@fs/C:/Users/avone/OneDrive/Desktop/HokkOS/HookSwap/packages/utilities/src/logger/logger.ts:57
[  363928ms] [WARNING] WARN {context: Object} Session init failed {tags: Object, extra: Object} @ http://localhost:3000/@fs/C:/Users/avone/OneDrive/Desktop/HokkOS/HookSwap/packages/utilities/src/logger/logger.ts:57
[  363928ms] [INFO] INFO {context: Object} [Event: Session Init Started] {git_commit_hash: 9ed17066c95192873c6353c7f745d760f7641dce} @ http://localhost:3000/@fs/C:/Users/avone/OneDrive/Desktop/HokkOS/HookSwap/packages/utilities/src/logger/logger.ts:57
[  363928ms] [INFO] INFO {context: Object} Session init started @ http://localhost:3000/@fs/C:/Users/avone/OneDrive/Desktop/HokkOS/HookSwap/packages/utilities/src/logger/logger.ts:57
[  364138ms] [INFO] INFO {context: Object} [Event: Session Init Completed] {need_challenge: true, duration_ms: 209.59999999403954, git_commit_hash: 9ed17066c95192873c6353c7f745d760f7641dce} @ http://localhost:3000/@fs/C:/Users/avone/OneDrive/Desktop/HokkOS/HookSwap/packages/utilities/src/logger/logger.ts:57
[  364138ms] [INFO] INFO {context: Object} Session init completed {needChallenge: true, durationMs: 209.59999999403954} @ http://localhost:3000/@fs/C:/Users/avone/OneDrive/Desktop/HokkOS/HookSwap/packages/utilities/src/logger/logger.ts:57
[  364293ms] [ERROR] Failed to load resource: the server responded with a status of 400 () @ https://entry-gateway.backend-staging.api.uniswap.org/uniswap.platformservice.v1.SessionService/Challenge:0
[  365309ms] [INFO] INFO {context: Object} [Event: Session Init Started] {git_commit_hash: 9ed17066c95192873c6353c7f745d760f7641dce} @ http://localhost:3000/@fs/C:/Users/avone/OneDrive/Desktop/HokkOS/HookSwap/packages/utilities/src/logger/logger.ts:57
[  365310ms] [INFO] INFO {context: Object} Session init started @ http://localhost:3000/@fs/C:/Users/avone/OneDrive/Desktop/HokkOS/HookSwap/packages/utilities/src/logger/logger.ts:57
[  365595ms] [INFO] INFO {context: Object} [Event: Session Init Completed] {need_challenge: true, duration_ms: 285.89999997615814, git_commit_hash: 9ed17066c95192873c6353c7f745d760f7641dce} @ http://localhost:3000/@fs/C:/Users/avone/OneDrive/Desktop/HokkOS/HookSwap/packages/utilities/src/logger/logger.ts:57
[  365595ms] [INFO] INFO {context: Object} Session init completed {needChallenge: true, durationMs: 285.89999997615814} @ http://localhost:3000/@fs/C:/Users/avone/OneDrive/Desktop/HokkOS/HookSwap/packages/utilities/src/logger/logger.ts:57
[  366077ms] [ERROR] Failed to load resource: the server responded with a status of 400 () @ https://entry-gateway.backend-staging.api.uniswap.org/uniswap.platformservice.v1.SessionService/Challenge:0
[  368083ms] [INFO] INFO {context: Object} [Event: Session Init Started] {git_commit_hash: 9ed17066c95192873c6353c7f745d760f7641dce} @ http://localhost:3000/@fs/C:/Users/avone/OneDrive/Desktop/HokkOS/HookSwap/packages/utilities/src/logger/logger.ts:57
[  368083ms] [INFO] INFO {context: Object} Session init started @ http://localhost:3000/@fs/C:/Users/avone/OneDrive/Desktop/HokkOS/HookSwap/packages/utilities/src/logger/logger.ts:57
[  369225ms] [INFO] INFO {context: Object} [Event: Session Init Completed] {need_challenge: true, duration_ms: 1142.5999999940395, git_commit_hash: 9ed17066c95192873c6353c7f745d760f7641dce} @ http://localhost:3000/@fs/C:/Users/avone/OneDrive/Desktop/HokkOS/HookSwap/packages/utilities/src/logger/logger.ts:57
[  369225ms] [INFO] INFO {context: Object} Session init completed {needChallenge: true, durationMs: 1142.5999999940395} @ http://localhost:3000/@fs/C:/Users/avone/OneDrive/Desktop/HokkOS/HookSwap/packages/utilities/src/logger/logger.ts:57
[  369357ms] [ERROR] Failed to load resource: the server responded with a status of 400 () @ https://entry-gateway.backend-staging.api.uniswap.org/uniswap.platformservice.v1.SessionService/Challenge:0
[  373371ms] [INFO] INFO {context: Object} [Event: Session Init Started] {git_commit_hash: 9ed17066c95192873c6353c7f745d760f7641dce} @ http://localhost:3000/@fs/C:/Users/avone/OneDrive/Desktop/HokkOS/HookSwap/packages/utilities/src/logger/logger.ts:57
[  373371ms] [INFO] INFO {context: Object} Session init started @ http://localhost:3000/@fs/C:/Users/avone/OneDrive/Desktop/HokkOS/HookSwap/packages/utilities/src/logger/logger.ts:57
[  373606ms] [INFO] INFO {context: Object} [Event: Session Init Completed] {need_challenge: true, duration_ms: 234.80000001192093, git_commit_hash: 9ed17066c95192873c6353c7f745d760f7641dce} @ http://localhost:3000/@fs/C:/Users/avone/OneDrive/Desktop/HokkOS/HookSwap/packages/utilities/src/logger/logger.ts:57
[  373606ms] [INFO] INFO {context: Object} Session init completed {needChallenge: true, durationMs: 234.80000001192093} @ http://localhost:3000/@fs/C:/Users/avone/OneDrive/Desktop/HokkOS/HookSwap/packages/utilities/src/logger/logger.ts:57
[  373930ms] [WARNING] WARN {context: Object} Session ready timed out {tags: Object, extra: Object} @ http://localhost:3000/@fs/C:/Users/avone/OneDrive/Desktop/HokkOS/HookSwap/packages/utilities/src/logger/logger.ts:57
[  373931ms] [WARNING] WARN {context: Object} Suppressed 21 RPC errors in previous 60s window {provider: unirpc, chainId: 1, methods: Object, errors: Object} @ http://localhost:3000/@fs/C:/Users/avone/OneDrive/Desktop/HokkOS/HookSwap/packages/utilities/src/logger/logger.ts:57
[  373931ms] [WARNING] WARN {context: Object} RPC error {method: net_version, chainId: 1, durationMs: 10003, provider: unirpc, transport: viem} @ http://localhost:3000/@fs/C:/Users/avone/OneDrive/Desktop/HokkOS/HookSwap/packages/utilities/src/logger/logger.ts:57
[  373931ms] [WARNING] WARN {context: Object} Session ready timed out {tags: Object, extra: Object} @ http://localhost:3000/@fs/C:/Users/avone/OneDrive/Desktop/HokkOS/HookSwap/packages/utilities/src/logger/logger.ts:57
[  373931ms] [WARNING] WARN {context: Object} RPC error {method: eth_blockNumber, chainId: 1, durationMs: 10002, provider: unirpc, transport: viem} @ http://localhost:3000/@fs/C:/Users/avone/OneDrive/Desktop/HokkOS/HookSwap/packages/utilities/src/logger/logger.ts:57
[  373932ms] [WARNING] WARN {context: Object} Session ready timed out {tags: Object, extra: Object} @ http://localhost:3000/@fs/C:/Users/avone/OneDrive/Desktop/HokkOS/HookSwap/packages/utilities/src/logger/logger.ts:57
[  373932ms] [WARNING] WARN {context: Object} RPC error {method: eth_chainId, chainId: 1, durationMs: 10002, provider: unirpc, transport: viem} @ http://localhost:3000/@fs/C:/Users/avone/OneDrive/Desktop/HokkOS/HookSwap/packages/utilities/src/logger/logger.ts:57
[  374226ms] [ERROR] Failed to load resource: the server responded with a status of 400 () @ https://entry-gateway.backend-staging.api.uniswap.org/uniswap.platformservice.v1.SessionService/Challenge:0
[  374226ms] [WARNING] WARN {context: Object} Session init failed {tags: Object, extra: Object} @ http://localhost:3000/@fs/C:/Users/avone/OneDrive/Desktop/HokkOS/HookSwap/packages/utilities/src/logger/logger.ts:57
[  374227ms] [WARNING] WARN {context: Object} Session init failed {tags: Object, extra: Object} @ http://localhost:3000/@fs/C:/Users/avone/OneDrive/Desktop/HokkOS/HookSwap/packages/utilities/src/logger/logger.ts:57
[  374227ms] [WARNING] WARN {context: Object} Session init failed {tags: Object, extra: Object} @ http://localhost:3000/@fs/C:/Users/avone/OneDrive/Desktop/HokkOS/HookSwap/packages/utilities/src/logger/logger.ts:57
[  374227ms] [WARNING] WARN {context: Object} RPC error {method: eth_blockNumber, chainId: 1, durationMs: 295, provider: unirpc, transport: viem} @ http://localhost:3000/@fs/C:/Users/avone/OneDrive/Desktop/HokkOS/HookSwap/packages/utilities/src/logger/logger.ts:57
[  374227ms] [WARNING] WARN {context: Object} RPC error {method: net_version, chainId: 1, durationMs: 295, provider: unirpc, transport: viem} @ http://localhost:3000/@fs/C:/Users/avone/OneDrive/Desktop/HokkOS/HookSwap/packages/utilities/src/logger/logger.ts:57
[  374228ms] [INFO] INFO {context: Object} [Event: Session Init Started] {git_commit_hash: 9ed17066c95192873c6353c7f745d760f7641dce} @ http://localhost:3000/@fs/C:/Users/avone/OneDrive/Desktop/HokkOS/HookSwap/packages/utilities/src/logger/logger.ts:57
[  374228ms] [INFO] INFO {context: Object} Session init started @ http://localhost:3000/@fs/C:/Users/avone/OneDrive/Desktop/HokkOS/HookSwap/packages/utilities/src/logger/logger.ts:57
[  374462ms] [INFO] INFO {context: Object} [Event: Session Init Completed] {need_challenge: true, duration_ms: 235, git_commit_hash: 9ed17066c95192873c6353c7f745d760f7641dce} @ http://localhost:3000/@fs/C:/Users/avone/OneDrive/Desktop/HokkOS/HookSwap/packages/utilities/src/logger/logger.ts:57
[  374463ms] [INFO] INFO {context: Object} Session init completed {needChallenge: true, durationMs: 235} @ http://localhost:3000/@fs/C:/Users/avone/OneDrive/Desktop/HokkOS/HookSwap/packages/utilities/src/logger/logger.ts:57
[  374756ms] [ERROR] Failed to load resource: the server responded with a status of 400 () @ https://entry-gateway.backend-staging.api.uniswap.org/uniswap.platformservice.v1.SessionService/Challenge:0
[  375763ms] [INFO] INFO {context: Object} [Event: Session Init Started] {git_commit_hash: 9ed17066c95192873c6353c7f745d760f7641dce} @ http://localhost:3000/@fs/C:/Users/avone/OneDrive/Desktop/HokkOS/HookSwap/packages/utilities/src/logger/logger.ts:57
[  375763ms] [INFO] INFO {context: Object} Session init started @ http://localhost:3000/@fs/C:/Users/avone/OneDrive/Desktop/HokkOS/HookSwap/packages/utilities/src/logger/logger.ts:57
[  376489ms] [INFO] INFO {context: Object} [Event: Session Init Completed] {need_challenge: true, duration_ms: 726.1000000238419, git_commit_hash: 9ed17066c95192873c6353c7f745d760f7641dce} @ http://localhost:3000/@fs/C:/Users/avone/OneDrive/Desktop/HokkOS/HookSwap/packages/utilities/src/logger/logger.ts:57
[  376489ms] [INFO] INFO {context: Object} Session init completed {needChallenge: true, durationMs: 726.1000000238419} @ http://localhost:3000/@fs/C:/Users/avone/OneDrive/Desktop/HokkOS/HookSwap/packages/utilities/src/logger/logger.ts:57
[  377633ms] [ERROR] Failed to load resource: the server responded with a status of 400 () @ https://entry-gateway.backend-staging.api.uniswap.org/uniswap.platformservice.v1.SessionService/Challenge:0
[  379648ms] [INFO] INFO {context: Object} [Event: Session Init Started] {git_commit_hash: 9ed17066c95192873c6353c7f745d760f7641dce} @ http://localhost:3000/@fs/C:/Users/avone/OneDrive/Desktop/HokkOS/HookSwap/packages/utilities/src/logger/logger.ts:57
[  379648ms] [INFO] INFO {context: Object} Session init started @ http://localhost:3000/@fs/C:/Users/avone/OneDrive/Desktop/HokkOS/HookSwap/packages/utilities/src/logger/logger.ts:57
[  379830ms] [INFO] INFO {context: Object} [Event: Session Init Completed] {need_challenge: true, duration_ms: 182.2999999821186, git_commit_hash: 9ed17066c95192873c6353c7f745d760f7641dce} @ http://localhost:3000/@fs/C:/Users/avone/OneDrive/Desktop/HokkOS/HookSwap/packages/utilities/src/logger/logger.ts:57
[  379830ms] [INFO] INFO {context: Object} Session init completed {needChallenge: true, durationMs: 182.2999999821186} @ http://localhost:3000/@fs/C:/Users/avone/OneDrive/Desktop/HokkOS/HookSwap/packages/utilities/src/logger/logger.ts:57
[  379987ms] [ERROR] Failed to load resource: the server responded with a status of 400 () @ https://entry-gateway.backend-staging.api.uniswap.org/uniswap.platformservice.v1.SessionService/Challenge:0
[  384003ms] [INFO] INFO {context: Object} [Event: Session Init Started] {git_commit_hash: 9ed17066c95192873c6353c7f745d760f7641dce} @ http://localhost:3000/@fs/C:/Users/avone/OneDrive/Desktop/HokkOS/HookSwap/packages/utilities/src/logger/logger.ts:57
[  384003ms] [INFO] INFO {context: Object} Session init started @ http://localhost:3000/@fs/C:/Users/avone/OneDrive/Desktop/HokkOS/HookSwap/packages/utilities/src/logger/logger.ts:57
[  384200ms] [INFO] INFO {context: Object} [Event: Session Init Completed] {need_challenge: true, duration_ms: 197, git_commit_hash: 9ed17066c95192873c6353c7f745d760f7641dce} @ http://localhost:3000/@fs/C:/Users/avone/OneDrive/Desktop/HokkOS/HookSwap/packages/utilities/src/logger/logger.ts:57
[  384200ms] [INFO] INFO {context: Object} Session init completed {needChallenge: true, durationMs: 197} @ http://localhost:3000/@fs/C:/Users/avone/OneDrive/Desktop/HokkOS/HookSwap/packages/utilities/src/logger/logger.ts:57
[  384236ms] [WARNING] WARN {context: Object} Session ready timed out {tags: Object, extra: Object} @ http://localhost:3000/@fs/C:/Users/avone/OneDrive/Desktop/HokkOS/HookSwap/packages/utilities/src/logger/logger.ts:57
[  384236ms] [WARNING] WARN {context: Object} Session ready timed out {tags: Object, extra: Object} @ http://localhost:3000/@fs/C:/Users/avone/OneDrive/Desktop/HokkOS/HookSwap/packages/utilities/src/logger/logger.ts:57
[  384237ms] [WARNING] WARN {context: Object} Session ready timed out {tags: Object, extra: Object} @ http://localhost:3000/@fs/C:/Users/avone/OneDrive/Desktop/HokkOS/HookSwap/packages/utilities/src/logger/logger.ts:57
[  384553ms] [ERROR] Failed to load resource: the server responded with a status of 400 () @ https://entry-gateway.backend-staging.api.uniswap.org/uniswap.platformservice.v1.SessionService/Challenge:0
[  384553ms] [WARNING] WARN {context: Object} Session init failed {tags: Object, extra: Object} @ http://localhost:3000/@fs/C:/Users/avone/OneDrive/Desktop/HokkOS/HookSwap/packages/utilities/src/logger/logger.ts:57
[  384554ms] [WARNING] WARN {context: Object} Session init failed {tags: Object, extra: Object} @ http://localhost:3000/@fs/C:/Users/avone/OneDrive/Desktop/HokkOS/HookSwap/packages/utilities/src/logger/logger.ts:57
[  384554ms] [WARNING] WARN {context: Object} Session init failed {tags: Object, extra: Object} @ http://localhost:3000/@fs/C:/Users/avone/OneDrive/Desktop/HokkOS/HookSwap/packages/utilities/src/logger/logger.ts:57
[  384554ms] [INFO] INFO {context: Object} [Event: Session Init Started] {git_commit_hash: 9ed17066c95192873c6353c7f745d760f7641dce} @ http://localhost:3000/@fs/C:/Users/avone/OneDrive/Desktop/HokkOS/HookSwap/packages/utilities/src/logger/logger.ts:57
[  384554ms] [INFO] INFO {context: Object} Session init started @ http://localhost:3000/@fs/C:/Users/avone/OneDrive/Desktop/HokkOS/HookSwap/packages/utilities/src/logger/logger.ts:57
[  384749ms] [INFO] INFO {context: Object} [Event: Session Init Completed] {need_challenge: true, duration_ms: 194.40000000596046, git_commit_hash: 9ed17066c95192873c6353c7f745d760f7641dce} @ http://localhost:3000/@fs/C:/Users/avone/OneDrive/Desktop/HokkOS/HookSwap/packages/utilities/src/logger/logger.ts:57
[  384749ms] [INFO] INFO {context: Object} Session init completed {needChallenge: true, durationMs: 194.40000000596046} @ http://localhost:3000/@fs/C:/Users/avone/OneDrive/Desktop/HokkOS/HookSwap/packages/utilities/src/logger/logger.ts:57
[  385053ms] [ERROR] Failed to load resource: the server responded with a status of 400 () @ https://entry-gateway.backend-staging.api.uniswap.org/uniswap.platformservice.v1.SessionService/Challenge:0
[  386060ms] [INFO] INFO {context: Object} [Event: Session Init Started] {git_commit_hash: 9ed17066c95192873c6353c7f745d760f7641dce} @ http://localhost:3000/@fs/C:/Users/avone/OneDrive/Desktop/HokkOS/HookSwap/packages/utilities/src/logger/logger.ts:57
[  386060ms] [INFO] INFO {context: Object} Session init started @ http://localhost:3000/@fs/C:/Users/avone/OneDrive/Desktop/HokkOS/HookSwap/packages/utilities/src/logger/logger.ts:57
[  386213ms] [INFO] INFO {context: Object} [Event: Session Init Completed] {need_challenge: true, duration_ms: 153.80000001192093, git_commit_hash: 9ed17066c95192873c6353c7f745d760f7641dce} @ http://localhost:3000/@fs/C:/Users/avone/OneDrive/Desktop/HokkOS/HookSwap/packages/utilities/src/logger/logger.ts:57
[  386213ms] [INFO] INFO {context: Object} Session init completed {needChallenge: true, durationMs: 153.80000001192093} @ http://localhost:3000/@fs/C:/Users/avone/OneDrive/Desktop/HokkOS/HookSwap/packages/utilities/src/logger/logger.ts:57
[  386446ms] [ERROR] Failed to load resource: the server responded with a status of 400 () @ https://entry-gateway.backend-staging.api.uniswap.org/uniswap.platformservice.v1.SessionService/Challenge:0
[  388458ms] [INFO] INFO {context: Object} [Event: Session Init Started] {git_commit_hash: 9ed17066c95192873c6353c7f745d760f7641dce} @ http://localhost:3000/@fs/C:/Users/avone/OneDrive/Desktop/HokkOS/HookSwap/packages/utilities/src/logger/logger.ts:57
[  388459ms] [INFO] INFO {context: Object} Session init started @ http://localhost:3000/@fs/C:/Users/avone/OneDrive/Desktop/HokkOS/HookSwap/packages/utilities/src/logger/logger.ts:57
[  388621ms] [INFO] INFO {context: Object} [Event: Session Init Completed] {need_challenge: true, duration_ms: 162.80000001192093, git_commit_hash: 9ed17066c95192873c6353c7f745d760f7641dce} @ http://localhost:3000/@fs/C:/Users/avone/OneDrive/Desktop/HokkOS/HookSwap/packages/utilities/src/logger/logger.ts:57
[  388621ms] [INFO] INFO {context: Object} Session init completed {needChallenge: true, durationMs: 162.80000001192093} @ http://localhost:3000/@fs/C:/Users/avone/OneDrive/Desktop/HokkOS/HookSwap/packages/utilities/src/logger/logger.ts:57
[  388760ms] [ERROR] Failed to load resource: the server responded with a status of 400 () @ https://entry-gateway.backend-staging.api.uniswap.org/uniswap.platformservice.v1.SessionService/Challenge:0
[  392777ms] [INFO] INFO {context: Object} [Event: Session Init Started] {git_commit_hash: 9ed17066c95192873c6353c7f745d760f7641dce} @ http://localhost:3000/@fs/C:/Users/avone/OneDrive/Desktop/HokkOS/HookSwap/packages/utilities/src/logger/logger.ts:57
[  392777ms] [INFO] INFO {context: Object} Session init started @ http://localhost:3000/@fs/C:/Users/avone/OneDrive/Desktop/HokkOS/HookSwap/packages/utilities/src/logger/logger.ts:57
[  392892ms] [INFO] INFO {context: Object} [Event: Session Init Completed] {need_challenge: true, duration_ms: 115.40000000596046, git_commit_hash: 9ed17066c95192873c6353c7f745d760f7641dce} @ http://localhost:3000/@fs/C:/Users/avone/OneDrive/Desktop/HokkOS/HookSwap/packages/utilities/src/logger/logger.ts:57
[  392892ms] [INFO] INFO {context: Object} Session init completed {needChallenge: true, durationMs: 115.40000000596046} @ http://localhost:3000/@fs/C:/Users/avone/OneDrive/Desktop/HokkOS/HookSwap/packages/utilities/src/logger/logger.ts:57
[  393005ms] [ERROR] Failed to load resource: the server responded with a status of 400 () @ https://entry-gateway.backend-staging.api.uniswap.org/uniswap.platformservice.v1.SessionService/Challenge:0
[  393007ms] [WARNING] WARN {context: Object} Session init failed {tags: Object, extra: Object} @ http://localhost:3000/@fs/C:/Users/avone/OneDrive/Desktop/HokkOS/HookSwap/packages/utilities/src/logger/logger.ts:57
[  393007ms] [WARNING] WARN {context: Object} Session init failed {tags: Object, extra: Object} @ http://localhost:3000/@fs/C:/Users/avone/OneDrive/Desktop/HokkOS/HookSwap/packages/utilities/src/logger/logger.ts:57
[  393007ms] [WARNING] WARN {context: Object} Session init failed {tags: Object, extra: Object} @ http://localhost:3000/@fs/C:/Users/avone/OneDrive/Desktop/HokkOS/HookSwap/packages/utilities/src/logger/logger.ts:57
[  393008ms] [INFO] INFO {context: Object} [Event: Session Init Started] {git_commit_hash: 9ed17066c95192873c6353c7f745d760f7641dce} @ http://localhost:3000/@fs/C:/Users/avone/OneDrive/Desktop/HokkOS/HookSwap/packages/utilities/src/logger/logger.ts:57
[  393009ms] [INFO] INFO {context: Object} Session init started @ http://localhost:3000/@fs/C:/Users/avone/OneDrive/Desktop/HokkOS/HookSwap/packages/utilities/src/logger/logger.ts:57
[  393130ms] [INFO] INFO {context: Object} [Event: Session Init Completed] {need_challenge: true, duration_ms: 121.7000000178814, git_commit_hash: 9ed17066c95192873c6353c7f745d760f7641dce} @ http://localhost:3000/@fs/C:/Users/avone/OneDrive/Desktop/HokkOS/HookSwap/packages/utilities/src/logger/logger.ts:57
[  393130ms] [INFO] INFO {context: Object} Session init completed {needChallenge: true, durationMs: 121.7000000178814} @ http://localhost:3000/@fs/C:/Users/avone/OneDrive/Desktop/HokkOS/HookSwap/packages/utilities/src/logger/logger.ts:57
[  393225ms] [ERROR] Failed to load resource: the server responded with a status of 400 () @ https://entry-gateway.backend-staging.api.uniswap.org/uniswap.platformservice.v1.SessionService/Challenge:0
[  394231ms] [INFO] INFO {context: Object} [Event: Session Init Started] {git_commit_hash: 9ed17066c95192873c6353c7f745d760f7641dce} @ http://localhost:3000/@fs/C:/Users/avone/OneDrive/Desktop/HokkOS/HookSwap/packages/utilities/src/logger/logger.ts:57
[  394232ms] [INFO] INFO {context: Object} Session init started @ http://localhost:3000/@fs/C:/Users/avone/OneDrive/Desktop/HokkOS/HookSwap/packages/utilities/src/logger/logger.ts:57
[  396237ms] [INFO] INFO {context: Object} [Event: Session Init Completed] {need_challenge: true, duration_ms: 2006.2000000178814, git_commit_hash: 9ed17066c95192873c6353c7f745d760f7641dce} @ http://localhost:3000/@fs/C:/Users/avone/OneDrive/Desktop/HokkOS/HookSwap/packages/utilities/src/logger/logger.ts:57
[  396238ms] [INFO] INFO {context: Object} Session init completed {needChallenge: true, durationMs: 2006.2000000178814} @ http://localhost:3000/@fs/C:/Users/avone/OneDrive/Desktop/HokkOS/HookSwap/packages/utilities/src/logger/logger.ts:57
[  396658ms] [ERROR] Failed to load resource: the server responded with a status of 400 () @ https://entry-gateway.backend-staging.api.uniswap.org/uniswap.platformservice.v1.SessionService/Challenge:0
[  398663ms] [INFO] INFO {context: Object} [Event: Session Init Started] {git_commit_hash: 9ed17066c95192873c6353c7f745d760f7641dce} @ http://localhost:3000/@fs/C:/Users/avone/OneDrive/Desktop/HokkOS/HookSwap/packages/utilities/src/logger/logger.ts:57
[  398664ms] [INFO] INFO {context: Object} Session init started @ http://localhost:3000/@fs/C:/Users/avone/OneDrive/Desktop/HokkOS/HookSwap/packages/utilities/src/logger/logger.ts:57
[  399067ms] [INFO] INFO {context: Object} [Event: Session Init Completed] {need_challenge: true, duration_ms: 403.19999998807907, git_commit_hash: 9ed17066c95192873c6353c7f745d760f7641dce} @ http://localhost:3000/@fs/C:/Users/avone/OneDrive/Desktop/HokkOS/HookSwap/packages/utilities/src/logger/logger.ts:57
[  399067ms] [INFO] INFO {context: Object} Session init completed {needChallenge: true, durationMs: 403.19999998807907} @ http://localhost:3000/@fs/C:/Users/avone/OneDrive/Desktop/HokkOS/HookSwap/packages/utilities/src/logger/logger.ts:57
[  399615ms] [ERROR] Failed to load resource: the server responded with a status of 400 () @ https://entry-gateway.backend-staging.api.uniswap.org/uniswap.platformservice.v1.SessionService/Challenge:0
[  403014ms] [WARNING] WARN {context: Object} Session ready timed out {tags: Object, extra: Object} @ http://localhost:3000/@fs/C:/Users/avone/OneDrive/Desktop/HokkOS/HookSwap/packages/utilities/src/logger/logger.ts:57
[  403014ms] [WARNING] WARN {context: Object} Session ready timed out {tags: Object, extra: Object} @ http://localhost:3000/@fs/C:/Users/avone/OneDrive/Desktop/HokkOS/HookSwap/packages/utilities/src/logger/logger.ts:57
[  403015ms] [WARNING] WARN {context: Object} Session ready timed out {tags: Object, extra: Object} @ http://localhost:3000/@fs/C:/Users/avone/OneDrive/Desktop/HokkOS/HookSwap/packages/utilities/src/logger/logger.ts:57
[  403619ms] [INFO] INFO {context: Object} [Event: Session Init Started] {git_commit_hash: 9ed17066c95192873c6353c7f745d760f7641dce} @ http://localhost:3000/@fs/C:/Users/avone/OneDrive/Desktop/HokkOS/HookSwap/packages/utilities/src/logger/logger.ts:57
[  403619ms] [INFO] INFO {context: Object} Session init started @ http://localhost:3000/@fs/C:/Users/avone/OneDrive/Desktop/HokkOS/HookSwap/packages/utilities/src/logger/logger.ts:57
[  404494ms] [INFO] INFO {context: Object} [Event: Session Init Completed] {need_challenge: true, duration_ms: 875.1999999880791, git_commit_hash: 9ed17066c95192873c6353c7f745d760f7641dce} @ http://localhost:3000/@fs/C:/Users/avone/OneDrive/Desktop/HokkOS/HookSwap/packages/utilities/src/logger/logger.ts:57
[  404494ms] [INFO] INFO {context: Object} Session init completed {needChallenge: true, durationMs: 875.1999999880791} @ http://localhost:3000/@fs/C:/Users/avone/OneDrive/Desktop/HokkOS/HookSwap/packages/utilities/src/logger/logger.ts:57
[  404599ms] [ERROR] Failed to load resource: the server responded with a status of 400 () @ https://entry-gateway.backend-staging.api.uniswap.org/uniswap.platformservice.v1.SessionService/Challenge:0
[  404600ms] [WARNING] WARN {context: Object} Session init failed {tags: Object, extra: Object} @ http://localhost:3000/@fs/C:/Users/avone/OneDrive/Desktop/HokkOS/HookSwap/packages/utilities/src/logger/logger.ts:57
[  404600ms] [WARNING] WARN {context: Object} Session init failed {tags: Object, extra: Object} @ http://localhost:3000/@fs/C:/Users/avone/OneDrive/Desktop/HokkOS/HookSwap/packages/utilities/src/logger/logger.ts:57
[  404600ms] [WARNING] WARN {context: Object} Session init failed {tags: Object, extra: Object} @ http://localhost:3000/@fs/C:/Users/avone/OneDrive/Desktop/HokkOS/HookSwap/packages/utilities/src/logger/logger.ts:57
[  404600ms] [INFO] INFO {context: Object} [Event: Session Init Started] {git_commit_hash: 9ed17066c95192873c6353c7f745d760f7641dce} @ http://localhost:3000/@fs/C:/Users/avone/OneDrive/Desktop/HokkOS/HookSwap/packages/utilities/src/logger/logger.ts:57
[  404601ms] [INFO] INFO {context: Object} Session init started @ http://localhost:3000/@fs/C:/Users/avone/OneDrive/Desktop/HokkOS/HookSwap/packages/utilities/src/logger/logger.ts:57
[  404712ms] [INFO] INFO {context: Object} [Event: Session Init Completed] {need_challenge: true, duration_ms: 111.5, git_commit_hash: 9ed17066c95192873c6353c7f745d760f7641dce} @ http://localhost:3000/@fs/C:/Users/avone/OneDrive/Desktop/HokkOS/HookSwap/packages/utilities/src/logger/logger.ts:57
[  404712ms] [INFO] INFO {context: Object} Session init completed {needChallenge: true, durationMs: 111.5} @ http://localhost:3000/@fs/C:/Users/avone/OneDrive/Desktop/HokkOS/HookSwap/packages/utilities/src/logger/logger.ts:57
[  404823ms] [ERROR] Failed to load resource: the server responded with a status of 400 () @ https://entry-gateway.backend-staging.api.uniswap.org/uniswap.platformservice.v1.SessionService/Challenge:0
[  405831ms] [INFO] INFO {context: Object} [Event: Session Init Started] {git_commit_hash: 9ed17066c95192873c6353c7f745d760f7641dce} @ http://localhost:3000/@fs/C:/Users/avone/OneDrive/Desktop/HokkOS/HookSwap/packages/utilities/src/logger/logger.ts:57
[  405831ms] [INFO] INFO {context: Object} Session init started @ http://localhost:3000/@fs/C:/Users/avone/OneDrive/Desktop/HokkOS/HookSwap/packages/utilities/src/logger/logger.ts:57
[  405948ms] [INFO] INFO {context: Object} [Event: Session Init Completed] {need_challenge: true, duration_ms: 117.7000000178814, git_commit_hash: 9ed17066c95192873c6353c7f745d760f7641dce} @ http://localhost:3000/@fs/C:/Users/avone/OneDrive/Desktop/HokkOS/HookSwap/packages/utilities/src/logger/logger.ts:57
[  405949ms] [INFO] INFO {context: Object} Session init completed {needChallenge: true, durationMs: 117.7000000178814} @ http://localhost:3000/@fs/C:/Users/avone/OneDrive/Desktop/HokkOS/HookSwap/packages/utilities/src/logger/logger.ts:57
[  406048ms] [ERROR] Failed to load resource: the server responded with a status of 400 () @ https://entry-gateway.backend-staging.api.uniswap.org/uniswap.platformservice.v1.SessionService/Challenge:0
[  408050ms] [INFO] INFO {context: Object} [Event: Session Init Started] {git_commit_hash: 9ed17066c95192873c6353c7f745d760f7641dce} @ http://localhost:3000/@fs/C:/Users/avone/OneDrive/Desktop/HokkOS/HookSwap/packages/utilities/src/logger/logger.ts:57
[  408050ms] [INFO] INFO {context: Object} Session init started @ http://localhost:3000/@fs/C:/Users/avone/OneDrive/Desktop/HokkOS/HookSwap/packages/utilities/src/logger/logger.ts:57
[  408224ms] [INFO] INFO {context: Object} [Event: Session Init Completed] {need_challenge: true, duration_ms: 174.39999997615814, git_commit_hash: 9ed17066c95192873c6353c7f745d760f7641dce} @ http://localhost:3000/@fs/C:/Users/avone/OneDrive/Desktop/HokkOS/HookSwap/packages/utilities/src/logger/logger.ts:57
[  408224ms] [INFO] INFO {context: Object} Session init completed {needChallenge: true, durationMs: 174.39999997615814} @ http://localhost:3000/@fs/C:/Users/avone/OneDrive/Desktop/HokkOS/HookSwap/packages/utilities/src/logger/logger.ts:57
[  408349ms] [ERROR] Failed to load resource: the server responded with a status of 400 () @ https://entry-gateway.backend-staging.api.uniswap.org/uniswap.platformservice.v1.SessionService/Challenge:0
[  412509ms] [INFO] INFO {context: Object} [Event: Session Init Started] {git_commit_hash: 9ed17066c95192873c6353c7f745d760f7641dce} @ http://localhost:3000/@fs/C:/Users/avone/OneDrive/Desktop/HokkOS/HookSwap/packages/utilities/src/logger/logger.ts:57
[  412510ms] [INFO] INFO {context: Object} Session init started @ http://localhost:3000/@fs/C:/Users/avone/OneDrive/Desktop/HokkOS/HookSwap/packages/utilities/src/logger/logger.ts:57
[  412613ms] [INFO] INFO {context: Object} [Event: Session Init Completed] {need_challenge: true, duration_ms: 103.69999998807907, git_commit_hash: 9ed17066c95192873c6353c7f745d760f7641dce} @ http://localhost:3000/@fs/C:/Users/avone/OneDrive/Desktop/HokkOS/HookSwap/packages/utilities/src/logger/logger.ts:57
[  412613ms] [INFO] INFO {context: Object} Session init completed {needChallenge: true, durationMs: 103.69999998807907} @ http://localhost:3000/@fs/C:/Users/avone/OneDrive/Desktop/HokkOS/HookSwap/packages/utilities/src/logger/logger.ts:57
[  412716ms] [ERROR] Failed to load resource: the server responded with a status of 400 () @ https://entry-gateway.backend-staging.api.uniswap.org/uniswap.platformservice.v1.SessionService/Challenge:0
[  412717ms] [WARNING] WARN {context: Object} Session init failed {tags: Object, extra: Object} @ http://localhost:3000/@fs/C:/Users/avone/OneDrive/Desktop/HokkOS/HookSwap/packages/utilities/src/logger/logger.ts:57
[  412717ms] [WARNING] WARN {context: Object} Session init failed {tags: Object, extra: Object} @ http://localhost:3000/@fs/C:/Users/avone/OneDrive/Desktop/HokkOS/HookSwap/packages/utilities/src/logger/logger.ts:57
[  412717ms] [WARNING] WARN {context: Object} Session init failed {tags: Object, extra: Object} @ http://localhost:3000/@fs/C:/Users/avone/OneDrive/Desktop/HokkOS/HookSwap/packages/utilities/src/logger/logger.ts:57
[  412718ms] [INFO] INFO {context: Object} [Event: Session Init Started] {git_commit_hash: 9ed17066c95192873c6353c7f745d760f7641dce} @ http://localhost:3000/@fs/C:/Users/avone/OneDrive/Desktop/HokkOS/HookSwap/packages/utilities/src/logger/logger.ts:57
[  412718ms] [INFO] INFO {context: Object} Session init started @ http://localhost:3000/@fs/C:/Users/avone/OneDrive/Desktop/HokkOS/HookSwap/packages/utilities/src/logger/logger.ts:57
[  412849ms] [INFO] INFO {context: Object} [Event: Session Init Completed] {need_challenge: true, duration_ms: 131, git_commit_hash: 9ed17066c95192873c6353c7f745d760f7641dce} @ http://localhost:3000/@fs/C:/Users/avone/OneDrive/Desktop/HokkOS/HookSwap/packages/utilities/src/logger/logger.ts:57
[  412849ms] [INFO] INFO {context: Object} Session init completed {needChallenge: true, durationMs: 131} @ http://localhost:3000/@fs/C:/Users/avone/OneDrive/Desktop/HokkOS/HookSwap/packages/utilities/src/logger/logger.ts:57
[  412956ms] [ERROR] Failed to load resource: the server responded with a status of 400 () @ https://entry-gateway.backend-staging.api.uniswap.org/uniswap.platformservice.v1.SessionService/Challenge:0
[  413969ms] [INFO] INFO {context: Object} [Event: Session Init Started] {git_commit_hash: 9ed17066c95192873c6353c7f745d760f7641dce} @ http://localhost:3000/@fs/C:/Users/avone/OneDrive/Desktop/HokkOS/HookSwap/packages/utilities/src/logger/logger.ts:57
[  413969ms] [INFO] INFO {context: Object} Session init started @ http://localhost:3000/@fs/C:/Users/avone/OneDrive/Desktop/HokkOS/HookSwap/packages/utilities/src/logger/logger.ts:57
[  414081ms] [INFO] INFO {context: Object} [Event: Session Init Completed] {need_challenge: true, duration_ms: 112.2000000178814, git_commit_hash: 9ed17066c95192873c6353c7f745d760f7641dce} @ http://localhost:3000/@fs/C:/Users/avone/OneDrive/Desktop/HokkOS/HookSwap/packages/utilities/src/logger/logger.ts:57
[  414081ms] [INFO] INFO {context: Object} Session init completed {needChallenge: true, durationMs: 112.2000000178814} @ http://localhost:3000/@fs/C:/Users/avone/OneDrive/Desktop/HokkOS/HookSwap/packages/utilities/src/logger/logger.ts:57
[  414191ms] [ERROR] Failed to load resource: the server responded with a status of 400 () @ https://entry-gateway.backend-staging.api.uniswap.org/uniswap.platformservice.v1.SessionService/Challenge:0
[  416193ms] [INFO] INFO {context: Object} [Event: Session Init Started] {git_commit_hash: 9ed17066c95192873c6353c7f745d760f7641dce} @ http://localhost:3000/@fs/C:/Users/avone/OneDrive/Desktop/HokkOS/HookSwap/packages/utilities/src/logger/logger.ts:57
[  416193ms] [INFO] INFO {context: Object} Session init started @ http://localhost:3000/@fs/C:/Users/avone/OneDrive/Desktop/HokkOS/HookSwap/packages/utilities/src/logger/logger.ts:57
[  416516ms] [INFO] INFO {context: Object} [Event: Session Init Completed] {need_challenge: true, duration_ms: 322.5, git_commit_hash: 9ed17066c95192873c6353c7f745d760f7641dce} @ http://localhost:3000/@fs/C:/Users/avone/OneDrive/Desktop/HokkOS/HookSwap/packages/utilities/src/logger/logger.ts:57
[  416516ms] [INFO] INFO {context: Object} Session init completed {needChallenge: true, durationMs: 322.5} @ http://localhost:3000/@fs/C:/Users/avone/OneDrive/Desktop/HokkOS/HookSwap/packages/utilities/src/logger/logger.ts:57
[  416630ms] [ERROR] Failed to load resource: the server responded with a status of 400 () @ https://entry-gateway.backend-staging.api.uniswap.org/uniswap.platformservice.v1.SessionService/Challenge:0
[  420637ms] [INFO] INFO {context: Object} [Event: Session Init Started] {git_commit_hash: 9ed17066c95192873c6353c7f745d760f7641dce} @ http://localhost:3000/@fs/C:/Users/avone/OneDrive/Desktop/HokkOS/HookSwap/packages/utilities/src/logger/logger.ts:57
[  420637ms] [INFO] INFO {context: Object} Session init started @ http://localhost:3000/@fs/C:/Users/avone/OneDrive/Desktop/HokkOS/HookSwap/packages/utilities/src/logger/logger.ts:57
[  420766ms] [INFO] INFO {context: Object} [Event: Session Init Completed] {need_challenge: true, duration_ms: 129.59999999403954, git_commit_hash: 9ed17066c95192873c6353c7f745d760f7641dce} @ http://localhost:3000/@fs/C:/Users/avone/OneDrive/Desktop/HokkOS/HookSwap/packages/utilities/src/logger/logger.ts:57
[  420766ms] [INFO] INFO {context: Object} Session init completed {needChallenge: true, durationMs: 129.59999999403954} @ http://localhost:3000/@fs/C:/Users/avone/OneDrive/Desktop/HokkOS/HookSwap/packages/utilities/src/logger/logger.ts:57
[  420866ms] [ERROR] Failed to load resource: the server responded with a status of 400 () @ https://entry-gateway.backend-staging.api.uniswap.org/uniswap.platformservice.v1.SessionService/Challenge:0
[  420866ms] [WARNING] WARN {context: Object} Session init failed {tags: Object, extra: Object} @ http://localhost:3000/@fs/C:/Users/avone/OneDrive/Desktop/HokkOS/HookSwap/packages/utilities/src/logger/logger.ts:57
[  420866ms] [WARNING] WARN {context: Object} Session init failed {tags: Object, extra: Object} @ http://localhost:3000/@fs/C:/Users/avone/OneDrive/Desktop/HokkOS/HookSwap/packages/utilities/src/logger/logger.ts:57
[  420866ms] [WARNING] WARN {context: Object} Session init failed {tags: Object, extra: Object} @ http://localhost:3000/@fs/C:/Users/avone/OneDrive/Desktop/HokkOS/HookSwap/packages/utilities/src/logger/logger.ts:57
[  420867ms] [INFO] INFO {context: Object} [Event: Session Init Started] {git_commit_hash: 9ed17066c95192873c6353c7f745d760f7641dce} @ http://localhost:3000/@fs/C:/Users/avone/OneDrive/Desktop/HokkOS/HookSwap/packages/utilities/src/logger/logger.ts:57
[  420867ms] [INFO] INFO {context: Object} Session init started @ http://localhost:3000/@fs/C:/Users/avone/OneDrive/Desktop/HokkOS/HookSwap/packages/utilities/src/logger/logger.ts:57
[  420987ms] [INFO] INFO {context: Object} [Event: Session Init Completed] {need_challenge: true, duration_ms: 120.2999999821186, git_commit_hash: 9ed17066c95192873c6353c7f745d760f7641dce} @ http://localhost:3000/@fs/C:/Users/avone/OneDrive/Desktop/HokkOS/HookSwap/packages/utilities/src/logger/logger.ts:57
[  420987ms] [INFO] INFO {context: Object} Session init completed {needChallenge: true, durationMs: 120.2999999821186} @ http://localhost:3000/@fs/C:/Users/avone/OneDrive/Desktop/HokkOS/HookSwap/packages/utilities/src/logger/logger.ts:57
[  421090ms] [ERROR] Failed to load resource: the server responded with a status of 400 () @ https://entry-gateway.backend-staging.api.uniswap.org/uniswap.platformservice.v1.SessionService/Challenge:0
[  422094ms] [INFO] INFO {context: Object} [Event: Session Init Started] {git_commit_hash: 9ed17066c95192873c6353c7f745d760f7641dce} @ http://localhost:3000/@fs/C:/Users/avone/OneDrive/Desktop/HokkOS/HookSwap/packages/utilities/src/logger/logger.ts:57
[  422094ms] [INFO] INFO {context: Object} Session init started @ http://localhost:3000/@fs/C:/Users/avone/OneDrive/Desktop/HokkOS/HookSwap/packages/utilities/src/logger/logger.ts:57
[  422703ms] [INFO] INFO {context: Object} [Event: Session Init Completed] {need_challenge: true, duration_ms: 609.0999999940395, git_commit_hash: 9ed17066c95192873c6353c7f745d760f7641dce} @ http://localhost:3000/@fs/C:/Users/avone/OneDrive/Desktop/HokkOS/HookSwap/packages/utilities/src/logger/logger.ts:57
[  422703ms] [INFO] INFO {context: Object} Session init completed {needChallenge: true, durationMs: 609.0999999940395} @ http://localhost:3000/@fs/C:/Users/avone/OneDrive/Desktop/HokkOS/HookSwap/packages/utilities/src/logger/logger.ts:57
[  424272ms] [ERROR] Failed to load resource: the server responded with a status of 400 () @ https://entry-gateway.backend-staging.api.uniswap.org/uniswap.platformservice.v1.SessionService/Challenge:0
[  426284ms] [INFO] INFO {context: Object} [Event: Session Init Started] {git_commit_hash: 9ed17066c95192873c6353c7f745d760f7641dce} @ http://localhost:3000/@fs/C:/Users/avone/OneDrive/Desktop/HokkOS/HookSwap/packages/utilities/src/logger/logger.ts:57
[  426285ms] [INFO] INFO {context: Object} Session init started @ http://localhost:3000/@fs/C:/Users/avone/OneDrive/Desktop/HokkOS/HookSwap/packages/utilities/src/logger/logger.ts:57
[  426437ms] [INFO] INFO {context: Object} [Event: Session Init Completed] {need_challenge: true, duration_ms: 152.59999999403954, git_commit_hash: 9ed17066c95192873c6353c7f745d760f7641dce} @ http://localhost:3000/@fs/C:/Users/avone/OneDrive/Desktop/HokkOS/HookSwap/packages/utilities/src/logger/logger.ts:57
[  426437ms] [INFO] INFO {context: Object} Session init completed {needChallenge: true, durationMs: 152.59999999403954} @ http://localhost:3000/@fs/C:/Users/avone/OneDrive/Desktop/HokkOS/HookSwap/packages/utilities/src/logger/logger.ts:57
[  426672ms] [ERROR] Failed to load resource: the server responded with a status of 400 () @ https://entry-gateway.backend-staging.api.uniswap.org/uniswap.platformservice.v1.SessionService/Challenge:0
[  430680ms] [INFO] INFO {context: Object} [Event: Session Init Started] {git_commit_hash: 9ed17066c95192873c6353c7f745d760f7641dce} @ http://localhost:3000/@fs/C:/Users/avone/OneDrive/Desktop/HokkOS/HookSwap/packages/utilities/src/logger/logger.ts:57
[  430680ms] [INFO] INFO {context: Object} Session init started @ http://localhost:3000/@fs/C:/Users/avone/OneDrive/Desktop/HokkOS/HookSwap/packages/utilities/src/logger/logger.ts:57
[  430881ms] [WARNING] WARN {context: Object} Session ready timed out {tags: Object, extra: Object} @ http://localhost:3000/@fs/C:/Users/avone/OneDrive/Desktop/HokkOS/HookSwap/packages/utilities/src/logger/logger.ts:57
[  430881ms] [WARNING] WARN {context: Object} Session ready timed out {tags: Object, extra: Object} @ http://localhost:3000/@fs/C:/Users/avone/OneDrive/Desktop/HokkOS/HookSwap/packages/utilities/src/logger/logger.ts:57
[  430882ms] [WARNING] WARN {context: Object} Session ready timed out {tags: Object, extra: Object} @ http://localhost:3000/@fs/C:/Users/avone/OneDrive/Desktop/HokkOS/HookSwap/packages/utilities/src/logger/logger.ts:57
[  431086ms] [INFO] INFO {context: Object} [Event: Session Init Completed] {need_challenge: true, duration_ms: 406.59999999403954, git_commit_hash: 9ed17066c95192873c6353c7f745d760f7641dce} @ http://localhost:3000/@fs/C:/Users/avone/OneDrive/Desktop/HokkOS/HookSwap/packages/utilities/src/logger/logger.ts:57
[  431087ms] [INFO] INFO {context: Object} Session init completed {needChallenge: true, durationMs: 406.59999999403954} @ http://localhost:3000/@fs/C:/Users/avone/OneDrive/Desktop/HokkOS/HookSwap/packages/utilities/src/logger/logger.ts:57
[  431899ms] [ERROR] Failed to load resource: the server responded with a status of 400 () @ https://entry-gateway.backend-staging.api.uniswap.org/uniswap.platformservice.v1.SessionService/Challenge:0
[  431901ms] [WARNING] WARN {context: Object} Session init failed {tags: Object, extra: Object} @ http://localhost:3000/@fs/C:/Users/avone/OneDrive/Desktop/HokkOS/HookSwap/packages/utilities/src/logger/logger.ts:57
[  431901ms] [WARNING] WARN {context: Object} Session init failed {tags: Object, extra: Object} @ http://localhost:3000/@fs/C:/Users/avone/OneDrive/Desktop/HokkOS/HookSwap/packages/utilities/src/logger/logger.ts:57
[  431901ms] [WARNING] WARN {context: Object} Session init failed {tags: Object, extra: Object} @ http://localhost:3000/@fs/C:/Users/avone/OneDrive/Desktop/HokkOS/HookSwap/packages/utilities/src/logger/logger.ts:57
[  431901ms] [INFO] INFO {context: Object} [Event: Session Init Started] {git_commit_hash: 9ed17066c95192873c6353c7f745d760f7641dce} @ http://localhost:3000/@fs/C:/Users/avone/OneDrive/Desktop/HokkOS/HookSwap/packages/utilities/src/logger/logger.ts:57
[  431901ms] [INFO] INFO {context: Object} Session init started @ http://localhost:3000/@fs/C:/Users/avone/OneDrive/Desktop/HokkOS/HookSwap/packages/utilities/src/logger/logger.ts:57
[  432535ms] [INFO] INFO {context: Object} [Event: Session Init Completed] {need_challenge: true, duration_ms: 634.1000000238419, git_commit_hash: 9ed17066c95192873c6353c7f745d760f7641dce} @ http://localhost:3000/@fs/C:/Users/avone/OneDrive/Desktop/HokkOS/HookSwap/packages/utilities/src/logger/logger.ts:57
[  432535ms] [INFO] INFO {context: Object} Session init completed {needChallenge: true, durationMs: 634.1000000238419} @ http://localhost:3000/@fs/C:/Users/avone/OneDrive/Desktop/HokkOS/HookSwap/packages/utilities/src/logger/logger.ts:57
[  432670ms] [ERROR] Failed to load resource: the server responded with a status of 400 () @ https://entry-gateway.backend-staging.api.uniswap.org/uniswap.platformservice.v1.SessionService/Challenge:0
[  433683ms] [INFO] INFO {context: Object} [Event: Session Init Started] {git_commit_hash: 9ed17066c95192873c6353c7f745d760f7641dce} @ http://localhost:3000/@fs/C:/Users/avone/OneDrive/Desktop/HokkOS/HookSwap/packages/utilities/src/logger/logger.ts:57
[  433684ms] [INFO] INFO {context: Object} Session init started @ http://localhost:3000/@fs/C:/Users/avone/OneDrive/Desktop/HokkOS/HookSwap/packages/utilities/src/logger/logger.ts:57
[  433853ms] [INFO] INFO {context: Object} [Event: Session Init Completed] {need_challenge: true, duration_ms: 169.7999999821186, git_commit_hash: 9ed17066c95192873c6353c7f745d760f7641dce} @ http://localhost:3000/@fs/C:/Users/avone/OneDrive/Desktop/HokkOS/HookSwap/packages/utilities/src/logger/logger.ts:57
[  433853ms] [INFO] INFO {context: Object} Session init completed {needChallenge: true, durationMs: 169.7999999821186} @ http://localhost:3000/@fs/C:/Users/avone/OneDrive/Desktop/HokkOS/HookSwap/packages/utilities/src/logger/logger.ts:57
[  434011ms] [ERROR] Failed to load resource: the server responded with a status of 400 () @ https://entry-gateway.backend-staging.api.uniswap.org/uniswap.platformservice.v1.SessionService/Challenge:0
[  436020ms] [INFO] INFO {context: Object} [Event: Session Init Started] {git_commit_hash: 9ed17066c95192873c6353c7f745d760f7641dce} @ http://localhost:3000/@fs/C:/Users/avone/OneDrive/Desktop/HokkOS/HookSwap/packages/utilities/src/logger/logger.ts:57
[  436020ms] [INFO] INFO {context: Object} Session init started @ http://localhost:3000/@fs/C:/Users/avone/OneDrive/Desktop/HokkOS/HookSwap/packages/utilities/src/logger/logger.ts:57
[  436338ms] [INFO] INFO {context: Object} [Event: Session Init Completed] {need_challenge: true, duration_ms: 318.2000000178814, git_commit_hash: 9ed17066c95192873c6353c7f745d760f7641dce} @ http://localhost:3000/@fs/C:/Users/avone/OneDrive/Desktop/HokkOS/HookSwap/packages/utilities/src/logger/logger.ts:57
[  436338ms] [INFO] INFO {context: Object} Session init completed {needChallenge: true, durationMs: 318.2000000178814} @ http://localhost:3000/@fs/C:/Users/avone/OneDrive/Desktop/HokkOS/HookSwap/packages/utilities/src/logger/logger.ts:57
[  436473ms] [ERROR] Failed to load resource: the server responded with a status of 400 () @ https://entry-gateway.backend-staging.api.uniswap.org/uniswap.platformservice.v1.SessionService/Challenge:0
[  440482ms] [INFO] INFO {context: Object} [Event: Session Init Started] {git_commit_hash: 9ed17066c95192873c6353c7f745d760f7641dce} @ http://localhost:3000/@fs/C:/Users/avone/OneDrive/Desktop/HokkOS/HookSwap/packages/utilities/src/logger/logger.ts:57
[  440482ms] [INFO] INFO {context: Object} Session init started @ http://localhost:3000/@fs/C:/Users/avone/OneDrive/Desktop/HokkOS/HookSwap/packages/utilities/src/logger/logger.ts:57
[  440642ms] [INFO] INFO {context: Object} [Event: Session Init Completed] {need_challenge: true, duration_ms: 160.30000001192093, git_commit_hash: 9ed17066c95192873c6353c7f745d760f7641dce} @ http://localhost:3000/@fs/C:/Users/avone/OneDrive/Desktop/HokkOS/HookSwap/packages/utilities/src/logger/logger.ts:57
[  440642ms] [INFO] INFO {context: Object} Session init completed {needChallenge: true, durationMs: 160.30000001192093} @ http://localhost:3000/@fs/C:/Users/avone/OneDrive/Desktop/HokkOS/HookSwap/packages/utilities/src/logger/logger.ts:57
[  440816ms] [ERROR] Failed to load resource: the server responded with a status of 400 () @ https://entry-gateway.backend-staging.api.uniswap.org/uniswap.platformservice.v1.SessionService/Challenge:0
[  440816ms] [WARNING] WARN {context: Object} Session init failed {tags: Object, extra: Object} @ http://localhost:3000/@fs/C:/Users/avone/OneDrive/Desktop/HokkOS/HookSwap/packages/utilities/src/logger/logger.ts:57
[  440817ms] [WARNING] WARN {context: Object} Session init failed {tags: Object, extra: Object} @ http://localhost:3000/@fs/C:/Users/avone/OneDrive/Desktop/HokkOS/HookSwap/packages/utilities/src/logger/logger.ts:57
[  440817ms] [WARNING] WARN {context: Object} Session init failed {tags: Object, extra: Object} @ http://localhost:3000/@fs/C:/Users/avone/OneDrive/Desktop/HokkOS/HookSwap/packages/utilities/src/logger/logger.ts:57
[  440817ms] [WARNING] WARN {context: Object} Suppressed 28 RPC errors in previous 60s window {provider: unirpc, chainId: 1, methods: Object, errors: Object} @ http://localhost:3000/@fs/C:/Users/avone/OneDrive/Desktop/HokkOS/HookSwap/packages/utilities/src/logger/logger.ts:57
[  440817ms] [WARNING] WARN {context: Object} RPC error {method: net_version, chainId: 1, durationMs: 8915, provider: unirpc, transport: viem} @ http://localhost:3000/@fs/C:/Users/avone/OneDrive/Desktop/HokkOS/HookSwap/packages/utilities/src/logger/logger.ts:57
[  440817ms] [WARNING] WARN {context: Object} RPC error {method: eth_blockNumber, chainId: 1, durationMs: 8915, provider: unirpc, transport: viem} @ http://localhost:3000/@fs/C:/Users/avone/OneDrive/Desktop/HokkOS/HookSwap/packages/utilities/src/logger/logger.ts:57
[  440817ms] [WARNING] WARN {context: Object} RPC error {method: eth_chainId, chainId: 1, durationMs: 8914, provider: unirpc, transport: viem} @ http://localhost:3000/@fs/C:/Users/avone/OneDrive/Desktop/HokkOS/HookSwap/packages/utilities/src/logger/logger.ts:57
[  440817ms] [INFO] INFO {context: Object} [Event: Session Init Started] {git_commit_hash: 9ed17066c95192873c6353c7f745d760f7641dce} @ http://localhost:3000/@fs/C:/Users/avone/OneDrive/Desktop/HokkOS/HookSwap/packages/utilities/src/logger/logger.ts:57
[  440818ms] [INFO] INFO {context: Object} Session init started @ http://localhost:3000/@fs/C:/Users/avone/OneDrive/Desktop/HokkOS/HookSwap/packages/utilities/src/logger/logger.ts:57
[  440969ms] [INFO] INFO {context: Object} [Event: Session Init Completed] {need_challenge: true, duration_ms: 151.90000000596046, git_commit_hash: 9ed17066c95192873c6353c7f745d760f7641dce} @ http://localhost:3000/@fs/C:/Users/avone/OneDrive/Desktop/HokkOS/HookSwap/packages/utilities/src/logger/logger.ts:57
[  440970ms] [INFO] INFO {context: Object} Session init completed {needChallenge: true, durationMs: 151.90000000596046} @ http://localhost:3000/@fs/C:/Users/avone/OneDrive/Desktop/HokkOS/HookSwap/packages/utilities/src/logger/logger.ts:57
[  441109ms] [ERROR] Failed to load resource: the server responded with a status of 400 () @ https://entry-gateway.backend-staging.api.uniswap.org/uniswap.platformservice.v1.SessionService/Challenge:0
[  442110ms] [INFO] INFO {context: Object} [Event: Session Init Started] {git_commit_hash: 9ed17066c95192873c6353c7f745d760f7641dce} @ http://localhost:3000/@fs/C:/Users/avone/OneDrive/Desktop/HokkOS/HookSwap/packages/utilities/src/logger/logger.ts:57
[  442110ms] [INFO] INFO {context: Object} Session init started @ http://localhost:3000/@fs/C:/Users/avone/OneDrive/Desktop/HokkOS/HookSwap/packages/utilities/src/logger/logger.ts:57
[  442213ms] [INFO] INFO {context: Object} [Event: Session Init Completed] {need_challenge: true, duration_ms: 103.40000000596046, git_commit_hash: 9ed17066c95192873c6353c7f745d760f7641dce} @ http://localhost:3000/@fs/C:/Users/avone/OneDrive/Desktop/HokkOS/HookSwap/packages/utilities/src/logger/logger.ts:57
[  442214ms] [INFO] INFO {context: Object} Session init completed {needChallenge: true, durationMs: 103.40000000596046} @ http://localhost:3000/@fs/C:/Users/avone/OneDrive/Desktop/HokkOS/HookSwap/packages/utilities/src/logger/logger.ts:57
[  442338ms] [ERROR] Failed to load resource: the server responded with a status of 400 () @ https://entry-gateway.backend-staging.api.uniswap.org/uniswap.platformservice.v1.SessionService/Challenge:0
[  444352ms] [INFO] INFO {context: Object} [Event: Session Init Started] {git_commit_hash: 9ed17066c95192873c6353c7f745d760f7641dce} @ http://localhost:3000/@fs/C:/Users/avone/OneDrive/Desktop/HokkOS/HookSwap/packages/utilities/src/logger/logger.ts:57
[  444352ms] [INFO] INFO {context: Object} Session init started @ http://localhost:3000/@fs/C:/Users/avone/OneDrive/Desktop/HokkOS/HookSwap/packages/utilities/src/logger/logger.ts:57
[  444514ms] [INFO] INFO {context: Object} [Event: Session Init Completed] {need_challenge: true, duration_ms: 161.60000002384186, git_commit_hash: 9ed17066c95192873c6353c7f745d760f7641dce} @ http://localhost:3000/@fs/C:/Users/avone/OneDrive/Desktop/HokkOS/HookSwap/packages/utilities/src/logger/logger.ts:57
[  444514ms] [INFO] INFO {context: Object} Session init completed {needChallenge: true, durationMs: 161.60000002384186} @ http://localhost:3000/@fs/C:/Users/avone/OneDrive/Desktop/HokkOS/HookSwap/packages/utilities/src/logger/logger.ts:57
[  444613ms] [ERROR] Failed to load resource: the server responded with a status of 400 () @ https://entry-gateway.backend-staging.api.uniswap.org/uniswap.platformservice.v1.SessionService/Challenge:0
[  448617ms] [INFO] INFO {context: Object} [Event: Session Init Started] {git_commit_hash: 9ed17066c95192873c6353c7f745d760f7641dce} @ http://localhost:3000/@fs/C:/Users/avone/OneDrive/Desktop/HokkOS/HookSwap/packages/utilities/src/logger/logger.ts:57
[  448617ms] [INFO] INFO {context: Object} Session init started @ http://localhost:3000/@fs/C:/Users/avone/OneDrive/Desktop/HokkOS/HookSwap/packages/utilities/src/logger/logger.ts:57
[  448794ms] [INFO] INFO {context: Object} [Event: Session Init Completed] {need_challenge: true, duration_ms: 177.19999998807907, git_commit_hash: 9ed17066c95192873c6353c7f745d760f7641dce} @ http://localhost:3000/@fs/C:/Users/avone/OneDrive/Desktop/HokkOS/HookSwap/packages/utilities/src/logger/logger.ts:57
[  448794ms] [INFO] INFO {context: Object} Session init completed {needChallenge: true, durationMs: 177.19999998807907} @ http://localhost:3000/@fs/C:/Users/avone/OneDrive/Desktop/HokkOS/HookSwap/packages/utilities/src/logger/logger.ts:57
[  448942ms] [ERROR] Failed to load resource: the server responded with a status of 400 () @ https://entry-gateway.backend-staging.api.uniswap.org/uniswap.platformservice.v1.SessionService/Challenge:0
[  448943ms] [WARNING] WARN {context: Object} Session init failed {tags: Object, extra: Object} @ http://localhost:3000/@fs/C:/Users/avone/OneDrive/Desktop/HokkOS/HookSwap/packages/utilities/src/logger/logger.ts:57
[  448943ms] [WARNING] WARN {context: Object} Session init failed {tags: Object, extra: Object} @ http://localhost:3000/@fs/C:/Users/avone/OneDrive/Desktop/HokkOS/HookSwap/packages/utilities/src/logger/logger.ts:57
[  448943ms] [WARNING] WARN {context: Object} Session init failed {tags: Object, extra: Object} @ http://localhost:3000/@fs/C:/Users/avone/OneDrive/Desktop/HokkOS/HookSwap/packages/utilities/src/logger/logger.ts:57
[  448943ms] [WARNING] WARN {context: Object} RPC error {method: net_version, chainId: 1, durationMs: 8126, provider: unirpc, transport: viem} @ http://localhost:3000/@fs/C:/Users/avone/OneDrive/Desktop/HokkOS/HookSwap/packages/utilities/src/logger/logger.ts:57
[  448943ms] [WARNING] WARN {context: Object} RPC error {method: eth_blockNumber, chainId: 1, durationMs: 8125, provider: unirpc, transport: viem} @ http://localhost:3000/@fs/C:/Users/avone/OneDrive/Desktop/HokkOS/HookSwap/packages/utilities/src/logger/logger.ts:57
[  448944ms] [INFO] INFO {context: Object} [Event: Session Init Started] {git_commit_hash: 9ed17066c95192873c6353c7f745d760f7641dce} @ http://localhost:3000/@fs/C:/Users/avone/OneDrive/Desktop/HokkOS/HookSwap/packages/utilities/src/logger/logger.ts:57
[  448944ms] [INFO] INFO {context: Object} Session init started @ http://localhost:3000/@fs/C:/Users/avone/OneDrive/Desktop/HokkOS/HookSwap/packages/utilities/src/logger/logger.ts:57
[  449118ms] [INFO] INFO {context: Object} [Event: Session Init Completed] {need_challenge: true, duration_ms: 173.90000000596046, git_commit_hash: 9ed17066c95192873c6353c7f745d760f7641dce} @ http://localhost:3000/@fs/C:/Users/avone/OneDrive/Desktop/HokkOS/HookSwap/packages/utilities/src/logger/logger.ts:57
[  449118ms] [INFO] INFO {context: Object} Session init completed {needChallenge: true, durationMs: 173.90000000596046} @ http://localhost:3000/@fs/C:/Users/avone/OneDrive/Desktop/HokkOS/HookSwap/packages/utilities/src/logger/logger.ts:57
[  449282ms] [ERROR] Failed to load resource: the server responded with a status of 400 () @ https://entry-gateway.backend-staging.api.uniswap.org/uniswap.platformservice.v1.SessionService/Challenge:0
[  450284ms] [INFO] INFO {context: Object} [Event: Session Init Started] {git_commit_hash: 9ed17066c95192873c6353c7f745d760f7641dce} @ http://localhost:3000/@fs/C:/Users/avone/OneDrive/Desktop/HokkOS/HookSwap/packages/utilities/src/logger/logger.ts:57
[  450285ms] [INFO] INFO {context: Object} Session init started @ http://localhost:3000/@fs/C:/Users/avone/OneDrive/Desktop/HokkOS/HookSwap/packages/utilities/src/logger/logger.ts:57
[  450395ms] [INFO] INFO {context: Object} [Event: Session Init Completed] {need_challenge: true, duration_ms: 110.5, git_commit_hash: 9ed17066c95192873c6353c7f745d760f7641dce} @ http://localhost:3000/@fs/C:/Users/avone/OneDrive/Desktop/HokkOS/HookSwap/packages/utilities/src/logger/logger.ts:57
[  450395ms] [INFO] INFO {context: Object} Session init completed {needChallenge: true, durationMs: 110.5} @ http://localhost:3000/@fs/C:/Users/avone/OneDrive/Desktop/HokkOS/HookSwap/packages/utilities/src/logger/logger.ts:57
[  450652ms] [ERROR] Failed to load resource: the server responded with a status of 400 () @ https://entry-gateway.backend-staging.api.uniswap.org/uniswap.platformservice.v1.SessionService/Challenge:0
[  452665ms] [INFO] INFO {context: Object} [Event: Session Init Started] {git_commit_hash: 9ed17066c95192873c6353c7f745d760f7641dce} @ http://localhost:3000/@fs/C:/Users/avone/OneDrive/Desktop/HokkOS/HookSwap/packages/utilities/src/logger/logger.ts:57
[  452666ms] [INFO] INFO {context: Object} Session init started @ http://localhost:3000/@fs/C:/Users/avone/OneDrive/Desktop/HokkOS/HookSwap/packages/utilities/src/logger/logger.ts:57
[  452805ms] [INFO] INFO {context: Object} [Event: Session Init Completed] {need_challenge: true, duration_ms: 139.69999998807907, git_commit_hash: 9ed17066c95192873c6353c7f745d760f7641dce} @ http://localhost:3000/@fs/C:/Users/avone/OneDrive/Desktop/HokkOS/HookSwap/packages/utilities/src/logger/logger.ts:57
[  452805ms] [INFO] INFO {context: Object} Session init completed {needChallenge: true, durationMs: 139.69999998807907} @ http://localhost:3000/@fs/C:/Users/avone/OneDrive/Desktop/HokkOS/HookSwap/packages/utilities/src/logger/logger.ts:57
[  452900ms] [ERROR] Failed to load resource: the server responded with a status of 400 () @ https://entry-gateway.backend-staging.api.uniswap.org/uniswap.platformservice.v1.SessionService/Challenge:0
[  456911ms] [INFO] INFO {context: Object} [Event: Session Init Started] {git_commit_hash: 9ed17066c95192873c6353c7f745d760f7641dce} @ http://localhost:3000/@fs/C:/Users/avone/OneDrive/Desktop/HokkOS/HookSwap/packages/utilities/src/logger/logger.ts:57
[  456912ms] [INFO] INFO {context: Object} Session init started @ http://localhost:3000/@fs/C:/Users/avone/OneDrive/Desktop/HokkOS/HookSwap/packages/utilities/src/logger/logger.ts:57
[  457024ms] [INFO] INFO {context: Object} [Event: Session Init Completed] {need_challenge: true, duration_ms: 112.30000001192093, git_commit_hash: 9ed17066c95192873c6353c7f745d760f7641dce} @ http://localhost:3000/@fs/C:/Users/avone/OneDrive/Desktop/HokkOS/HookSwap/packages/utilities/src/logger/logger.ts:57
[  457024ms] [INFO] INFO {context: Object} Session init completed {needChallenge: true, durationMs: 112.30000001192093} @ http://localhost:3000/@fs/C:/Users/avone/OneDrive/Desktop/HokkOS/HookSwap/packages/utilities/src/logger/logger.ts:57
[  457146ms] [ERROR] Failed to load resource: the server responded with a status of 400 () @ https://entry-gateway.backend-staging.api.uniswap.org/uniswap.platformservice.v1.SessionService/Challenge:0
[  457147ms] [WARNING] WARN {context: Object} Session init failed {tags: Object, extra: Object} @ http://localhost:3000/@fs/C:/Users/avone/OneDrive/Desktop/HokkOS/HookSwap/packages/utilities/src/logger/logger.ts:57
[  457147ms] [WARNING] WARN {context: Object} Session init failed {tags: Object, extra: Object} @ http://localhost:3000/@fs/C:/Users/avone/OneDrive/Desktop/HokkOS/HookSwap/packages/utilities/src/logger/logger.ts:57
[  457147ms] [WARNING] WARN {context: Object} Session init failed {tags: Object, extra: Object} @ http://localhost:3000/@fs/C:/Users/avone/OneDrive/Desktop/HokkOS/HookSwap/packages/utilities/src/logger/logger.ts:57
[  457148ms] [INFO] INFO {context: Object} [Event: Session Init Started] {git_commit_hash: 9ed17066c95192873c6353c7f745d760f7641dce} @ http://localhost:3000/@fs/C:/Users/avone/OneDrive/Desktop/HokkOS/HookSwap/packages/utilities/src/logger/logger.ts:57
[  457148ms] [INFO] INFO {context: Object} Session init started @ http://localhost:3000/@fs/C:/Users/avone/OneDrive/Desktop/HokkOS/HookSwap/packages/utilities/src/logger/logger.ts:57
[  457373ms] [INFO] INFO {context: Object} [Event: Session Init Completed] {need_challenge: true, duration_ms: 225, git_commit_hash: 9ed17066c95192873c6353c7f745d760f7641dce} @ http://localhost:3000/@fs/C:/Users/avone/OneDrive/Desktop/HokkOS/HookSwap/packages/utilities/src/logger/logger.ts:57
[  457373ms] [INFO] INFO {context: Object} Session init completed {needChallenge: true, durationMs: 225} @ http://localhost:3000/@fs/C:/Users/avone/OneDrive/Desktop/HokkOS/HookSwap/packages/utilities/src/logger/logger.ts:57
[  457570ms] [ERROR] Failed to load resource: the server responded with a status of 400 () @ https://entry-gateway.backend-staging.api.uniswap.org/uniswap.platformservice.v1.SessionService/Challenge:0
[  458577ms] [INFO] INFO {context: Object} [Event: Session Init Started] {git_commit_hash: 9ed17066c95192873c6353c7f745d760f7641dce} @ http://localhost:3000/@fs/C:/Users/avone/OneDrive/Desktop/HokkOS/HookSwap/packages/utilities/src/logger/logger.ts:57
[  458578ms] [INFO] INFO {context: Object} Session init started @ http://localhost:3000/@fs/C:/Users/avone/OneDrive/Desktop/HokkOS/HookSwap/packages/utilities/src/logger/logger.ts:57
[  458750ms] [INFO] INFO {context: Object} [Event: Session Init Completed] {need_challenge: true, duration_ms: 173.2999999821186, git_commit_hash: 9ed17066c95192873c6353c7f745d760f7641dce} @ http://localhost:3000/@fs/C:/Users/avone/OneDrive/Desktop/HokkOS/HookSwap/packages/utilities/src/logger/logger.ts:57
[  458751ms] [INFO] INFO {context: Object} Session init completed {needChallenge: true, durationMs: 173.2999999821186} @ http://localhost:3000/@fs/C:/Users/avone/OneDrive/Desktop/HokkOS/HookSwap/packages/utilities/src/logger/logger.ts:57
[  459054ms] [ERROR] Failed to load resource: the server responded with a status of 400 () @ https://entry-gateway.backend-staging.api.uniswap.org/uniswap.platformservice.v1.SessionService/Challenge:0
[  461061ms] [INFO] INFO {context: Object} [Event: Session Init Started] {git_commit_hash: 9ed17066c95192873c6353c7f745d760f7641dce} @ http://localhost:3000/@fs/C:/Users/avone/OneDrive/Desktop/HokkOS/HookSwap/packages/utilities/src/logger/logger.ts:57
[  461061ms] [INFO] INFO {context: Object} Session init started @ http://localhost:3000/@fs/C:/Users/avone/OneDrive/Desktop/HokkOS/HookSwap/packages/utilities/src/logger/logger.ts:57
[  461239ms] [INFO] INFO {context: Object} [Event: Session Init Completed] {need_challenge: true, duration_ms: 177.90000000596046, git_commit_hash: 9ed17066c95192873c6353c7f745d760f7641dce} @ http://localhost:3000/@fs/C:/Users/avone/OneDrive/Desktop/HokkOS/HookSwap/packages/utilities/src/logger/logger.ts:57
[  461239ms] [INFO] INFO {context: Object} Session init completed {needChallenge: true, durationMs: 177.90000000596046} @ http://localhost:3000/@fs/C:/Users/avone/OneDrive/Desktop/HokkOS/HookSwap/packages/utilities/src/logger/logger.ts:57
[  461391ms] [ERROR] Failed to load resource: the server responded with a status of 400 () @ https://entry-gateway.backend-staging.api.uniswap.org/uniswap.platformservice.v1.SessionService/Challenge:0
[  465395ms] [INFO] INFO {context: Object} [Event: Session Init Started] {git_commit_hash: 9ed17066c95192873c6353c7f745d760f7641dce} @ http://localhost:3000/@fs/C:/Users/avone/OneDrive/Desktop/HokkOS/HookSwap/packages/utilities/src/logger/logger.ts:57
[  465395ms] [INFO] INFO {context: Object} Session init started @ http://localhost:3000/@fs/C:/Users/avone/OneDrive/Desktop/HokkOS/HookSwap/packages/utilities/src/logger/logger.ts:57
[  465510ms] [INFO] INFO {context: Object} [Event: Session Init Completed] {need_challenge: true, duration_ms: 115.59999999403954, git_commit_hash: 9ed17066c95192873c6353c7f745d760f7641dce} @ http://localhost:3000/@fs/C:/Users/avone/OneDrive/Desktop/HokkOS/HookSwap/packages/utilities/src/logger/logger.ts:57
[  465510ms] [INFO] INFO {context: Object} Session init completed {needChallenge: true, durationMs: 115.59999999403954} @ http://localhost:3000/@fs/C:/Users/avone/OneDrive/Desktop/HokkOS/HookSwap/packages/utilities/src/logger/logger.ts:57
[  465617ms] [ERROR] Failed to load resource: the server responded with a status of 400 () @ https://entry-gateway.backend-staging.api.uniswap.org/uniswap.platformservice.v1.SessionService/Challenge:0
[  465618ms] [WARNING] WARN {context: Object} Session init failed {tags: Object, extra: Object} @ http://localhost:3000/@fs/C:/Users/avone/OneDrive/Desktop/HokkOS/HookSwap/packages/utilities/src/logger/logger.ts:57
[  465618ms] [WARNING] WARN {context: Object} Session init failed {tags: Object, extra: Object} @ http://localhost:3000/@fs/C:/Users/avone/OneDrive/Desktop/HokkOS/HookSwap/packages/utilities/src/logger/logger.ts:57
[  465618ms] [WARNING] WARN {context: Object} Session init failed {tags: Object, extra: Object} @ http://localhost:3000/@fs/C:/Users/avone/OneDrive/Desktop/HokkOS/HookSwap/packages/utilities/src/logger/logger.ts:57
[  465619ms] [INFO] INFO {context: Object} [Event: Session Init Started] {git_commit_hash: 9ed17066c95192873c6353c7f745d760f7641dce} @ http://localhost:3000/@fs/C:/Users/avone/OneDrive/Desktop/HokkOS/HookSwap/packages/utilities/src/logger/logger.ts:57
[  465619ms] [INFO] INFO {context: Object} Session init started @ http://localhost:3000/@fs/C:/Users/avone/OneDrive/Desktop/HokkOS/HookSwap/packages/utilities/src/logger/logger.ts:57
[  465732ms] [INFO] INFO {context: Object} [Event: Session Init Completed] {need_challenge: true, duration_ms: 113.5, git_commit_hash: 9ed17066c95192873c6353c7f745d760f7641dce} @ http://localhost:3000/@fs/C:/Users/avone/OneDrive/Desktop/HokkOS/HookSwap/packages/utilities/src/logger/logger.ts:57
[  465732ms] [INFO] INFO {context: Object} Session init completed {needChallenge: true, durationMs: 113.5} @ http://localhost:3000/@fs/C:/Users/avone/OneDrive/Desktop/HokkOS/HookSwap/packages/utilities/src/logger/logger.ts:57
[  465832ms] [ERROR] Failed to load resource: the server responded with a status of 400 () @ https://entry-gateway.backend-staging.api.uniswap.org/uniswap.platformservice.v1.SessionService/Challenge:0
[  466843ms] [INFO] INFO {context: Object} [Event: Session Init Started] {git_commit_hash: 9ed17066c95192873c6353c7f745d760f7641dce} @ http://localhost:3000/@fs/C:/Users/avone/OneDrive/Desktop/HokkOS/HookSwap/packages/utilities/src/logger/logger.ts:57
[  466843ms] [INFO] INFO {context: Object} Session init started @ http://localhost:3000/@fs/C:/Users/avone/OneDrive/Desktop/HokkOS/HookSwap/packages/utilities/src/logger/logger.ts:57
[  468596ms] [INFO] INFO {context: Object} [Event: Session Init Completed] {need_challenge: true, duration_ms: 1753.1000000238419, git_commit_hash: 9ed17066c95192873c6353c7f745d760f7641dce} @ http://localhost:3000/@fs/C:/Users/avone/OneDrive/Desktop/HokkOS/HookSwap/packages/utilities/src/logger/logger.ts:57
[  468596ms] [INFO] INFO {context: Object} Session init completed {needChallenge: true, durationMs: 1753.1000000238419} @ http://localhost:3000/@fs/C:/Users/avone/OneDrive/Desktop/HokkOS/HookSwap/packages/utilities/src/logger/logger.ts:57
[  468711ms] [ERROR] Failed to load resource: the server responded with a status of 400 () @ https://entry-gateway.backend-staging.api.uniswap.org/uniswap.platformservice.v1.SessionService/Challenge:0
[  470717ms] [INFO] INFO {context: Object} [Event: Session Init Started] {git_commit_hash: 9ed17066c95192873c6353c7f745d760f7641dce} @ http://localhost:3000/@fs/C:/Users/avone/OneDrive/Desktop/HokkOS/HookSwap/packages/utilities/src/logger/logger.ts:57
[  470718ms] [INFO] INFO {context: Object} Session init started @ http://localhost:3000/@fs/C:/Users/avone/OneDrive/Desktop/HokkOS/HookSwap/packages/utilities/src/logger/logger.ts:57
[  472714ms] [INFO] INFO {context: Object} [Event: Session Init Completed] {need_challenge: true, duration_ms: 1997.1000000238419, git_commit_hash: 9ed17066c95192873c6353c7f745d760f7641dce} @ http://localhost:3000/@fs/C:/Users/avone/OneDrive/Desktop/HokkOS/HookSwap/packages/utilities/src/logger/logger.ts:57
[  472714ms] [INFO] INFO {context: Object} Session init completed {needChallenge: true, durationMs: 1997.1000000238419} @ http://localhost:3000/@fs/C:/Users/avone/OneDrive/Desktop/HokkOS/HookSwap/packages/utilities/src/logger/logger.ts:57
[  472820ms] [ERROR] Failed to load resource: the server responded with a status of 400 () @ https://entry-gateway.backend-staging.api.uniswap.org/uniswap.platformservice.v1.SessionService/Challenge:0
[  475624ms] [WARNING] WARN {context: Object} Session ready timed out {tags: Object, extra: Object} @ http://localhost:3000/@fs/C:/Users/avone/OneDrive/Desktop/HokkOS/HookSwap/packages/utilities/src/logger/logger.ts:57
[  475625ms] [WARNING] WARN {context: Object} Session ready timed out {tags: Object, extra: Object} @ http://localhost:3000/@fs/C:/Users/avone/OneDrive/Desktop/HokkOS/HookSwap/packages/utilities/src/logger/logger.ts:57
[  475626ms] [WARNING] WARN {context: Object} Session ready timed out {tags: Object, extra: Object} @ http://localhost:3000/@fs/C:/Users/avone/OneDrive/Desktop/HokkOS/HookSwap/packages/utilities/src/logger/logger.ts:57
[  476824ms] [INFO] INFO {context: Object} [Event: Session Init Started] {git_commit_hash: 9ed17066c95192873c6353c7f745d760f7641dce} @ http://localhost:3000/@fs/C:/Users/avone/OneDrive/Desktop/HokkOS/HookSwap/packages/utilities/src/logger/logger.ts:57
[  476824ms] [INFO] INFO {context: Object} Session init started @ http://localhost:3000/@fs/C:/Users/avone/OneDrive/Desktop/HokkOS/HookSwap/packages/utilities/src/logger/logger.ts:57
[  476999ms] [INFO] INFO {context: Object} [Event: Session Init Completed] {need_challenge: true, duration_ms: 174.90000000596046, git_commit_hash: 9ed17066c95192873c6353c7f745d760f7641dce} @ http://localhost:3000/@fs/C:/Users/avone/OneDrive/Desktop/HokkOS/HookSwap/packages/utilities/src/logger/logger.ts:57
[  476999ms] [INFO] INFO {context: Object} Session init completed {needChallenge: true, durationMs: 174.90000000596046} @ http://localhost:3000/@fs/C:/Users/avone/OneDrive/Desktop/HokkOS/HookSwap/packages/utilities/src/logger/logger.ts:57
[  477166ms] [ERROR] Failed to load resource: the server responded with a status of 400 () @ https://entry-gateway.backend-staging.api.uniswap.org/uniswap.platformservice.v1.SessionService/Challenge:0
[  477167ms] [WARNING] WARN {context: Object} Session init failed {tags: Object, extra: Object} @ http://localhost:3000/@fs/C:/Users/avone/OneDrive/Desktop/HokkOS/HookSwap/packages/utilities/src/logger/logger.ts:57
[  477167ms] [WARNING] WARN {context: Object} Session init failed {tags: Object, extra: Object} @ http://localhost:3000/@fs/C:/Users/avone/OneDrive/Desktop/HokkOS/HookSwap/packages/utilities/src/logger/logger.ts:57
[  477167ms] [WARNING] WARN {context: Object} Session init failed {tags: Object, extra: Object} @ http://localhost:3000/@fs/C:/Users/avone/OneDrive/Desktop/HokkOS/HookSwap/packages/utilities/src/logger/logger.ts:57
[  477168ms] [INFO] INFO {context: Object} [Event: Session Init Started] {git_commit_hash: 9ed17066c95192873c6353c7f745d760f7641dce} @ http://localhost:3000/@fs/C:/Users/avone/OneDrive/Desktop/HokkOS/HookSwap/packages/utilities/src/logger/logger.ts:57
[  477168ms] [INFO] INFO {context: Object} Session init started @ http://localhost:3000/@fs/C:/Users/avone/OneDrive/Desktop/HokkOS/HookSwap/packages/utilities/src/logger/logger.ts:57
[  477348ms] [INFO] INFO {context: Object} [Event: Session Init Completed] {need_challenge: true, duration_ms: 179.90000000596046, git_commit_hash: 9ed17066c95192873c6353c7f745d760f7641dce} @ http://localhost:3000/@fs/C:/Users/avone/OneDrive/Desktop/HokkOS/HookSwap/packages/utilities/src/logger/logger.ts:57
[  477348ms] [INFO] INFO {context: Object} Session init completed {needChallenge: true, durationMs: 179.90000000596046} @ http://localhost:3000/@fs/C:/Users/avone/OneDrive/Desktop/HokkOS/HookSwap/packages/utilities/src/logger/logger.ts:57
[  477515ms] [ERROR] Failed to load resource: the server responded with a status of 400 () @ https://entry-gateway.backend-staging.api.uniswap.org/uniswap.platformservice.v1.SessionService/Challenge:0
[  478517ms] [INFO] INFO {context: Object} [Event: Session Init Started] {git_commit_hash: 9ed17066c95192873c6353c7f745d760f7641dce} @ http://localhost:3000/@fs/C:/Users/avone/OneDrive/Desktop/HokkOS/HookSwap/packages/utilities/src/logger/logger.ts:57
[  478518ms] [INFO] INFO {context: Object} Session init started @ http://localhost:3000/@fs/C:/Users/avone/OneDrive/Desktop/HokkOS/HookSwap/packages/utilities/src/logger/logger.ts:57
[  478775ms] [INFO] INFO {context: Object} [Event: Session Init Completed] {need_challenge: true, duration_ms: 257.69999998807907, git_commit_hash: 9ed17066c95192873c6353c7f745d760f7641dce} @ http://localhost:3000/@fs/C:/Users/avone/OneDrive/Desktop/HokkOS/HookSwap/packages/utilities/src/logger/logger.ts:57
[  478775ms] [INFO] INFO {context: Object} Session init completed {needChallenge: true, durationMs: 257.69999998807907} @ http://localhost:3000/@fs/C:/Users/avone/OneDrive/Desktop/HokkOS/HookSwap/packages/utilities/src/logger/logger.ts:57
[  480194ms] [ERROR] Failed to load resource: the server responded with a status of 400 () @ https://entry-gateway.backend-staging.api.uniswap.org/uniswap.platformservice.v1.SessionService/Challenge:0
[  482195ms] [INFO] INFO {context: Object} [Event: Session Init Started] {git_commit_hash: 9ed17066c95192873c6353c7f745d760f7641dce} @ http://localhost:3000/@fs/C:/Users/avone/OneDrive/Desktop/HokkOS/HookSwap/packages/utilities/src/logger/logger.ts:57
[  482196ms] [INFO] INFO {context: Object} Session init started @ http://localhost:3000/@fs/C:/Users/avone/OneDrive/Desktop/HokkOS/HookSwap/packages/utilities/src/logger/logger.ts:57
[  482313ms] [INFO] INFO {context: Object} [Event: Session Init Completed] {need_challenge: true, duration_ms: 117.90000000596046, git_commit_hash: 9ed17066c95192873c6353c7f745d760f7641dce} @ http://localhost:3000/@fs/C:/Users/avone/OneDrive/Desktop/HokkOS/HookSwap/packages/utilities/src/logger/logger.ts:57
[  482313ms] [INFO] INFO {context: Object} Session init completed {needChallenge: true, durationMs: 117.90000000596046} @ http://localhost:3000/@fs/C:/Users/avone/OneDrive/Desktop/HokkOS/HookSwap/packages/utilities/src/logger/logger.ts:57
[  482420ms] [ERROR] Failed to load resource: the server responded with a status of 400 () @ https://entry-gateway.backend-staging.api.uniswap.org/uniswap.platformservice.v1.SessionService/Challenge:0
[  486432ms] [INFO] INFO {context: Object} [Event: Session Init Started] {git_commit_hash: 9ed17066c95192873c6353c7f745d760f7641dce} @ http://localhost:3000/@fs/C:/Users/avone/OneDrive/Desktop/HokkOS/HookSwap/packages/utilities/src/logger/logger.ts:57
[  486433ms] [INFO] INFO {context: Object} Session init started @ http://localhost:3000/@fs/C:/Users/avone/OneDrive/Desktop/HokkOS/HookSwap/packages/utilities/src/logger/logger.ts:57
[  486541ms] [INFO] INFO {context: Object} [Event: Session Init Completed] {need_challenge: true, duration_ms: 109.09999999403954, git_commit_hash: 9ed17066c95192873c6353c7f745d760f7641dce} @ http://localhost:3000/@fs/C:/Users/avone/OneDrive/Desktop/HokkOS/HookSwap/packages/utilities/src/logger/logger.ts:57
[  486542ms] [INFO] INFO {context: Object} Session init completed {needChallenge: true, durationMs: 109.09999999403954} @ http://localhost:3000/@fs/C:/Users/avone/OneDrive/Desktop/HokkOS/HookSwap/packages/utilities/src/logger/logger.ts:57
[  486831ms] [ERROR] Failed to load resource: the server responded with a status of 400 () @ https://entry-gateway.backend-staging.api.uniswap.org/uniswap.platformservice.v1.SessionService/Challenge:0
[  486832ms] [WARNING] WARN {context: Object} Session init failed {tags: Object, extra: Object} @ http://localhost:3000/@fs/C:/Users/avone/OneDrive/Desktop/HokkOS/HookSwap/packages/utilities/src/logger/logger.ts:57
[  486832ms] [WARNING] WARN {context: Object} Session init failed {tags: Object, extra: Object} @ http://localhost:3000/@fs/C:/Users/avone/OneDrive/Desktop/HokkOS/HookSwap/packages/utilities/src/logger/logger.ts:57
[  486832ms] [WARNING] WARN {context: Object} Session init failed {tags: Object, extra: Object} @ http://localhost:3000/@fs/C:/Users/avone/OneDrive/Desktop/HokkOS/HookSwap/packages/utilities/src/logger/logger.ts:57
[  486832ms] [INFO] INFO {context: Object} [Event: Session Init Started] {git_commit_hash: 9ed17066c95192873c6353c7f745d760f7641dce} @ http://localhost:3000/@fs/C:/Users/avone/OneDrive/Desktop/HokkOS/HookSwap/packages/utilities/src/logger/logger.ts:57
[  486833ms] [INFO] INFO {context: Object} Session init started @ http://localhost:3000/@fs/C:/Users/avone/OneDrive/Desktop/HokkOS/HookSwap/packages/utilities/src/logger/logger.ts:57
[  487234ms] [INFO] INFO {context: Object} [Event: Session Init Completed] {need_challenge: true, duration_ms: 401.5, git_commit_hash: 9ed17066c95192873c6353c7f745d760f7641dce} @ http://localhost:3000/@fs/C:/Users/avone/OneDrive/Desktop/HokkOS/HookSwap/packages/utilities/src/logger/logger.ts:57
[  487234ms] [INFO] INFO {context: Object} Session init completed {needChallenge: true, durationMs: 401.5} @ http://localhost:3000/@fs/C:/Users/avone/OneDrive/Desktop/HokkOS/HookSwap/packages/utilities/src/logger/logger.ts:57
[  489430ms] [ERROR] Failed to load resource: the server responded with a status of 400 () @ https://entry-gateway.backend-staging.api.uniswap.org/uniswap.platformservice.v1.SessionService/Challenge:0
[  490447ms] [INFO] INFO {context: Object} [Event: Session Init Started] {git_commit_hash: 9ed17066c95192873c6353c7f745d760f7641dce} @ http://localhost:3000/@fs/C:/Users/avone/OneDrive/Desktop/HokkOS/HookSwap/packages/utilities/src/logger/logger.ts:57
[  490447ms] [INFO] INFO {context: Object} Session init started @ http://localhost:3000/@fs/C:/Users/avone/OneDrive/Desktop/HokkOS/HookSwap/packages/utilities/src/logger/logger.ts:57
[  490571ms] [INFO] INFO {context: Object} [Event: Session Init Completed] {need_challenge: true, duration_ms: 124.30000001192093, git_commit_hash: 9ed17066c95192873c6353c7f745d760f7641dce} @ http://localhost:3000/@fs/C:/Users/avone/OneDrive/Desktop/HokkOS/HookSwap/packages/utilities/src/logger/logger.ts:57
[  490571ms] [INFO] INFO {context: Object} Session init completed {needChallenge: true, durationMs: 124.30000001192093} @ http://localhost:3000/@fs/C:/Users/avone/OneDrive/Desktop/HokkOS/HookSwap/packages/utilities/src/logger/logger.ts:57
[  490757ms] [ERROR] Failed to load resource: the server responded with a status of 400 () @ https://entry-gateway.backend-staging.api.uniswap.org/uniswap.platformservice.v1.SessionService/Challenge:0
[  492760ms] [INFO] INFO {context: Object} [Event: Session Init Started] {git_commit_hash: 9ed17066c95192873c6353c7f745d760f7641dce} @ http://localhost:3000/@fs/C:/Users/avone/OneDrive/Desktop/HokkOS/HookSwap/packages/utilities/src/logger/logger.ts:57
[  492761ms] [INFO] INFO {context: Object} Session init started @ http://localhost:3000/@fs/C:/Users/avone/OneDrive/Desktop/HokkOS/HookSwap/packages/utilities/src/logger/logger.ts:57
[  493189ms] [INFO] INFO {context: Object} [Event: Session Init Completed] {need_challenge: true, duration_ms: 428.30000001192093, git_commit_hash: 9ed17066c95192873c6353c7f745d760f7641dce} @ http://localhost:3000/@fs/C:/Users/avone/OneDrive/Desktop/HokkOS/HookSwap/packages/utilities/src/logger/logger.ts:57
[  493189ms] [INFO] INFO {context: Object} Session init completed {needChallenge: true, durationMs: 428.30000001192093} @ http://localhost:3000/@fs/C:/Users/avone/OneDrive/Desktop/HokkOS/HookSwap/packages/utilities/src/logger/logger.ts:57
[  493299ms] [ERROR] Failed to load resource: the server responded with a status of 400 () @ https://entry-gateway.backend-staging.api.uniswap.org/uniswap.platformservice.v1.SessionService/Challenge:0
[  496836ms] [WARNING] WARN {context: Object} Session ready timed out {tags: Object, extra: Object} @ http://localhost:3000/@fs/C:/Users/avone/OneDrive/Desktop/HokkOS/HookSwap/packages/utilities/src/logger/logger.ts:57
[  496836ms] [WARNING] WARN {context: Object} Session ready timed out {tags: Object, extra: Object} @ http://localhost:3000/@fs/C:/Users/avone/OneDrive/Desktop/HokkOS/HookSwap/packages/utilities/src/logger/logger.ts:57
[  496837ms] [WARNING] WARN {context: Object} Session ready timed out {tags: Object, extra: Object} @ http://localhost:3000/@fs/C:/Users/avone/OneDrive/Desktop/HokkOS/HookSwap/packages/utilities/src/logger/logger.ts:57
[  497316ms] [INFO] INFO {context: Object} [Event: Session Init Started] {git_commit_hash: 9ed17066c95192873c6353c7f745d760f7641dce} @ http://localhost:3000/@fs/C:/Users/avone/OneDrive/Desktop/HokkOS/HookSwap/packages/utilities/src/logger/logger.ts:57
[  497317ms] [INFO] INFO {context: Object} Session init started @ http://localhost:3000/@fs/C:/Users/avone/OneDrive/Desktop/HokkOS/HookSwap/packages/utilities/src/logger/logger.ts:57
[  497446ms] [INFO] INFO {context: Object} [Event: Session Init Completed] {need_challenge: true, duration_ms: 130.5, git_commit_hash: 9ed17066c95192873c6353c7f745d760f7641dce} @ http://localhost:3000/@fs/C:/Users/avone/OneDrive/Desktop/HokkOS/HookSwap/packages/utilities/src/logger/logger.ts:57
[  497447ms] [INFO] INFO {context: Object} Session init completed {needChallenge: true, durationMs: 130.5} @ http://localhost:3000/@fs/C:/Users/avone/OneDrive/Desktop/HokkOS/HookSwap/packages/utilities/src/logger/logger.ts:57
[  497566ms] [ERROR] Failed to load resource: the server responded with a status of 400 () @ https://entry-gateway.backend-staging.api.uniswap.org/uniswap.platformservice.v1.SessionService/Challenge:0
[  497567ms] [WARNING] WARN {context: Object} Session init failed {tags: Object, extra: Object} @ http://localhost:3000/@fs/C:/Users/avone/OneDrive/Desktop/HokkOS/HookSwap/packages/utilities/src/logger/logger.ts:57
[  497567ms] [WARNING] WARN {context: Object} Session init failed {tags: Object, extra: Object} @ http://localhost:3000/@fs/C:/Users/avone/OneDrive/Desktop/HokkOS/HookSwap/packages/utilities/src/logger/logger.ts:57
[  497567ms] [WARNING] WARN {context: Object} Session init failed {tags: Object, extra: Object} @ http://localhost:3000/@fs/C:/Users/avone/OneDrive/Desktop/HokkOS/HookSwap/packages/utilities/src/logger/logger.ts:57
[  497567ms] [INFO] INFO {context: Object} [Event: Session Init Started] {git_commit_hash: 9ed17066c95192873c6353c7f745d760f7641dce} @ http://localhost:3000/@fs/C:/Users/avone/OneDrive/Desktop/HokkOS/HookSwap/packages/utilities/src/logger/logger.ts:57
[  497568ms] [INFO] INFO {context: Object} Session init started @ http://localhost:3000/@fs/C:/Users/avone/OneDrive/Desktop/HokkOS/HookSwap/packages/utilities/src/logger/logger.ts:57
[  497693ms] [INFO] INFO {context: Object} [Event: Session Init Completed] {need_challenge: true, duration_ms: 126, git_commit_hash: 9ed17066c95192873c6353c7f745d760f7641dce} @ http://localhost:3000/@fs/C:/Users/avone/OneDrive/Desktop/HokkOS/HookSwap/packages/utilities/src/logger/logger.ts:57
[  497694ms] [INFO] INFO {context: Object} Session init completed {needChallenge: true, durationMs: 126} @ http://localhost:3000/@fs/C:/Users/avone/OneDrive/Desktop/HokkOS/HookSwap/packages/utilities/src/logger/logger.ts:57
[  497806ms] [ERROR] Failed to load resource: the server responded with a status of 400 () @ https://entry-gateway.backend-staging.api.uniswap.org/uniswap.platformservice.v1.SessionService/Challenge:0
[  498810ms] [INFO] INFO {context: Object} [Event: Session Init Started] {git_commit_hash: 9ed17066c95192873c6353c7f745d760f7641dce} @ http://localhost:3000/@fs/C:/Users/avone/OneDrive/Desktop/HokkOS/HookSwap/packages/utilities/src/logger/logger.ts:57
[  498811ms] [INFO] INFO {context: Object} Session init started @ http://localhost:3000/@fs/C:/Users/avone/OneDrive/Desktop/HokkOS/HookSwap/packages/utilities/src/logger/logger.ts:57
[  499125ms] [INFO] INFO {context: Object} [Event: Session Init Completed] {need_challenge: true, duration_ms: 315, git_commit_hash: 9ed17066c95192873c6353c7f745d760f7641dce} @ http://localhost:3000/@fs/C:/Users/avone/OneDrive/Desktop/HokkOS/HookSwap/packages/utilities/src/logger/logger.ts:57
[  499126ms] [INFO] INFO {context: Object} Session init completed {needChallenge: true, durationMs: 315} @ http://localhost:3000/@fs/C:/Users/avone/OneDrive/Desktop/HokkOS/HookSwap/packages/utilities/src/logger/logger.ts:57
[  499267ms] [ERROR] Failed to load resource: the server responded with a status of 400 () @ https://entry-gateway.backend-staging.api.uniswap.org/uniswap.platformservice.v1.SessionService/Challenge:0
[  501270ms] [INFO] INFO {context: Object} [Event: Session Init Started] {git_commit_hash: 9ed17066c95192873c6353c7f745d760f7641dce} @ http://localhost:3000/@fs/C:/Users/avone/OneDrive/Desktop/HokkOS/HookSwap/packages/utilities/src/logger/logger.ts:57
[  501271ms] [INFO] INFO {context: Object} Session init started @ http://localhost:3000/@fs/C:/Users/avone/OneDrive/Desktop/HokkOS/HookSwap/packages/utilities/src/logger/logger.ts:57
[  501466ms] [INFO] INFO {context: Object} [Event: Session Init Completed] {need_challenge: true, duration_ms: 195.2000000178814, git_commit_hash: 9ed17066c95192873c6353c7f745d760f7641dce} @ http://localhost:3000/@fs/C:/Users/avone/OneDrive/Desktop/HokkOS/HookSwap/packages/utilities/src/logger/logger.ts:57
[  501466ms] [INFO] INFO {context: Object} Session init completed {needChallenge: true, durationMs: 195.2000000178814} @ http://localhost:3000/@fs/C:/Users/avone/OneDrive/Desktop/HokkOS/HookSwap/packages/utilities/src/logger/logger.ts:57
[  501642ms] [ERROR] Failed to load resource: the server responded with a status of 400 () @ https://entry-gateway.backend-staging.api.uniswap.org/uniswap.platformservice.v1.SessionService/Challenge:0
[  505651ms] [INFO] INFO {context: Object} [Event: Session Init Started] {git_commit_hash: 9ed17066c95192873c6353c7f745d760f7641dce} @ http://localhost:3000/@fs/C:/Users/avone/OneDrive/Desktop/HokkOS/HookSwap/packages/utilities/src/logger/logger.ts:57
[  505652ms] [INFO] INFO {context: Object} Session init started @ http://localhost:3000/@fs/C:/Users/avone/OneDrive/Desktop/HokkOS/HookSwap/packages/utilities/src/logger/logger.ts:57
[  505825ms] [INFO] INFO {context: Object} [Event: Session Init Completed] {need_challenge: true, duration_ms: 174.19999998807907, git_commit_hash: 9ed17066c95192873c6353c7f745d760f7641dce} @ http://localhost:3000/@fs/C:/Users/avone/OneDrive/Desktop/HokkOS/HookSwap/packages/utilities/src/logger/logger.ts:57
[  505826ms] [INFO] INFO {context: Object} Session init completed {needChallenge: true, durationMs: 174.19999998807907} @ http://localhost:3000/@fs/C:/Users/avone/OneDrive/Desktop/HokkOS/HookSwap/packages/utilities/src/logger/logger.ts:57
[  505997ms] [ERROR] Failed to load resource: the server responded with a status of 400 () @ https://entry-gateway.backend-staging.api.uniswap.org/uniswap.platformservice.v1.SessionService/Challenge:0
[  505997ms] [WARNING] WARN {context: Object} Session init failed {tags: Object, extra: Object} @ http://localhost:3000/@fs/C:/Users/avone/OneDrive/Desktop/HokkOS/HookSwap/packages/utilities/src/logger/logger.ts:57
[  505997ms] [WARNING] WARN {context: Object} Session init failed {tags: Object, extra: Object} @ http://localhost:3000/@fs/C:/Users/avone/OneDrive/Desktop/HokkOS/HookSwap/packages/utilities/src/logger/logger.ts:57
[  505997ms] [WARNING] WARN {context: Object} Session init failed {tags: Object, extra: Object} @ http://localhost:3000/@fs/C:/Users/avone/OneDrive/Desktop/HokkOS/HookSwap/packages/utilities/src/logger/logger.ts:57
[  505998ms] [WARNING] WARN {context: Object} Suppressed 22 RPC errors in previous 60s window {provider: unirpc, chainId: 1, methods: Object, errors: Object} @ http://localhost:3000/@fs/C:/Users/avone/OneDrive/Desktop/HokkOS/HookSwap/packages/utilities/src/logger/logger.ts:57
[  505998ms] [WARNING] WARN {context: Object} RPC error {method: net_version, chainId: 1, durationMs: 8430, provider: unirpc, transport: viem} @ http://localhost:3000/@fs/C:/Users/avone/OneDrive/Desktop/HokkOS/HookSwap/packages/utilities/src/logger/logger.ts:57
[  505998ms] [WARNING] WARN {context: Object} RPC error {method: eth_blockNumber, chainId: 1, durationMs: 8429, provider: unirpc, transport: viem} @ http://localhost:3000/@fs/C:/Users/avone/OneDrive/Desktop/HokkOS/HookSwap/packages/utilities/src/logger/logger.ts:57
[  505998ms] [WARNING] WARN {context: Object} RPC error {method: eth_chainId, chainId: 1, durationMs: 8428, provider: unirpc, transport: viem} @ http://localhost:3000/@fs/C:/Users/avone/OneDrive/Desktop/HokkOS/HookSwap/packages/utilities/src/logger/logger.ts:57
[  505998ms] [INFO] INFO {context: Object} [Event: Session Init Started] {git_commit_hash: 9ed17066c95192873c6353c7f745d760f7641dce} @ http://localhost:3000/@fs/C:/Users/avone/OneDrive/Desktop/HokkOS/HookSwap/packages/utilities/src/logger/logger.ts:57
[  505998ms] [INFO] INFO {context: Object} Session init started @ http://localhost:3000/@fs/C:/Users/avone/OneDrive/Desktop/HokkOS/HookSwap/packages/utilities/src/logger/logger.ts:57
[  506185ms] [INFO] INFO {context: Object} [Event: Session Init Completed] {need_challenge: true, duration_ms: 186.30000001192093, git_commit_hash: 9ed17066c95192873c6353c7f745d760f7641dce} @ http://localhost:3000/@fs/C:/Users/avone/OneDrive/Desktop/HokkOS/HookSwap/packages/utilities/src/logger/logger.ts:57
[  506185ms] [INFO] INFO {context: Object} Session init completed {needChallenge: true, durationMs: 186.30000001192093} @ http://localhost:3000/@fs/C:/Users/avone/OneDrive/Desktop/HokkOS/HookSwap/packages/utilities/src/logger/logger.ts:57
[  506367ms] [ERROR] Failed to load resource: the server responded with a status of 400 () @ https://entry-gateway.backend-staging.api.uniswap.org/uniswap.platformservice.v1.SessionService/Challenge:0
[  507381ms] [INFO] INFO {context: Object} [Event: Session Init Started] {git_commit_hash: 9ed17066c95192873c6353c7f745d760f7641dce} @ http://localhost:3000/@fs/C:/Users/avone/OneDrive/Desktop/HokkOS/HookSwap/packages/utilities/src/logger/logger.ts:57
[  507382ms] [INFO] INFO {context: Object} Session init started @ http://localhost:3000/@fs/C:/Users/avone/OneDrive/Desktop/HokkOS/HookSwap/packages/utilities/src/logger/logger.ts:57
[  508700ms] [INFO] INFO {context: Object} [Event: Session Init Completed] {need_challenge: true, duration_ms: 1319.199999988079, git_commit_hash: 9ed17066c95192873c6353c7f745d760f7641dce} @ http://localhost:3000/@fs/C:/Users/avone/OneDrive/Desktop/HokkOS/HookSwap/packages/utilities/src/logger/logger.ts:57
[  508701ms] [INFO] INFO {context: Object} Session init completed {needChallenge: true, durationMs: 1319.199999988079} @ http://localhost:3000/@fs/C:/Users/avone/OneDrive/Desktop/HokkOS/HookSwap/packages/utilities/src/logger/logger.ts:57
[  509322ms] [ERROR] Failed to load resource: the server responded with a status of 400 () @ https://entry-gateway.backend-staging.api.uniswap.org/uniswap.platformservice.v1.SessionService/Challenge:0
[  511385ms] [INFO] INFO {context: Object} [Event: Session Init Started] {git_commit_hash: 9ed17066c95192873c6353c7f745d760f7641dce} @ http://localhost:3000/@fs/C:/Users/avone/OneDrive/Desktop/HokkOS/HookSwap/packages/utilities/src/logger/logger.ts:57
[  511385ms] [INFO] INFO {context: Object} Session init started @ http://localhost:3000/@fs/C:/Users/avone/OneDrive/Desktop/HokkOS/HookSwap/packages/utilities/src/logger/logger.ts:57
[  511507ms] [INFO] INFO {context: Object} [Event: Session Init Completed] {need_challenge: true, duration_ms: 122.5, git_commit_hash: 9ed17066c95192873c6353c7f745d760f7641dce} @ http://localhost:3000/@fs/C:/Users/avone/OneDrive/Desktop/HokkOS/HookSwap/packages/utilities/src/logger/logger.ts:57
[  511507ms] [INFO] INFO {context: Object} Session init completed {needChallenge: true, durationMs: 122.5} @ http://localhost:3000/@fs/C:/Users/avone/OneDrive/Desktop/HokkOS/HookSwap/packages/utilities/src/logger/logger.ts:57
[  511937ms] [ERROR] Failed to load resource: the server responded with a status of 400 () @ https://entry-gateway.backend-staging.api.uniswap.org/uniswap.platformservice.v1.SessionService/Challenge:0
[  515953ms] [INFO] INFO {context: Object} [Event: Session Init Started] {git_commit_hash: 9ed17066c95192873c6353c7f745d760f7641dce} @ http://localhost:3000/@fs/C:/Users/avone/OneDrive/Desktop/HokkOS/HookSwap/packages/utilities/src/logger/logger.ts:57
[  515954ms] [INFO] INFO {context: Object} Session init started @ http://localhost:3000/@fs/C:/Users/avone/OneDrive/Desktop/HokkOS/HookSwap/packages/utilities/src/logger/logger.ts:57
[  515999ms] [WARNING] WARN {context: Object} Session ready timed out {tags: Object, extra: Object} @ http://localhost:3000/@fs/C:/Users/avone/OneDrive/Desktop/HokkOS/HookSwap/packages/utilities/src/logger/logger.ts:57
[  515999ms] [WARNING] WARN {context: Object} RPC error {method: net_version, chainId: 1, durationMs: 10001, provider: unirpc, transport: viem} @ http://localhost:3000/@fs/C:/Users/avone/OneDrive/Desktop/HokkOS/HookSwap/packages/utilities/src/logger/logger.ts:57
[  516000ms] [WARNING] WARN {context: Object} Session ready timed out {tags: Object, extra: Object} @ http://localhost:3000/@fs/C:/Users/avone/OneDrive/Desktop/HokkOS/HookSwap/packages/utilities/src/logger/logger.ts:57
[  516000ms] [WARNING] WARN {context: Object} RPC error {method: eth_blockNumber, chainId: 1, durationMs: 10001, provider: unirpc, transport: viem} @ http://localhost:3000/@fs/C:/Users/avone/OneDrive/Desktop/HokkOS/HookSwap/packages/utilities/src/logger/logger.ts:57
[  516001ms] [WARNING] WARN {context: Object} Session ready timed out {tags: Object, extra: Object} @ http://localhost:3000/@fs/C:/Users/avone/OneDrive/Desktop/HokkOS/HookSwap/packages/utilities/src/logger/logger.ts:57
[  516165ms] [INFO] INFO {context: Object} [Event: Session Init Completed] {need_challenge: true, duration_ms: 211.60000002384186, git_commit_hash: 9ed17066c95192873c6353c7f745d760f7641dce} @ http://localhost:3000/@fs/C:/Users/avone/OneDrive/Desktop/HokkOS/HookSwap/packages/utilities/src/logger/logger.ts:57
[  516165ms] [INFO] INFO {context: Object} Session init completed {needChallenge: true, durationMs: 211.60000002384186} @ http://localhost:3000/@fs/C:/Users/avone/OneDrive/Desktop/HokkOS/HookSwap/packages/utilities/src/logger/logger.ts:57
[  516287ms] [ERROR] Failed to load resource: the server responded with a status of 400 () @ https://entry-gateway.backend-staging.api.uniswap.org/uniswap.platformservice.v1.SessionService/Challenge:0
[  516288ms] [WARNING] WARN {context: Object} Session init failed {tags: Object, extra: Object} @ http://localhost:3000/@fs/C:/Users/avone/OneDrive/Desktop/HokkOS/HookSwap/packages/utilities/src/logger/logger.ts:57
[  516288ms] [WARNING] WARN {context: Object} Session init failed {tags: Object, extra: Object} @ http://localhost:3000/@fs/C:/Users/avone/OneDrive/Desktop/HokkOS/HookSwap/packages/utilities/src/logger/logger.ts:57
[  516288ms] [WARNING] WARN {context: Object} Session init failed {tags: Object, extra: Object} @ http://localhost:3000/@fs/C:/Users/avone/OneDrive/Desktop/HokkOS/HookSwap/packages/utilities/src/logger/logger.ts:57
[  516289ms] [INFO] INFO {context: Object} [Event: Session Init Started] {git_commit_hash: 9ed17066c95192873c6353c7f745d760f7641dce} @ http://localhost:3000/@fs/C:/Users/avone/OneDrive/Desktop/HokkOS/HookSwap/packages/utilities/src/logger/logger.ts:57
[  516289ms] [INFO] INFO {context: Object} Session init started @ http://localhost:3000/@fs/C:/Users/avone/OneDrive/Desktop/HokkOS/HookSwap/packages/utilities/src/logger/logger.ts:57
[  516426ms] [INFO] INFO {context: Object} [Event: Session Init Completed] {need_challenge: true, duration_ms: 137.5, git_commit_hash: 9ed17066c95192873c6353c7f745d760f7641dce} @ http://localhost:3000/@fs/C:/Users/avone/OneDrive/Desktop/HokkOS/HookSwap/packages/utilities/src/logger/logger.ts:57
[  516426ms] [INFO] INFO {context: Object} Session init completed {needChallenge: true, durationMs: 137.5} @ http://localhost:3000/@fs/C:/Users/avone/OneDrive/Desktop/HokkOS/HookSwap/packages/utilities/src/logger/logger.ts:57
[  516545ms] [ERROR] Failed to load resource: the server responded with a status of 400 () @ https://entry-gateway.backend-staging.api.uniswap.org/uniswap.platformservice.v1.SessionService/Challenge:0
[  517552ms] [INFO] INFO {context: Object} [Event: Session Init Started] {git_commit_hash: 9ed17066c95192873c6353c7f745d760f7641dce} @ http://localhost:3000/@fs/C:/Users/avone/OneDrive/Desktop/HokkOS/HookSwap/packages/utilities/src/logger/logger.ts:57
[  517552ms] [INFO] INFO {context: Object} Session init started @ http://localhost:3000/@fs/C:/Users/avone/OneDrive/Desktop/HokkOS/HookSwap/packages/utilities/src/logger/logger.ts:57
[  517675ms] [INFO] INFO {context: Object} [Event: Session Init Completed] {need_challenge: true, duration_ms: 122.7000000178814, git_commit_hash: 9ed17066c95192873c6353c7f745d760f7641dce} @ http://localhost:3000/@fs/C:/Users/avone/OneDrive/Desktop/HokkOS/HookSwap/packages/utilities/src/logger/logger.ts:57
[  517675ms] [INFO] INFO {context: Object} Session init completed {needChallenge: true, durationMs: 122.7000000178814} @ http://localhost:3000/@fs/C:/Users/avone/OneDrive/Desktop/HokkOS/HookSwap/packages/utilities/src/logger/logger.ts:57
[  517775ms] [ERROR] Failed to load resource: the server responded with a status of 400 () @ https://entry-gateway.backend-staging.api.uniswap.org/uniswap.platformservice.v1.SessionService/Challenge:0
[  519787ms] [INFO] INFO {context: Object} [Event: Session Init Started] {git_commit_hash: 9ed17066c95192873c6353c7f745d760f7641dce} @ http://localhost:3000/@fs/C:/Users/avone/OneDrive/Desktop/HokkOS/HookSwap/packages/utilities/src/logger/logger.ts:57
[  519787ms] [INFO] INFO {context: Object} Session init started @ http://localhost:3000/@fs/C:/Users/avone/OneDrive/Desktop/HokkOS/HookSwap/packages/utilities/src/logger/logger.ts:57
[  520527ms] [INFO] INFO {context: Object} [Event: Session Init Completed] {need_challenge: true, duration_ms: 740.4000000059605, git_commit_hash: 9ed17066c95192873c6353c7f745d760f7641dce} @ http://localhost:3000/@fs/C:/Users/avone/OneDrive/Desktop/HokkOS/HookSwap/packages/utilities/src/logger/logger.ts:57
[  520527ms] [INFO] INFO {context: Object} Session init completed {needChallenge: true, durationMs: 740.4000000059605} @ http://localhost:3000/@fs/C:/Users/avone/OneDrive/Desktop/HokkOS/HookSwap/packages/utilities/src/logger/logger.ts:57
[  520935ms] [ERROR] Failed to load resource: the server responded with a status of 400 () @ https://entry-gateway.backend-staging.api.uniswap.org/uniswap.platformservice.v1.SessionService/Challenge:0
[  524940ms] [INFO] INFO {context: Object} [Event: Session Init Started] {git_commit_hash: 9ed17066c95192873c6353c7f745d760f7641dce} @ http://localhost:3000/@fs/C:/Users/avone/OneDrive/Desktop/HokkOS/HookSwap/packages/utilities/src/logger/logger.ts:57
[  524940ms] [INFO] INFO {context: Object} Session init started @ http://localhost:3000/@fs/C:/Users/avone/OneDrive/Desktop/HokkOS/HookSwap/packages/utilities/src/logger/logger.ts:57
[  525183ms] [INFO] INFO {context: Object} [Event: Session Init Completed] {need_challenge: true, duration_ms: 242.59999999403954, git_commit_hash: 9ed17066c95192873c6353c7f745d760f7641dce} @ http://localhost:3000/@fs/C:/Users/avone/OneDrive/Desktop/HokkOS/HookSwap/packages/utilities/src/logger/logger.ts:57
[  525183ms] [INFO] INFO {context: Object} Session init completed {needChallenge: true, durationMs: 242.59999999403954} @ http://localhost:3000/@fs/C:/Users/avone/OneDrive/Desktop/HokkOS/HookSwap/packages/utilities/src/logger/logger.ts:57
[  525280ms] [ERROR] Failed to load resource: the server responded with a status of 400 () @ https://entry-gateway.backend-staging.api.uniswap.org/uniswap.platformservice.v1.SessionService/Challenge:0
[  525281ms] [WARNING] WARN {context: Object} Session init failed {tags: Object, extra: Object} @ http://localhost:3000/@fs/C:/Users/avone/OneDrive/Desktop/HokkOS/HookSwap/packages/utilities/src/logger/logger.ts:57
[  525281ms] [WARNING] WARN {context: Object} Session init failed {tags: Object, extra: Object} @ http://localhost:3000/@fs/C:/Users/avone/OneDrive/Desktop/HokkOS/HookSwap/packages/utilities/src/logger/logger.ts:57
[  525281ms] [WARNING] WARN {context: Object} Session init failed {tags: Object, extra: Object} @ http://localhost:3000/@fs/C:/Users/avone/OneDrive/Desktop/HokkOS/HookSwap/packages/utilities/src/logger/logger.ts:57
[  525282ms] [INFO] INFO {context: Object} [Event: Session Init Started] {git_commit_hash: 9ed17066c95192873c6353c7f745d760f7641dce} @ http://localhost:3000/@fs/C:/Users/avone/OneDrive/Desktop/HokkOS/HookSwap/packages/utilities/src/logger/logger.ts:57
[  525282ms] [INFO] INFO {context: Object} Session init started @ http://localhost:3000/@fs/C:/Users/avone/OneDrive/Desktop/HokkOS/HookSwap/packages/utilities/src/logger/logger.ts:57
[  525391ms] [INFO] INFO {context: Object} [Event: Session Init Completed] {need_challenge: true, duration_ms: 109.80000001192093, git_commit_hash: 9ed17066c95192873c6353c7f745d760f7641dce} @ http://localhost:3000/@fs/C:/Users/avone/OneDrive/Desktop/HokkOS/HookSwap/packages/utilities/src/logger/logger.ts:57
[  525392ms] [INFO] INFO {context: Object} Session init completed {needChallenge: true, durationMs: 109.80000001192093} @ http://localhost:3000/@fs/C:/Users/avone/OneDrive/Desktop/HokkOS/HookSwap/packages/utilities/src/logger/logger.ts:57
[  525503ms] [ERROR] Failed to load resource: the server responded with a status of 400 () @ https://entry-gateway.backend-staging.api.uniswap.org/uniswap.platformservice.v1.SessionService/Challenge:0
[  526517ms] [INFO] INFO {context: Object} [Event: Session Init Started] {git_commit_hash: 9ed17066c95192873c6353c7f745d760f7641dce} @ http://localhost:3000/@fs/C:/Users/avone/OneDrive/Desktop/HokkOS/HookSwap/packages/utilities/src/logger/logger.ts:57
[  526518ms] [INFO] INFO {context: Object} Session init started @ http://localhost:3000/@fs/C:/Users/avone/OneDrive/Desktop/HokkOS/HookSwap/packages/utilities/src/logger/logger.ts:57
[  526633ms] [INFO] INFO {context: Object} [Event: Session Init Completed] {need_challenge: true, duration_ms: 115.60000002384186, git_commit_hash: 9ed17066c95192873c6353c7f745d760f7641dce} @ http://localhost:3000/@fs/C:/Users/avone/OneDrive/Desktop/HokkOS/HookSwap/packages/utilities/src/logger/logger.ts:57
[  526633ms] [INFO] INFO {context: Object} Session init completed {needChallenge: true, durationMs: 115.60000002384186} @ http://localhost:3000/@fs/C:/Users/avone/OneDrive/Desktop/HokkOS/HookSwap/packages/utilities/src/logger/logger.ts:57
[  526741ms] [ERROR] Failed to load resource: the server responded with a status of 400 () @ https://entry-gateway.backend-staging.api.uniswap.org/uniswap.platformservice.v1.SessionService/Challenge:0
[  528752ms] [INFO] INFO {context: Object} [Event: Session Init Started] {git_commit_hash: 9ed17066c95192873c6353c7f745d760f7641dce} @ http://localhost:3000/@fs/C:/Users/avone/OneDrive/Desktop/HokkOS/HookSwap/packages/utilities/src/logger/logger.ts:57
[  528753ms] [INFO] INFO {context: Object} Session init started @ http://localhost:3000/@fs/C:/Users/avone/OneDrive/Desktop/HokkOS/HookSwap/packages/utilities/src/logger/logger.ts:57
[  529103ms] [INFO] INFO {context: Object} [Event: Session Init Completed] {need_challenge: true, duration_ms: 350.80000001192093, git_commit_hash: 9ed17066c95192873c6353c7f745d760f7641dce} @ http://localhost:3000/@fs/C:/Users/avone/OneDrive/Desktop/HokkOS/HookSwap/packages/utilities/src/logger/logger.ts:57
[  529103ms] [INFO] INFO {context: Object} Session init completed {needChallenge: true, durationMs: 350.80000001192093} @ http://localhost:3000/@fs/C:/Users/avone/OneDrive/Desktop/HokkOS/HookSwap/packages/utilities/src/logger/logger.ts:57
[  529212ms] [ERROR] Failed to load resource: the server responded with a status of 400 () @ https://entry-gateway.backend-staging.api.uniswap.org/uniswap.platformservice.v1.SessionService/Challenge:0
[  533227ms] [INFO] INFO {context: Object} [Event: Session Init Started] {git_commit_hash: 9ed17066c95192873c6353c7f745d760f7641dce} @ http://localhost:3000/@fs/C:/Users/avone/OneDrive/Desktop/HokkOS/HookSwap/packages/utilities/src/logger/logger.ts:57
[  533228ms] [INFO] INFO {context: Object} Session init started @ http://localhost:3000/@fs/C:/Users/avone/OneDrive/Desktop/HokkOS/HookSwap/packages/utilities/src/logger/logger.ts:57
[  533342ms] [INFO] INFO {context: Object} [Event: Session Init Completed] {need_challenge: true, duration_ms: 114.80000001192093, git_commit_hash: 9ed17066c95192873c6353c7f745d760f7641dce} @ http://localhost:3000/@fs/C:/Users/avone/OneDrive/Desktop/HokkOS/HookSwap/packages/utilities/src/logger/logger.ts:57
[  533342ms] [INFO] INFO {context: Object} Session init completed {needChallenge: true, durationMs: 114.80000001192093} @ http://localhost:3000/@fs/C:/Users/avone/OneDrive/Desktop/HokkOS/HookSwap/packages/utilities/src/logger/logger.ts:57
[  533448ms] [ERROR] Failed to load resource: the server responded with a status of 400 () @ https://entry-gateway.backend-staging.api.uniswap.org/uniswap.platformservice.v1.SessionService/Challenge:0
[  533449ms] [WARNING] WARN {context: Object} Session init failed {tags: Object, extra: Object} @ http://localhost:3000/@fs/C:/Users/avone/OneDrive/Desktop/HokkOS/HookSwap/packages/utilities/src/logger/logger.ts:57
[  533449ms] [WARNING] WARN {context: Object} Session init failed {tags: Object, extra: Object} @ http://localhost:3000/@fs/C:/Users/avone/OneDrive/Desktop/HokkOS/HookSwap/packages/utilities/src/logger/logger.ts:57
[  533449ms] [WARNING] WARN {context: Object} Session init failed {tags: Object, extra: Object} @ http://localhost:3000/@fs/C:/Users/avone/OneDrive/Desktop/HokkOS/HookSwap/packages/utilities/src/logger/logger.ts:57
[  533449ms] [INFO] INFO {context: Object} [Event: Session Init Started] {git_commit_hash: 9ed17066c95192873c6353c7f745d760f7641dce} @ http://localhost:3000/@fs/C:/Users/avone/OneDrive/Desktop/HokkOS/HookSwap/packages/utilities/src/logger/logger.ts:57
[  533449ms] [INFO] INFO {context: Object} Session init started @ http://localhost:3000/@fs/C:/Users/avone/OneDrive/Desktop/HokkOS/HookSwap/packages/utilities/src/logger/logger.ts:57
[  533563ms] [INFO] INFO {context: Object} [Event: Session Init Completed] {need_challenge: true, duration_ms: 113.59999999403954, git_commit_hash: 9ed17066c95192873c6353c7f745d760f7641dce} @ http://localhost:3000/@fs/C:/Users/avone/OneDrive/Desktop/HokkOS/HookSwap/packages/utilities/src/logger/logger.ts:57
[  533563ms] [INFO] INFO {context: Object} Session init completed {needChallenge: true, durationMs: 113.59999999403954} @ http://localhost:3000/@fs/C:/Users/avone/OneDrive/Desktop/HokkOS/HookSwap/packages/utilities/src/logger/logger.ts:57
[  533665ms] [ERROR] Failed to load resource: the server responded with a status of 400 () @ https://entry-gateway.backend-staging.api.uniswap.org/uniswap.platformservice.v1.SessionService/Challenge:0
[  534674ms] [INFO] INFO {context: Object} [Event: Session Init Started] {git_commit_hash: 9ed17066c95192873c6353c7f745d760f7641dce} @ http://localhost:3000/@fs/C:/Users/avone/OneDrive/Desktop/HokkOS/HookSwap/packages/utilities/src/logger/logger.ts:57
[  534674ms] [INFO] INFO {context: Object} Session init started @ http://localhost:3000/@fs/C:/Users/avone/OneDrive/Desktop/HokkOS/HookSwap/packages/utilities/src/logger/logger.ts:57
[  534788ms] [INFO] INFO {context: Object} [Event: Session Init Completed] {need_challenge: true, duration_ms: 113.40000000596046, git_commit_hash: 9ed17066c95192873c6353c7f745d760f7641dce} @ http://localhost:3000/@fs/C:/Users/avone/OneDrive/Desktop/HokkOS/HookSwap/packages/utilities/src/logger/logger.ts:57
[  534788ms] [INFO] INFO {context: Object} Session init completed {needChallenge: true, durationMs: 113.40000000596046} @ http://localhost:3000/@fs/C:/Users/avone/OneDrive/Desktop/HokkOS/HookSwap/packages/utilities/src/logger/logger.ts:57
[  534901ms] [ERROR] Failed to load resource: the server responded with a status of 400 () @ https://entry-gateway.backend-staging.api.uniswap.org/uniswap.platformservice.v1.SessionService/Challenge:0
[  536903ms] [INFO] INFO {context: Object} [Event: Session Init Started] {git_commit_hash: 9ed17066c95192873c6353c7f745d760f7641dce} @ http://localhost:3000/@fs/C:/Users/avone/OneDrive/Desktop/HokkOS/HookSwap/packages/utilities/src/logger/logger.ts:57
[  536904ms] [INFO] INFO {context: Object} Session init started @ http://localhost:3000/@fs/C:/Users/avone/OneDrive/Desktop/HokkOS/HookSwap/packages/utilities/src/logger/logger.ts:57
[  537320ms] [INFO] INFO {context: Object} [Event: Session Init Completed] {need_challenge: true, duration_ms: 416.09999999403954, git_commit_hash: 9ed17066c95192873c6353c7f745d760f7641dce} @ http://localhost:3000/@fs/C:/Users/avone/OneDrive/Desktop/HokkOS/HookSwap/packages/utilities/src/logger/logger.ts:57
[  537323ms] [INFO] INFO {context: Object} Session init completed {needChallenge: true, durationMs: 416.09999999403954} @ http://localhost:3000/@fs/C:/Users/avone/OneDrive/Desktop/HokkOS/HookSwap/packages/utilities/src/logger/logger.ts:57
[  537440ms] [ERROR] Failed to load resource: the server responded with a status of 400 () @ https://entry-gateway.backend-staging.api.uniswap.org/uniswap.platformservice.v1.SessionService/Challenge:0
[  541449ms] [INFO] INFO {context: Object} [Event: Session Init Started] {git_commit_hash: 9ed17066c95192873c6353c7f745d760f7641dce} @ http://localhost:3000/@fs/C:/Users/avone/OneDrive/Desktop/HokkOS/HookSwap/packages/utilities/src/logger/logger.ts:57
[  541450ms] [INFO] INFO {context: Object} Session init started @ http://localhost:3000/@fs/C:/Users/avone/OneDrive/Desktop/HokkOS/HookSwap/packages/utilities/src/logger/logger.ts:57
[  541570ms] [INFO] INFO {context: Object} [Event: Session Init Completed] {need_challenge: true, duration_ms: 120.59999999403954, git_commit_hash: 9ed17066c95192873c6353c7f745d760f7641dce} @ http://localhost:3000/@fs/C:/Users/avone/OneDrive/Desktop/HokkOS/HookSwap/packages/utilities/src/logger/logger.ts:57
[  541570ms] [INFO] INFO {context: Object} Session init completed {needChallenge: true, durationMs: 120.59999999403954} @ http://localhost:3000/@fs/C:/Users/avone/OneDrive/Desktop/HokkOS/HookSwap/packages/utilities/src/logger/logger.ts:57
[  541682ms] [ERROR] Failed to load resource: the server responded with a status of 400 () @ https://entry-gateway.backend-staging.api.uniswap.org/uniswap.platformservice.v1.SessionService/Challenge:0
[  541683ms] [WARNING] WARN {context: Object} Session init failed {tags: Object, extra: Object} @ http://localhost:3000/@fs/C:/Users/avone/OneDrive/Desktop/HokkOS/HookSwap/packages/utilities/src/logger/logger.ts:57
[  541683ms] [WARNING] WARN {context: Object} Session init failed {tags: Object, extra: Object} @ http://localhost:3000/@fs/C:/Users/avone/OneDrive/Desktop/HokkOS/HookSwap/packages/utilities/src/logger/logger.ts:57
[  541683ms] [WARNING] WARN {context: Object} Session init failed {tags: Object, extra: Object} @ http://localhost:3000/@fs/C:/Users/avone/OneDrive/Desktop/HokkOS/HookSwap/packages/utilities/src/logger/logger.ts:57
[  541683ms] [INFO] INFO {context: Object} [Event: Session Init Started] {git_commit_hash: 9ed17066c95192873c6353c7f745d760f7641dce} @ http://localhost:3000/@fs/C:/Users/avone/OneDrive/Desktop/HokkOS/HookSwap/packages/utilities/src/logger/logger.ts:57
[  541684ms] [INFO] INFO {context: Object} Session init started @ http://localhost:3000/@fs/C:/Users/avone/OneDrive/Desktop/HokkOS/HookSwap/packages/utilities/src/logger/logger.ts:57
[  541798ms] [INFO] INFO {context: Object} [Event: Session Init Completed] {need_challenge: true, duration_ms: 114.69999998807907, git_commit_hash: 9ed17066c95192873c6353c7f745d760f7641dce} @ http://localhost:3000/@fs/C:/Users/avone/OneDrive/Desktop/HokkOS/HookSwap/packages/utilities/src/logger/logger.ts:57
[  541798ms] [INFO] INFO {context: Object} Session init completed {needChallenge: true, durationMs: 114.69999998807907} @ http://localhost:3000/@fs/C:/Users/avone/OneDrive/Desktop/HokkOS/HookSwap/packages/utilities/src/logger/logger.ts:57
[  541907ms] [ERROR] Failed to load resource: the server responded with a status of 400 () @ https://entry-gateway.backend-staging.api.uniswap.org/uniswap.platformservice.v1.SessionService/Challenge:0
[  542918ms] [INFO] INFO {context: Object} [Event: Session Init Started] {git_commit_hash: 9ed17066c95192873c6353c7f745d760f7641dce} @ http://localhost:3000/@fs/C:/Users/avone/OneDrive/Desktop/HokkOS/HookSwap/packages/utilities/src/logger/logger.ts:57
[  542919ms] [INFO] INFO {context: Object} Session init started @ http://localhost:3000/@fs/C:/Users/avone/OneDrive/Desktop/HokkOS/HookSwap/packages/utilities/src/logger/logger.ts:57
[  543036ms] [INFO] INFO {context: Object} [Event: Session Init Completed] {need_challenge: true, duration_ms: 117.90000000596046, git_commit_hash: 9ed17066c95192873c6353c7f745d760f7641dce} @ http://localhost:3000/@fs/C:/Users/avone/OneDrive/Desktop/HokkOS/HookSwap/packages/utilities/src/logger/logger.ts:57
[  543036ms] [INFO] INFO {context: Object} Session init completed {needChallenge: true, durationMs: 117.90000000596046} @ http://localhost:3000/@fs/C:/Users/avone/OneDrive/Desktop/HokkOS/HookSwap/packages/utilities/src/logger/logger.ts:57
[  543152ms] [ERROR] Failed to load resource: the server responded with a status of 400 () @ https://entry-gateway.backend-staging.api.uniswap.org/uniswap.platformservice.v1.SessionService/Challenge:0
[  545161ms] [INFO] INFO {context: Object} [Event: Session Init Started] {git_commit_hash: 9ed17066c95192873c6353c7f745d760f7641dce} @ http://localhost:3000/@fs/C:/Users/avone/OneDrive/Desktop/HokkOS/HookSwap/packages/utilities/src/logger/logger.ts:57
[  545162ms] [INFO] INFO {context: Object} Session init started @ http://localhost:3000/@fs/C:/Users/avone/OneDrive/Desktop/HokkOS/HookSwap/packages/utilities/src/logger/logger.ts:57
[  545326ms] [INFO] INFO {context: Object} [Event: Session Init Completed] {need_challenge: true, duration_ms: 164.80000001192093, git_commit_hash: 9ed17066c95192873c6353c7f745d760f7641dce} @ http://localhost:3000/@fs/C:/Users/avone/OneDrive/Desktop/HokkOS/HookSwap/packages/utilities/src/logger/logger.ts:57
[  545326ms] [INFO] INFO {context: Object} Session init completed {needChallenge: true, durationMs: 164.80000001192093} @ http://localhost:3000/@fs/C:/Users/avone/OneDrive/Desktop/HokkOS/HookSwap/packages/utilities/src/logger/logger.ts:57
[  545436ms] [ERROR] Failed to load resource: the server responded with a status of 400 () @ https://entry-gateway.backend-staging.api.uniswap.org/uniswap.platformservice.v1.SessionService/Challenge:0
[  549443ms] [INFO] INFO {context: Object} [Event: Session Init Started] {git_commit_hash: 9ed17066c95192873c6353c7f745d760f7641dce} @ http://localhost:3000/@fs/C:/Users/avone/OneDrive/Desktop/HokkOS/HookSwap/packages/utilities/src/logger/logger.ts:57
[  549444ms] [INFO] INFO {context: Object} Session init started @ http://localhost:3000/@fs/C:/Users/avone/OneDrive/Desktop/HokkOS/HookSwap/packages/utilities/src/logger/logger.ts:57
[  549562ms] [INFO] INFO {context: Object} [Event: Session Init Completed] {need_challenge: true, duration_ms: 119, git_commit_hash: 9ed17066c95192873c6353c7f745d760f7641dce} @ http://localhost:3000/@fs/C:/Users/avone/OneDrive/Desktop/HokkOS/HookSwap/packages/utilities/src/logger/logger.ts:57
[  549562ms] [INFO] INFO {context: Object} Session init completed {needChallenge: true, durationMs: 119} @ http://localhost:3000/@fs/C:/Users/avone/OneDrive/Desktop/HokkOS/HookSwap/packages/utilities/src/logger/logger.ts:57
[  549669ms] [ERROR] Failed to load resource: the server responded with a status of 400 () @ https://entry-gateway.backend-staging.api.uniswap.org/uniswap.platformservice.v1.SessionService/Challenge:0
[  549670ms] [WARNING] WARN {context: Object} Session init failed {tags: Object, extra: Object} @ http://localhost:3000/@fs/C:/Users/avone/OneDrive/Desktop/HokkOS/HookSwap/packages/utilities/src/logger/logger.ts:57
[  549670ms] [WARNING] WARN {context: Object} Session init failed {tags: Object, extra: Object} @ http://localhost:3000/@fs/C:/Users/avone/OneDrive/Desktop/HokkOS/HookSwap/packages/utilities/src/logger/logger.ts:57
[  549670ms] [WARNING] WARN {context: Object} Session init failed {tags: Object, extra: Object} @ http://localhost:3000/@fs/C:/Users/avone/OneDrive/Desktop/HokkOS/HookSwap/packages/utilities/src/logger/logger.ts:57
[  549671ms] [INFO] INFO {context: Object} [Event: Session Init Started] {git_commit_hash: 9ed17066c95192873c6353c7f745d760f7641dce} @ http://localhost:3000/@fs/C:/Users/avone/OneDrive/Desktop/HokkOS/HookSwap/packages/utilities/src/logger/logger.ts:57
[  549671ms] [INFO] INFO {context: Object} Session init started @ http://localhost:3000/@fs/C:/Users/avone/OneDrive/Desktop/HokkOS/HookSwap/packages/utilities/src/logger/logger.ts:57
[  549795ms] [INFO] INFO {context: Object} [Event: Session Init Completed] {need_challenge: true, duration_ms: 124.80000001192093, git_commit_hash: 9ed17066c95192873c6353c7f745d760f7641dce} @ http://localhost:3000/@fs/C:/Users/avone/OneDrive/Desktop/HokkOS/HookSwap/packages/utilities/src/logger/logger.ts:57
[  549796ms] [INFO] INFO {context: Object} Session init completed {needChallenge: true, durationMs: 124.80000001192093} @ http://localhost:3000/@fs/C:/Users/avone/OneDrive/Desktop/HokkOS/HookSwap/packages/utilities/src/logger/logger.ts:57
[  549905ms] [ERROR] Failed to load resource: the server responded with a status of 400 () @ https://entry-gateway.backend-staging.api.uniswap.org/uniswap.platformservice.v1.SessionService/Challenge:0
[  550915ms] [INFO] INFO {context: Object} [Event: Session Init Started] {git_commit_hash: 9ed17066c95192873c6353c7f745d760f7641dce} @ http://localhost:3000/@fs/C:/Users/avone/OneDrive/Desktop/HokkOS/HookSwap/packages/utilities/src/logger/logger.ts:57
[  550915ms] [INFO] INFO {context: Object} Session init started @ http://localhost:3000/@fs/C:/Users/avone/OneDrive/Desktop/HokkOS/HookSwap/packages/utilities/src/logger/logger.ts:57
[  551030ms] [INFO] INFO {context: Object} [Event: Session Init Completed] {need_challenge: true, duration_ms: 115.40000000596046, git_commit_hash: 9ed17066c95192873c6353c7f745d760f7641dce} @ http://localhost:3000/@fs/C:/Users/avone/OneDrive/Desktop/HokkOS/HookSwap/packages/utilities/src/logger/logger.ts:57
[  551031ms] [INFO] INFO {context: Object} Session init completed {needChallenge: true, durationMs: 115.40000000596046} @ http://localhost:3000/@fs/C:/Users/avone/OneDrive/Desktop/HokkOS/HookSwap/packages/utilities/src/logger/logger.ts:57
[  551153ms] [ERROR] Failed to load resource: the server responded with a status of 400 () @ https://entry-gateway.backend-staging.api.uniswap.org/uniswap.platformservice.v1.SessionService/Challenge:0
[  553167ms] [INFO] INFO {context: Object} [Event: Session Init Started] {git_commit_hash: 9ed17066c95192873c6353c7f745d760f7641dce} @ http://localhost:3000/@fs/C:/Users/avone/OneDrive/Desktop/HokkOS/HookSwap/packages/utilities/src/logger/logger.ts:57
[  553167ms] [INFO] INFO {context: Object} Session init started @ http://localhost:3000/@fs/C:/Users/avone/OneDrive/Desktop/HokkOS/HookSwap/packages/utilities/src/logger/logger.ts:57
[  553500ms] [INFO] INFO {context: Object} [Event: Session Init Completed] {need_challenge: true, duration_ms: 333.2000000178814, git_commit_hash: 9ed17066c95192873c6353c7f745d760f7641dce} @ http://localhost:3000/@fs/C:/Users/avone/OneDrive/Desktop/HokkOS/HookSwap/packages/utilities/src/logger/logger.ts:57
[  553500ms] [INFO] INFO {context: Object} Session init completed {needChallenge: true, durationMs: 333.2000000178814} @ http://localhost:3000/@fs/C:/Users/avone/OneDrive/Desktop/HokkOS/HookSwap/packages/utilities/src/logger/logger.ts:57
[  553618ms] [ERROR] Failed to load resource: the server responded with a status of 400 () @ https://entry-gateway.backend-staging.api.uniswap.org/uniswap.platformservice.v1.SessionService/Challenge:0
[  557631ms] [INFO] INFO {context: Object} [Event: Session Init Started] {git_commit_hash: 9ed17066c95192873c6353c7f745d760f7641dce} @ http://localhost:3000/@fs/C:/Users/avone/OneDrive/Desktop/HokkOS/HookSwap/packages/utilities/src/logger/logger.ts:57
[  557631ms] [INFO] INFO {context: Object} Session init started @ http://localhost:3000/@fs/C:/Users/avone/OneDrive/Desktop/HokkOS/HookSwap/packages/utilities/src/logger/logger.ts:57
[  557749ms] [INFO] INFO {context: Object} [Event: Session Init Completed] {need_challenge: true, duration_ms: 117.90000000596046, git_commit_hash: 9ed17066c95192873c6353c7f745d760f7641dce} @ http://localhost:3000/@fs/C:/Users/avone/OneDrive/Desktop/HokkOS/HookSwap/packages/utilities/src/logger/logger.ts:57
[  557750ms] [INFO] INFO {context: Object} Session init completed {needChallenge: true, durationMs: 117.90000000596046} @ http://localhost:3000/@fs/C:/Users/avone/OneDrive/Desktop/HokkOS/HookSwap/packages/utilities/src/logger/logger.ts:57
[  557866ms] [ERROR] Failed to load resource: the server responded with a status of 400 () @ https://entry-gateway.backend-staging.api.uniswap.org/uniswap.platformservice.v1.SessionService/Challenge:0
[  557868ms] [WARNING] WARN {context: Object} Session init failed {tags: Object, extra: Object} @ http://localhost:3000/@fs/C:/Users/avone/OneDrive/Desktop/HokkOS/HookSwap/packages/utilities/src/logger/logger.ts:57
[  557868ms] [WARNING] WARN {context: Object} Session init failed {tags: Object, extra: Object} @ http://localhost:3000/@fs/C:/Users/avone/OneDrive/Desktop/HokkOS/HookSwap/packages/utilities/src/logger/logger.ts:57
[  557868ms] [WARNING] WARN {context: Object} Session init failed {tags: Object, extra: Object} @ http://localhost:3000/@fs/C:/Users/avone/OneDrive/Desktop/HokkOS/HookSwap/packages/utilities/src/logger/logger.ts:57
[  557869ms] [INFO] INFO {context: Object} [Event: Session Init Started] {git_commit_hash: 9ed17066c95192873c6353c7f745d760f7641dce} @ http://localhost:3000/@fs/C:/Users/avone/OneDrive/Desktop/HokkOS/HookSwap/packages/utilities/src/logger/logger.ts:57
[  557869ms] [INFO] INFO {context: Object} Session init started @ http://localhost:3000/@fs/C:/Users/avone/OneDrive/Desktop/HokkOS/HookSwap/packages/utilities/src/logger/logger.ts:57
[  557988ms] [INFO] INFO {context: Object} [Event: Session Init Completed] {need_challenge: true, duration_ms: 119.59999999403954, git_commit_hash: 9ed17066c95192873c6353c7f745d760f7641dce} @ http://localhost:3000/@fs/C:/Users/avone/OneDrive/Desktop/HokkOS/HookSwap/packages/utilities/src/logger/logger.ts:57
[  557989ms] [INFO] INFO {context: Object} Session init completed {needChallenge: true, durationMs: 119.59999999403954} @ http://localhost:3000/@fs/C:/Users/avone/OneDrive/Desktop/HokkOS/HookSwap/packages/utilities/src/logger/logger.ts:57
[  558099ms] [ERROR] Failed to load resource: the server responded with a status of 400 () @ https://entry-gateway.backend-staging.api.uniswap.org/uniswap.platformservice.v1.SessionService/Challenge:0
[  559102ms] [INFO] INFO {context: Object} [Event: Session Init Started] {git_commit_hash: 9ed17066c95192873c6353c7f745d760f7641dce} @ http://localhost:3000/@fs/C:/Users/avone/OneDrive/Desktop/HokkOS/HookSwap/packages/utilities/src/logger/logger.ts:57
[  559103ms] [INFO] INFO {context: Object} Session init started @ http://localhost:3000/@fs/C:/Users/avone/OneDrive/Desktop/HokkOS/HookSwap/packages/utilities/src/logger/logger.ts:57
[  559212ms] [INFO] INFO {context: Object} [Event: Session Init Completed] {need_challenge: true, duration_ms: 109.69999998807907, git_commit_hash: 9ed17066c95192873c6353c7f745d760f7641dce} @ http://localhost:3000/@fs/C:/Users/avone/OneDrive/Desktop/HokkOS/HookSwap/packages/utilities/src/logger/logger.ts:57
[  559213ms] [INFO] INFO {context: Object} Session init completed {needChallenge: true, durationMs: 109.69999998807907} @ http://localhost:3000/@fs/C:/Users/avone/OneDrive/Desktop/HokkOS/HookSwap/packages/utilities/src/logger/logger.ts:57
[  559329ms] [ERROR] Failed to load resource: the server responded with a status of 400 () @ https://entry-gateway.backend-staging.api.uniswap.org/uniswap.platformservice.v1.SessionService/Challenge:0
[  561334ms] [INFO] INFO {context: Object} [Event: Session Init Started] {git_commit_hash: 9ed17066c95192873c6353c7f745d760f7641dce} @ http://localhost:3000/@fs/C:/Users/avone/OneDrive/Desktop/HokkOS/HookSwap/packages/utilities/src/logger/logger.ts:57
[  561335ms] [INFO] INFO {context: Object} Session init started @ http://localhost:3000/@fs/C:/Users/avone/OneDrive/Desktop/HokkOS/HookSwap/packages/utilities/src/logger/logger.ts:57
[  561709ms] [INFO] INFO {context: Object} [Event: Session Init Completed] {need_challenge: true, duration_ms: 374.90000000596046, git_commit_hash: 9ed17066c95192873c6353c7f745d760f7641dce} @ http://localhost:3000/@fs/C:/Users/avone/OneDrive/Desktop/HokkOS/HookSwap/packages/utilities/src/logger/logger.ts:57
[  561709ms] [INFO] INFO {context: Object} Session init completed {needChallenge: true, durationMs: 374.90000000596046} @ http://localhost:3000/@fs/C:/Users/avone/OneDrive/Desktop/HokkOS/HookSwap/packages/utilities/src/logger/logger.ts:57
[  561809ms] [ERROR] Failed to load resource: the server responded with a status of 400 () @ https://entry-gateway.backend-staging.api.uniswap.org/uniswap.platformservice.v1.SessionService/Challenge:0
[  565825ms] [INFO] INFO {context: Object} [Event: Session Init Started] {git_commit_hash: 9ed17066c95192873c6353c7f745d760f7641dce} @ http://localhost:3000/@fs/C:/Users/avone/OneDrive/Desktop/HokkOS/HookSwap/packages/utilities/src/logger/logger.ts:57
[  565825ms] [INFO] INFO {context: Object} Session init started @ http://localhost:3000/@fs/C:/Users/avone/OneDrive/Desktop/HokkOS/HookSwap/packages/utilities/src/logger/logger.ts:57
[  565949ms] [INFO] INFO {context: Object} [Event: Session Init Completed] {need_challenge: true, duration_ms: 124.2000000178814, git_commit_hash: 9ed17066c95192873c6353c7f745d760f7641dce} @ http://localhost:3000/@fs/C:/Users/avone/OneDrive/Desktop/HokkOS/HookSwap/packages/utilities/src/logger/logger.ts:57
[  565950ms] [INFO] INFO {context: Object} Session init completed {needChallenge: true, durationMs: 124.2000000178814} @ http://localhost:3000/@fs/C:/Users/avone/OneDrive/Desktop/HokkOS/HookSwap/packages/utilities/src/logger/logger.ts:57
[  566057ms] [ERROR] Failed to load resource: the server responded with a status of 400 () @ https://entry-gateway.backend-staging.api.uniswap.org/uniswap.platformservice.v1.SessionService/Challenge:0
[  566058ms] [WARNING] WARN {context: Object} Session init failed {tags: Object, extra: Object} @ http://localhost:3000/@fs/C:/Users/avone/OneDrive/Desktop/HokkOS/HookSwap/packages/utilities/src/logger/logger.ts:57
[  566058ms] [WARNING] WARN {context: Object} Session init failed {tags: Object, extra: Object} @ http://localhost:3000/@fs/C:/Users/avone/OneDrive/Desktop/HokkOS/HookSwap/packages/utilities/src/logger/logger.ts:57
[  566058ms] [WARNING] WARN {context: Object} Session init failed {tags: Object, extra: Object} @ http://localhost:3000/@fs/C:/Users/avone/OneDrive/Desktop/HokkOS/HookSwap/packages/utilities/src/logger/logger.ts:57
[  566059ms] [WARNING] WARN {context: Object} Suppressed 19 RPC errors in previous 60s window {provider: unirpc, chainId: 1, methods: Object, errors: Object} @ http://localhost:3000/@fs/C:/Users/avone/OneDrive/Desktop/HokkOS/HookSwap/packages/utilities/src/logger/logger.ts:57
[  566059ms] [WARNING] WARN {context: Object} RPC error {method: net_version, chainId: 1, durationMs: 8190, provider: unirpc, transport: viem} @ http://localhost:3000/@fs/C:/Users/avone/OneDrive/Desktop/HokkOS/HookSwap/packages/utilities/src/logger/logger.ts:57
[  566059ms] [WARNING] WARN {context: Object} RPC error {method: eth_blockNumber, chainId: 1, durationMs: 8189, provider: unirpc, transport: viem} @ http://localhost:3000/@fs/C:/Users/avone/OneDrive/Desktop/HokkOS/HookSwap/packages/utilities/src/logger/logger.ts:57
[  566059ms] [WARNING] WARN {context: Object} RPC error {method: eth_chainId, chainId: 1, durationMs: 8188, provider: unirpc, transport: viem} @ http://localhost:3000/@fs/C:/Users/avone/OneDrive/Desktop/HokkOS/HookSwap/packages/utilities/src/logger/logger.ts:57
[  566060ms] [INFO] INFO {context: Object} [Event: Session Init Started] {git_commit_hash: 9ed17066c95192873c6353c7f745d760f7641dce} @ http://localhost:3000/@fs/C:/Users/avone/OneDrive/Desktop/HokkOS/HookSwap/packages/utilities/src/logger/logger.ts:57
[  566060ms] [INFO] INFO {context: Object} Session init started @ http://localhost:3000/@fs/C:/Users/avone/OneDrive/Desktop/HokkOS/HookSwap/packages/utilities/src/logger/logger.ts:57
[  566178ms] [INFO] INFO {context: Object} [Event: Session Init Completed] {need_challenge: true, duration_ms: 118, git_commit_hash: 9ed17066c95192873c6353c7f745d760f7641dce} @ http://localhost:3000/@fs/C:/Users/avone/OneDrive/Desktop/HokkOS/HookSwap/packages/utilities/src/logger/logger.ts:57
[  566178ms] [INFO] INFO {context: Object} Session init completed {needChallenge: true, durationMs: 118} @ http://localhost:3000/@fs/C:/Users/avone/OneDrive/Desktop/HokkOS/HookSwap/packages/utilities/src/logger/logger.ts:57
[  566287ms] [ERROR] Failed to load resource: the server responded with a status of 400 () @ https://entry-gateway.backend-staging.api.uniswap.org/uniswap.platformservice.v1.SessionService/Challenge:0
[  567291ms] [INFO] INFO {context: Object} [Event: Session Init Started] {git_commit_hash: 9ed17066c95192873c6353c7f745d760f7641dce} @ http://localhost:3000/@fs/C:/Users/avone/OneDrive/Desktop/HokkOS/HookSwap/packages/utilities/src/logger/logger.ts:57
[  567291ms] [INFO] INFO {context: Object} Session init started @ http://localhost:3000/@fs/C:/Users/avone/OneDrive/Desktop/HokkOS/HookSwap/packages/utilities/src/logger/logger.ts:57
[  567405ms] [INFO] INFO {context: Object} [Event: Session Init Completed] {need_challenge: true, duration_ms: 114.7999999821186, git_commit_hash: 9ed17066c95192873c6353c7f745d760f7641dce} @ http://localhost:3000/@fs/C:/Users/avone/OneDrive/Desktop/HokkOS/HookSwap/packages/utilities/src/logger/logger.ts:57
[  567406ms] [INFO] INFO {context: Object} Session init completed {needChallenge: true, durationMs: 114.7999999821186} @ http://localhost:3000/@fs/C:/Users/avone/OneDrive/Desktop/HokkOS/HookSwap/packages/utilities/src/logger/logger.ts:57
[  567515ms] [ERROR] Failed to load resource: the server responded with a status of 400 () @ https://entry-gateway.backend-staging.api.uniswap.org/uniswap.platformservice.v1.SessionService/Challenge:0
[  569528ms] [INFO] INFO {context: Object} [Event: Session Init Started] {git_commit_hash: 9ed17066c95192873c6353c7f745d760f7641dce} @ http://localhost:3000/@fs/C:/Users/avone/OneDrive/Desktop/HokkOS/HookSwap/packages/utilities/src/logger/logger.ts:57
[  569528ms] [INFO] INFO {context: Object} Session init started @ http://localhost:3000/@fs/C:/Users/avone/OneDrive/Desktop/HokkOS/HookSwap/packages/utilities/src/logger/logger.ts:57
[  569981ms] [INFO] INFO {context: Object} [Event: Session Init Completed] {need_challenge: true, duration_ms: 453.80000001192093, git_commit_hash: 9ed17066c95192873c6353c7f745d760f7641dce} @ http://localhost:3000/@fs/C:/Users/avone/OneDrive/Desktop/HokkOS/HookSwap/packages/utilities/src/logger/logger.ts:57
[  569982ms] [INFO] INFO {context: Object} Session init completed {needChallenge: true, durationMs: 453.80000001192093} @ http://localhost:3000/@fs/C:/Users/avone/OneDrive/Desktop/HokkOS/HookSwap/packages/utilities/src/logger/logger.ts:57
[  570113ms] [ERROR] Failed to load resource: the server responded with a status of 400 () @ https://entry-gateway.backend-staging.api.uniswap.org/uniswap.platformservice.v1.SessionService/Challenge:0
[  574120ms] [INFO] INFO {context: Object} [Event: Session Init Started] {git_commit_hash: 9ed17066c95192873c6353c7f745d760f7641dce} @ http://localhost:3000/@fs/C:/Users/avone/OneDrive/Desktop/HokkOS/HookSwap/packages/utilities/src/logger/logger.ts:57
[  574120ms] [INFO] INFO {context: Object} Session init started @ http://localhost:3000/@fs/C:/Users/avone/OneDrive/Desktop/HokkOS/HookSwap/packages/utilities/src/logger/logger.ts:57
[  574347ms] [INFO] INFO {context: Object} [Event: Session Init Completed] {need_challenge: true, duration_ms: 226.7999999821186, git_commit_hash: 9ed17066c95192873c6353c7f745d760f7641dce} @ http://localhost:3000/@fs/C:/Users/avone/OneDrive/Desktop/HokkOS/HookSwap/packages/utilities/src/logger/logger.ts:57
[  574347ms] [INFO] INFO {context: Object} Session init completed {needChallenge: true, durationMs: 226.7999999821186} @ http://localhost:3000/@fs/C:/Users/avone/OneDrive/Desktop/HokkOS/HookSwap/packages/utilities/src/logger/logger.ts:57
[  574558ms] [ERROR] Failed to load resource: the server responded with a status of 400 () @ https://entry-gateway.backend-staging.api.uniswap.org/uniswap.platformservice.v1.SessionService/Challenge:0
[  574559ms] [WARNING] WARN {context: Object} Session init failed {tags: Object, extra: Object} @ http://localhost:3000/@fs/C:/Users/avone/OneDrive/Desktop/HokkOS/HookSwap/packages/utilities/src/logger/logger.ts:57
[  574559ms] [WARNING] WARN {context: Object} Session init failed {tags: Object, extra: Object} @ http://localhost:3000/@fs/C:/Users/avone/OneDrive/Desktop/HokkOS/HookSwap/packages/utilities/src/logger/logger.ts:57
[  574559ms] [WARNING] WARN {context: Object} Session init failed {tags: Object, extra: Object} @ http://localhost:3000/@fs/C:/Users/avone/OneDrive/Desktop/HokkOS/HookSwap/packages/utilities/src/logger/logger.ts:57
[  574559ms] [WARNING] WARN {context: Object} RPC error {method: net_version, chainId: 1, durationMs: 8499, provider: unirpc, transport: viem} @ http://localhost:3000/@fs/C:/Users/avone/OneDrive/Desktop/HokkOS/HookSwap/packages/utilities/src/logger/logger.ts:57
[  574559ms] [WARNING] WARN {context: Object} RPC error {method: eth_blockNumber, chainId: 1, durationMs: 8497, provider: unirpc, transport: viem} @ http://localhost:3000/@fs/C:/Users/avone/OneDrive/Desktop/HokkOS/HookSwap/packages/utilities/src/logger/logger.ts:57
[  574559ms] [INFO] INFO {context: Object} [Event: Session Init Started] {git_commit_hash: 9ed17066c95192873c6353c7f745d760f7641dce} @ http://localhost:3000/@fs/C:/Users/avone/OneDrive/Desktop/HokkOS/HookSwap/packages/utilities/src/logger/logger.ts:57
[  574559ms] [INFO] INFO {context: Object} Session init started @ http://localhost:3000/@fs/C:/Users/avone/OneDrive/Desktop/HokkOS/HookSwap/packages/utilities/src/logger/logger.ts:57
[  574796ms] [INFO] INFO {context: Object} [Event: Session Init Completed] {need_challenge: true, duration_ms: 236.40000000596046, git_commit_hash: 9ed17066c95192873c6353c7f745d760f7641dce} @ http://localhost:3000/@fs/C:/Users/avone/OneDrive/Desktop/HokkOS/HookSwap/packages/utilities/src/logger/logger.ts:57
[  574796ms] [INFO] INFO {context: Object} Session init completed {needChallenge: true, durationMs: 236.40000000596046} @ http://localhost:3000/@fs/C:/Users/avone/OneDrive/Desktop/HokkOS/HookSwap/packages/utilities/src/logger/logger.ts:57
[  574989ms] [ERROR] Failed to load resource: the server responded with a status of 400 () @ https://entry-gateway.backend-staging.api.uniswap.org/uniswap.platformservice.v1.SessionService/Challenge:0
[  575996ms] [INFO] INFO {context: Object} [Event: Session Init Started] {git_commit_hash: 9ed17066c95192873c6353c7f745d760f7641dce} @ http://localhost:3000/@fs/C:/Users/avone/OneDrive/Desktop/HokkOS/HookSwap/packages/utilities/src/logger/logger.ts:57
[  575996ms] [INFO] INFO {context: Object} Session init started @ http://localhost:3000/@fs/C:/Users/avone/OneDrive/Desktop/HokkOS/HookSwap/packages/utilities/src/logger/logger.ts:57
[  576332ms] [INFO] INFO {context: Object} [Event: Session Init Completed] {need_challenge: true, duration_ms: 336.40000000596046, git_commit_hash: 9ed17066c95192873c6353c7f745d760f7641dce} @ http://localhost:3000/@fs/C:/Users/avone/OneDrive/Desktop/HokkOS/HookSwap/packages/utilities/src/logger/logger.ts:57
[  576333ms] [INFO] INFO {context: Object} Session init completed {needChallenge: true, durationMs: 336.40000000596046} @ http://localhost:3000/@fs/C:/Users/avone/OneDrive/Desktop/HokkOS/HookSwap/packages/utilities/src/logger/logger.ts:57
[  576890ms] [ERROR] Failed to load resource: the server responded with a status of 400 () @ https://entry-gateway.backend-staging.api.uniswap.org/uniswap.platformservice.v1.SessionService/Challenge:0
[  578898ms] [INFO] INFO {context: Object} [Event: Session Init Started] {git_commit_hash: 9ed17066c95192873c6353c7f745d760f7641dce} @ http://localhost:3000/@fs/C:/Users/avone/OneDrive/Desktop/HokkOS/HookSwap/packages/utilities/src/logger/logger.ts:57
[  578899ms] [INFO] INFO {context: Object} Session init started @ http://localhost:3000/@fs/C:/Users/avone/OneDrive/Desktop/HokkOS/HookSwap/packages/utilities/src/logger/logger.ts:57
[  580252ms] [INFO] INFO {context: Object} [Event: Session Init Completed] {need_challenge: true, duration_ms: 1353.7999999821186, git_commit_hash: 9ed17066c95192873c6353c7f745d760f7641dce} @ http://localhost:3000/@fs/C:/Users/avone/OneDrive/Desktop/HokkOS/HookSwap/packages/utilities/src/logger/logger.ts:57
[  580252ms] [INFO] INFO {context: Object} Session init completed {needChallenge: true, durationMs: 1353.7999999821186} @ http://localhost:3000/@fs/C:/Users/avone/OneDrive/Desktop/HokkOS/HookSwap/packages/utilities/src/logger/logger.ts:57
[  580386ms] [ERROR] Failed to load resource: the server responded with a status of 400 () @ https://entry-gateway.backend-staging.api.uniswap.org/uniswap.platformservice.v1.SessionService/Challenge:0
[  584392ms] [INFO] INFO {context: Object} [Event: Session Init Started] {git_commit_hash: 9ed17066c95192873c6353c7f745d760f7641dce} @ http://localhost:3000/@fs/C:/Users/avone/OneDrive/Desktop/HokkOS/HookSwap/packages/utilities/src/logger/logger.ts:57
[  584392ms] [INFO] INFO {context: Object} Session init started @ http://localhost:3000/@fs/C:/Users/avone/OneDrive/Desktop/HokkOS/HookSwap/packages/utilities/src/logger/logger.ts:57
[  584566ms] [WARNING] WARN {context: Object} Session ready timed out {tags: Object, extra: Object} @ http://localhost:3000/@fs/C:/Users/avone/OneDrive/Desktop/HokkOS/HookSwap/packages/utilities/src/logger/logger.ts:57
[  584566ms] [WARNING] WARN {context: Object} Session ready timed out {tags: Object, extra: Object} @ http://localhost:3000/@fs/C:/Users/avone/OneDrive/Desktop/HokkOS/HookSwap/packages/utilities/src/logger/logger.ts:57
[  584567ms] [WARNING] WARN {context: Object} Session ready timed out {tags: Object, extra: Object} @ http://localhost:3000/@fs/C:/Users/avone/OneDrive/Desktop/HokkOS/HookSwap/packages/utilities/src/logger/logger.ts:57
[  584613ms] [INFO] INFO {context: Object} [Event: Session Init Completed] {need_challenge: true, duration_ms: 221.59999999403954, git_commit_hash: 9ed17066c95192873c6353c7f745d760f7641dce} @ http://localhost:3000/@fs/C:/Users/avone/OneDrive/Desktop/HokkOS/HookSwap/packages/utilities/src/logger/logger.ts:57
[  584614ms] [INFO] INFO {context: Object} Session init completed {needChallenge: true, durationMs: 221.59999999403954} @ http://localhost:3000/@fs/C:/Users/avone/OneDrive/Desktop/HokkOS/HookSwap/packages/utilities/src/logger/logger.ts:57
[  585835ms] [ERROR] Failed to load resource: the server responded with a status of 400 () @ https://entry-gateway.backend-staging.api.uniswap.org/uniswap.platformservice.v1.SessionService/Challenge:0
[  585837ms] [WARNING] WARN {context: Object} Session init failed {tags: Object, extra: Object} @ http://localhost:3000/@fs/C:/Users/avone/OneDrive/Desktop/HokkOS/HookSwap/packages/utilities/src/logger/logger.ts:57
[  585837ms] [WARNING] WARN {context: Object} Session init failed {tags: Object, extra: Object} @ http://localhost:3000/@fs/C:/Users/avone/OneDrive/Desktop/HokkOS/HookSwap/packages/utilities/src/logger/logger.ts:57
[  585837ms] [WARNING] WARN {context: Object} Session init failed {tags: Object, extra: Object} @ http://localhost:3000/@fs/C:/Users/avone/OneDrive/Desktop/HokkOS/HookSwap/packages/utilities/src/logger/logger.ts:57
[  585838ms] [INFO] INFO {context: Object} [Event: Session Init Started] {git_commit_hash: 9ed17066c95192873c6353c7f745d760f7641dce} @ http://localhost:3000/@fs/C:/Users/avone/OneDrive/Desktop/HokkOS/HookSwap/packages/utilities/src/logger/logger.ts:57
[  585838ms] [INFO] INFO {context: Object} Session init started @ http://localhost:3000/@fs/C:/Users/avone/OneDrive/Desktop/HokkOS/HookSwap/packages/utilities/src/logger/logger.ts:57
[  585958ms] [INFO] INFO {context: Object} [Event: Session Init Completed] {need_challenge: true, duration_ms: 119.89999997615814, git_commit_hash: 9ed17066c95192873c6353c7f745d760f7641dce} @ http://localhost:3000/@fs/C:/Users/avone/OneDrive/Desktop/HokkOS/HookSwap/packages/utilities/src/logger/logger.ts:57
[  585958ms] [INFO] INFO {context: Object} Session init completed {needChallenge: true, durationMs: 119.89999997615814} @ http://localhost:3000/@fs/C:/Users/avone/OneDrive/Desktop/HokkOS/HookSwap/packages/utilities/src/logger/logger.ts:57
[  586063ms] [ERROR] Failed to load resource: the server responded with a status of 400 () @ https://entry-gateway.backend-staging.api.uniswap.org/uniswap.platformservice.v1.SessionService/Challenge:0
[  587073ms] [INFO] INFO {context: Object} [Event: Session Init Started] {git_commit_hash: 9ed17066c95192873c6353c7f745d760f7641dce} @ http://localhost:3000/@fs/C:/Users/avone/OneDrive/Desktop/HokkOS/HookSwap/packages/utilities/src/logger/logger.ts:57
[  587073ms] [INFO] INFO {context: Object} Session init started @ http://localhost:3000/@fs/C:/Users/avone/OneDrive/Desktop/HokkOS/HookSwap/packages/utilities/src/logger/logger.ts:57
[  587860ms] [INFO] INFO {context: Object} [Event: Session Init Completed] {need_challenge: true, duration_ms: 787, git_commit_hash: 9ed17066c95192873c6353c7f745d760f7641dce} @ http://localhost:3000/@fs/C:/Users/avone/OneDrive/Desktop/HokkOS/HookSwap/packages/utilities/src/logger/logger.ts:57
[  587860ms] [INFO] INFO {context: Object} Session init completed {needChallenge: true, durationMs: 787} @ http://localhost:3000/@fs/C:/Users/avone/OneDrive/Desktop/HokkOS/HookSwap/packages/utilities/src/logger/logger.ts:57
[  588427ms] [ERROR] Failed to load resource: the server responded with a status of 400 () @ https://entry-gateway.backend-staging.api.uniswap.org/uniswap.platformservice.v1.SessionService/Challenge:0
[  590437ms] [INFO] INFO {context: Object} [Event: Session Init Started] {git_commit_hash: 9ed17066c95192873c6353c7f745d760f7641dce} @ http://localhost:3000/@fs/C:/Users/avone/OneDrive/Desktop/HokkOS/HookSwap/packages/utilities/src/logger/logger.ts:57
[  590437ms] [INFO] INFO {context: Object} Session init started @ http://localhost:3000/@fs/C:/Users/avone/OneDrive/Desktop/HokkOS/HookSwap/packages/utilities/src/logger/logger.ts:57
[  590613ms] [INFO] INFO {context: Object} [Event: Session Init Completed] {need_challenge: true, duration_ms: 175.80000001192093, git_commit_hash: 9ed17066c95192873c6353c7f745d760f7641dce} @ http://localhost:3000/@fs/C:/Users/avone/OneDrive/Desktop/HokkOS/HookSwap/packages/utilities/src/logger/logger.ts:57
[  590613ms] [INFO] INFO {context: Object} Session init completed {needChallenge: true, durationMs: 175.80000001192093} @ http://localhost:3000/@fs/C:/Users/avone/OneDrive/Desktop/HokkOS/HookSwap/packages/utilities/src/logger/logger.ts:57
[  590803ms] [ERROR] Failed to load resource: the server responded with a status of 400 () @ https://entry-gateway.backend-staging.api.uniswap.org/uniswap.platformservice.v1.SessionService/Challenge:0
[  594817ms] [INFO] INFO {context: Object} [Event: Session Init Started] {git_commit_hash: 9ed17066c95192873c6353c7f745d760f7641dce} @ http://localhost:3000/@fs/C:/Users/avone/OneDrive/Desktop/HokkOS/HookSwap/packages/utilities/src/logger/logger.ts:57
[  594817ms] [INFO] INFO {context: Object} Session init started @ http://localhost:3000/@fs/C:/Users/avone/OneDrive/Desktop/HokkOS/HookSwap/packages/utilities/src/logger/logger.ts:57
[  594940ms] [INFO] INFO {context: Object} [Event: Session Init Completed] {need_challenge: true, duration_ms: 123.19999998807907, git_commit_hash: 9ed17066c95192873c6353c7f745d760f7641dce} @ http://localhost:3000/@fs/C:/Users/avone/OneDrive/Desktop/HokkOS/HookSwap/packages/utilities/src/logger/logger.ts:57
[  594940ms] [INFO] INFO {context: Object} Session init completed {needChallenge: true, durationMs: 123.19999998807907} @ http://localhost:3000/@fs/C:/Users/avone/OneDrive/Desktop/HokkOS/HookSwap/packages/utilities/src/logger/logger.ts:57
[  595051ms] [ERROR] Failed to load resource: the server responded with a status of 400 () @ https://entry-gateway.backend-staging.api.uniswap.org/uniswap.platformservice.v1.SessionService/Challenge:0
[  595052ms] [WARNING] WARN {context: Object} Session init failed {tags: Object, extra: Object} @ http://localhost:3000/@fs/C:/Users/avone/OneDrive/Desktop/HokkOS/HookSwap/packages/utilities/src/logger/logger.ts:57
[  595052ms] [WARNING] WARN {context: Object} Session init failed {tags: Object, extra: Object} @ http://localhost:3000/@fs/C:/Users/avone/OneDrive/Desktop/HokkOS/HookSwap/packages/utilities/src/logger/logger.ts:57
[  595052ms] [WARNING] WARN {context: Object} Session init failed {tags: Object, extra: Object} @ http://localhost:3000/@fs/C:/Users/avone/OneDrive/Desktop/HokkOS/HookSwap/packages/utilities/src/logger/logger.ts:57
[  595053ms] [INFO] INFO {context: Object} [Event: Session Init Started] {git_commit_hash: 9ed17066c95192873c6353c7f745d760f7641dce} @ http://localhost:3000/@fs/C:/Users/avone/OneDrive/Desktop/HokkOS/HookSwap/packages/utilities/src/logger/logger.ts:57
[  595053ms] [INFO] INFO {context: Object} Session init started @ http://localhost:3000/@fs/C:/Users/avone/OneDrive/Desktop/HokkOS/HookSwap/packages/utilities/src/logger/logger.ts:57
[  595174ms] [INFO] INFO {context: Object} [Event: Session Init Completed] {need_challenge: true, duration_ms: 121, git_commit_hash: 9ed17066c95192873c6353c7f745d760f7641dce} @ http://localhost:3000/@fs/C:/Users/avone/OneDrive/Desktop/HokkOS/HookSwap/packages/utilities/src/logger/logger.ts:57
[  595174ms] [INFO] INFO {context: Object} Session init completed {needChallenge: true, durationMs: 121} @ http://localhost:3000/@fs/C:/Users/avone/OneDrive/Desktop/HokkOS/HookSwap/packages/utilities/src/logger/logger.ts:57
[  595283ms] [ERROR] Failed to load resource: the server responded with a status of 400 () @ https://entry-gateway.backend-staging.api.uniswap.org/uniswap.platformservice.v1.SessionService/Challenge:0
[  596300ms] [INFO] INFO {context: Object} [Event: Session Init Started] {git_commit_hash: 9ed17066c95192873c6353c7f745d760f7641dce} @ http://localhost:3000/@fs/C:/Users/avone/OneDrive/Desktop/HokkOS/HookSwap/packages/utilities/src/logger/logger.ts:57
[  596300ms] [INFO] INFO {context: Object} Session init started @ http://localhost:3000/@fs/C:/Users/avone/OneDrive/Desktop/HokkOS/HookSwap/packages/utilities/src/logger/logger.ts:57
[  596473ms] [INFO] INFO {context: Object} [Event: Session Init Completed] {need_challenge: true, duration_ms: 173.60000002384186, git_commit_hash: 9ed17066c95192873c6353c7f745d760f7641dce} @ http://localhost:3000/@fs/C:/Users/avone/OneDrive/Desktop/HokkOS/HookSwap/packages/utilities/src/logger/logger.ts:57
[  596473ms] [INFO] INFO {context: Object} Session init completed {needChallenge: true, durationMs: 173.60000002384186} @ http://localhost:3000/@fs/C:/Users/avone/OneDrive/Desktop/HokkOS/HookSwap/packages/utilities/src/logger/logger.ts:57
[  598100ms] [ERROR] Failed to load resource: the server responded with a status of 400 () @ https://entry-gateway.backend-staging.api.uniswap.org/uniswap.platformservice.v1.SessionService/Challenge:0
[  600117ms] [INFO] INFO {context: Object} [Event: Session Init Started] {git_commit_hash: 9ed17066c95192873c6353c7f745d760f7641dce} @ http://localhost:3000/@fs/C:/Users/avone/OneDrive/Desktop/HokkOS/HookSwap/packages/utilities/src/logger/logger.ts:57
[  600117ms] [INFO] INFO {context: Object} Session init started @ http://localhost:3000/@fs/C:/Users/avone/OneDrive/Desktop/HokkOS/HookSwap/packages/utilities/src/logger/logger.ts:57
[  600547ms] [INFO] INFO {context: Object} [Event: Session Init Completed] {need_challenge: true, duration_ms: 430.40000000596046, git_commit_hash: 9ed17066c95192873c6353c7f745d760f7641dce} @ http://localhost:3000/@fs/C:/Users/avone/OneDrive/Desktop/HokkOS/HookSwap/packages/utilities/src/logger/logger.ts:57
[  600547ms] [INFO] INFO {context: Object} Session init completed {needChallenge: true, durationMs: 430.40000000596046} @ http://localhost:3000/@fs/C:/Users/avone/OneDrive/Desktop/HokkOS/HookSwap/packages/utilities/src/logger/logger.ts:57
[  601296ms] [ERROR] Failed to load resource: the server responded with a status of 400 () @ https://entry-gateway.backend-staging.api.uniswap.org/uniswap.platformservice.v1.SessionService/Challenge:0
[  605055ms] [WARNING] WARN {context: Object} Session ready timed out {tags: Object, extra: Object} @ http://localhost:3000/@fs/C:/Users/avone/OneDrive/Desktop/HokkOS/HookSwap/packages/utilities/src/logger/logger.ts:57
[  605055ms] [WARNING] WARN {context: Object} Session ready timed out {tags: Object, extra: Object} @ http://localhost:3000/@fs/C:/Users/avone/OneDrive/Desktop/HokkOS/HookSwap/packages/utilities/src/logger/logger.ts:57
[  605056ms] [WARNING] WARN {context: Object} Session ready timed out {tags: Object, extra: Object} @ http://localhost:3000/@fs/C:/Users/avone/OneDrive/Desktop/HokkOS/HookSwap/packages/utilities/src/logger/logger.ts:57
[  605307ms] [INFO] INFO {context: Object} [Event: Session Init Started] {git_commit_hash: 9ed17066c95192873c6353c7f745d760f7641dce} @ http://localhost:3000/@fs/C:/Users/avone/OneDrive/Desktop/HokkOS/HookSwap/packages/utilities/src/logger/logger.ts:57
[  605307ms] [INFO] INFO {context: Object} Session init started @ http://localhost:3000/@fs/C:/Users/avone/OneDrive/Desktop/HokkOS/HookSwap/packages/utilities/src/logger/logger.ts:57
[  605640ms] [INFO] INFO {context: Object} [Event: Session Init Completed] {need_challenge: true, duration_ms: 333.30000001192093, git_commit_hash: 9ed17066c95192873c6353c7f745d760f7641dce} @ http://localhost:3000/@fs/C:/Users/avone/OneDrive/Desktop/HokkOS/HookSwap/packages/utilities/src/logger/logger.ts:57
[  605640ms] [INFO] INFO {context: Object} Session init completed {needChallenge: true, durationMs: 333.30000001192093} @ http://localhost:3000/@fs/C:/Users/avone/OneDrive/Desktop/HokkOS/HookSwap/packages/utilities/src/logger/logger.ts:57
[  605760ms] [ERROR] Failed to load resource: the server responded with a status of 400 () @ https://entry-gateway.backend-staging.api.uniswap.org/uniswap.platformservice.v1.SessionService/Challenge:0
[  605760ms] [WARNING] WARN {context: Object} Session init failed {tags: Object, extra: Object} @ http://localhost:3000/@fs/C:/Users/avone/OneDrive/Desktop/HokkOS/HookSwap/packages/utilities/src/logger/logger.ts:57
[  605761ms] [WARNING] WARN {context: Object} Session init failed {tags: Object, extra: Object} @ http://localhost:3000/@fs/C:/Users/avone/OneDrive/Desktop/HokkOS/HookSwap/packages/utilities/src/logger/logger.ts:57
[  605761ms] [WARNING] WARN {context: Object} Session init failed {tags: Object, extra: Object} @ http://localhost:3000/@fs/C:/Users/avone/OneDrive/Desktop/HokkOS/HookSwap/packages/utilities/src/logger/logger.ts:57
[  605762ms] [INFO] INFO {context: Object} [Event: Session Init Started] {git_commit_hash: 9ed17066c95192873c6353c7f745d760f7641dce} @ http://localhost:3000/@fs/C:/Users/avone/OneDrive/Desktop/HokkOS/HookSwap/packages/utilities/src/logger/logger.ts:57
[  605762ms] [INFO] INFO {context: Object} Session init started @ http://localhost:3000/@fs/C:/Users/avone/OneDrive/Desktop/HokkOS/HookSwap/packages/utilities/src/logger/logger.ts:57
[  605887ms] [INFO] INFO {context: Object} [Event: Session Init Completed] {need_challenge: true, duration_ms: 124.90000000596046, git_commit_hash: 9ed17066c95192873c6353c7f745d760f7641dce} @ http://localhost:3000/@fs/C:/Users/avone/OneDrive/Desktop/HokkOS/HookSwap/packages/utilities/src/logger/logger.ts:57
[  605887ms] [INFO] INFO {context: Object} Session init completed {needChallenge: true, durationMs: 124.90000000596046} @ http://localhost:3000/@fs/C:/Users/avone/OneDrive/Desktop/HokkOS/HookSwap/packages/utilities/src/logger/logger.ts:57
[  606158ms] [ERROR] Failed to load resource: the server responded with a status of 400 () @ https://entry-gateway.backend-staging.api.uniswap.org/uniswap.platformservice.v1.SessionService/Challenge:0
[  607172ms] [INFO] INFO {context: Object} [Event: Session Init Started] {git_commit_hash: 9ed17066c95192873c6353c7f745d760f7641dce} @ http://localhost:3000/@fs/C:/Users/avone/OneDrive/Desktop/HokkOS/HookSwap/packages/utilities/src/logger/logger.ts:57
[  607172ms] [INFO] INFO {context: Object} Session init started @ http://localhost:3000/@fs/C:/Users/avone/OneDrive/Desktop/HokkOS/HookSwap/packages/utilities/src/logger/logger.ts:57
[  607319ms] [INFO] INFO {context: Object} [Event: Session Init Completed] {need_challenge: true, duration_ms: 147.7999999821186, git_commit_hash: 9ed17066c95192873c6353c7f745d760f7641dce} @ http://localhost:3000/@fs/C:/Users/avone/OneDrive/Desktop/HokkOS/HookSwap/packages/utilities/src/logger/logger.ts:57
[  607319ms] [INFO] INFO {context: Object} Session init completed {needChallenge: true, durationMs: 147.7999999821186} @ http://localhost:3000/@fs/C:/Users/avone/OneDrive/Desktop/HokkOS/HookSwap/packages/utilities/src/logger/logger.ts:57
[  607465ms] [ERROR] Failed to load resource: the server responded with a status of 400 () @ https://entry-gateway.backend-staging.api.uniswap.org/uniswap.platformservice.v1.SessionService/Challenge:0
[  609467ms] [INFO] INFO {context: Object} [Event: Session Init Started] {git_commit_hash: 9ed17066c95192873c6353c7f745d760f7641dce} @ http://localhost:3000/@fs/C:/Users/avone/OneDrive/Desktop/HokkOS/HookSwap/packages/utilities/src/logger/logger.ts:57
[  609468ms] [INFO] INFO {context: Object} Session init started @ http://localhost:3000/@fs/C:/Users/avone/OneDrive/Desktop/HokkOS/HookSwap/packages/utilities/src/logger/logger.ts:57
[  609600ms] [INFO] INFO {context: Object} [Event: Session Init Completed] {need_challenge: true, duration_ms: 132.39999997615814, git_commit_hash: 9ed17066c95192873c6353c7f745d760f7641dce} @ http://localhost:3000/@fs/C:/Users/avone/OneDrive/Desktop/HokkOS/HookSwap/packages/utilities/src/logger/logger.ts:57
[  609600ms] [INFO] INFO {context: Object} Session init completed {needChallenge: true, durationMs: 132.39999997615814} @ http://localhost:3000/@fs/C:/Users/avone/OneDrive/Desktop/HokkOS/HookSwap/packages/utilities/src/logger/logger.ts:57
[  609831ms] [ERROR] Failed to load resource: the server responded with a status of 400 () @ https://entry-gateway.backend-staging.api.uniswap.org/uniswap.platformservice.v1.SessionService/Challenge:0
[  613837ms] [INFO] INFO {context: Object} [Event: Session Init Started] {git_commit_hash: 9ed17066c95192873c6353c7f745d760f7641dce} @ http://localhost:3000/@fs/C:/Users/avone/OneDrive/Desktop/HokkOS/HookSwap/packages/utilities/src/logger/logger.ts:57
[  613837ms] [INFO] INFO {context: Object} Session init started @ http://localhost:3000/@fs/C:/Users/avone/OneDrive/Desktop/HokkOS/HookSwap/packages/utilities/src/logger/logger.ts:57
[  614342ms] [INFO] INFO {context: Object} [Event: Session Init Completed] {need_challenge: true, duration_ms: 505.30000001192093, git_commit_hash: 9ed17066c95192873c6353c7f745d760f7641dce} @ http://localhost:3000/@fs/C:/Users/avone/OneDrive/Desktop/HokkOS/HookSwap/packages/utilities/src/logger/logger.ts:57
[  614342ms] [INFO] INFO {context: Object} Session init completed {needChallenge: true, durationMs: 505.30000001192093} @ http://localhost:3000/@fs/C:/Users/avone/OneDrive/Desktop/HokkOS/HookSwap/packages/utilities/src/logger/logger.ts:57
[  614534ms] [ERROR] Failed to load resource: the server responded with a status of 400 () @ https://entry-gateway.backend-staging.api.uniswap.org/uniswap.platformservice.v1.SessionService/Challenge:0
[  614535ms] [WARNING] WARN {context: Object} Session init failed {tags: Object, extra: Object} @ http://localhost:3000/@fs/C:/Users/avone/OneDrive/Desktop/HokkOS/HookSwap/packages/utilities/src/logger/logger.ts:57
[  614535ms] [WARNING] WARN {context: Object} Session init failed {tags: Object, extra: Object} @ http://localhost:3000/@fs/C:/Users/avone/OneDrive/Desktop/HokkOS/HookSwap/packages/utilities/src/logger/logger.ts:57
[  614535ms] [WARNING] WARN {context: Object} Session init failed {tags: Object, extra: Object} @ http://localhost:3000/@fs/C:/Users/avone/OneDrive/Desktop/HokkOS/HookSwap/packages/utilities/src/logger/logger.ts:57
[  614535ms] [INFO] INFO {context: Object} [Event: Session Init Started] {git_commit_hash: 9ed17066c95192873c6353c7f745d760f7641dce} @ http://localhost:3000/@fs/C:/Users/avone/OneDrive/Desktop/HokkOS/HookSwap/packages/utilities/src/logger/logger.ts:57
[  614536ms] [INFO] INFO {context: Object} Session init started @ http://localhost:3000/@fs/C:/Users/avone/OneDrive/Desktop/HokkOS/HookSwap/packages/utilities/src/logger/logger.ts:57
[  614722ms] [INFO] INFO {context: Object} [Event: Session Init Completed] {need_challenge: true, duration_ms: 187.09999999403954, git_commit_hash: 9ed17066c95192873c6353c7f745d760f7641dce} @ http://localhost:3000/@fs/C:/Users/avone/OneDrive/Desktop/HokkOS/HookSwap/packages/utilities/src/logger/logger.ts:57
[  614723ms] [INFO] INFO {context: Object} Session init completed {needChallenge: true, durationMs: 187.09999999403954} @ http://localhost:3000/@fs/C:/Users/avone/OneDrive/Desktop/HokkOS/HookSwap/packages/utilities/src/logger/logger.ts:57
[  614906ms] [ERROR] Failed to load resource: the server responded with a status of 400 () @ https://entry-gateway.backend-staging.api.uniswap.org/uniswap.platformservice.v1.SessionService/Challenge:0
[  615921ms] [INFO] INFO {context: Object} [Event: Session Init Started] {git_commit_hash: 9ed17066c95192873c6353c7f745d760f7641dce} @ http://localhost:3000/@fs/C:/Users/avone/OneDrive/Desktop/HokkOS/HookSwap/packages/utilities/src/logger/logger.ts:57
[  615921ms] [INFO] INFO {context: Object} Session init started @ http://localhost:3000/@fs/C:/Users/avone/OneDrive/Desktop/HokkOS/HookSwap/packages/utilities/src/logger/logger.ts:57
[  616169ms] [INFO] INFO {context: Object} [Event: Session Init Completed] {need_challenge: true, duration_ms: 247.89999997615814, git_commit_hash: 9ed17066c95192873c6353c7f745d760f7641dce} @ http://localhost:3000/@fs/C:/Users/avone/OneDrive/Desktop/HokkOS/HookSwap/packages/utilities/src/logger/logger.ts:57
[  616169ms] [INFO] INFO {context: Object} Session init completed {needChallenge: true, durationMs: 247.89999997615814} @ http://localhost:3000/@fs/C:/Users/avone/OneDrive/Desktop/HokkOS/HookSwap/packages/utilities/src/logger/logger.ts:57
[  616397ms] [ERROR] Failed to load resource: the server responded with a status of 400 () @ https://entry-gateway.backend-staging.api.uniswap.org/uniswap.platformservice.v1.SessionService/Challenge:0
[  618412ms] [INFO] INFO {context: Object} [Event: Session Init Started] {git_commit_hash: 9ed17066c95192873c6353c7f745d760f7641dce} @ http://localhost:3000/@fs/C:/Users/avone/OneDrive/Desktop/HokkOS/HookSwap/packages/utilities/src/logger/logger.ts:57
[  618412ms] [INFO] INFO {context: Object} Session init started @ http://localhost:3000/@fs/C:/Users/avone/OneDrive/Desktop/HokkOS/HookSwap/packages/utilities/src/logger/logger.ts:57
[  618584ms] [INFO] INFO {context: Object} [Event: Session Init Completed] {need_challenge: true, duration_ms: 172.2999999821186, git_commit_hash: 9ed17066c95192873c6353c7f745d760f7641dce} @ http://localhost:3000/@fs/C:/Users/avone/OneDrive/Desktop/HokkOS/HookSwap/packages/utilities/src/logger/logger.ts:57
[  618585ms] [INFO] INFO {context: Object} Session init completed {needChallenge: true, durationMs: 172.2999999821186} @ http://localhost:3000/@fs/C:/Users/avone/OneDrive/Desktop/HokkOS/HookSwap/packages/utilities/src/logger/logger.ts:57
[  618731ms] [ERROR] Failed to load resource: the server responded with a status of 400 () @ https://entry-gateway.backend-staging.api.uniswap.org/uniswap.platformservice.v1.SessionService/Challenge:0
[  622749ms] [INFO] INFO {context: Object} [Event: Session Init Started] {git_commit_hash: 9ed17066c95192873c6353c7f745d760f7641dce} @ http://localhost:3000/@fs/C:/Users/avone/OneDrive/Desktop/HokkOS/HookSwap/packages/utilities/src/logger/logger.ts:57
[  622749ms] [INFO] INFO {context: Object} Session init started @ http://localhost:3000/@fs/C:/Users/avone/OneDrive/Desktop/HokkOS/HookSwap/packages/utilities/src/logger/logger.ts:57
[  623138ms] [INFO] INFO {context: Object} [Event: Session Init Completed] {need_challenge: true, duration_ms: 389.5, git_commit_hash: 9ed17066c95192873c6353c7f745d760f7641dce} @ http://localhost:3000/@fs/C:/Users/avone/OneDrive/Desktop/HokkOS/HookSwap/packages/utilities/src/logger/logger.ts:57
[  623138ms] [INFO] INFO {context: Object} Session init completed {needChallenge: true, durationMs: 389.5} @ http://localhost:3000/@fs/C:/Users/avone/OneDrive/Desktop/HokkOS/HookSwap/packages/utilities/src/logger/logger.ts:57
[  623312ms] [ERROR] Failed to load resource: the server responded with a status of 400 () @ https://entry-gateway.backend-staging.api.uniswap.org/uniswap.platformservice.v1.SessionService/Challenge:0
[  623313ms] [WARNING] WARN {context: Object} Session init failed {tags: Object, extra: Object} @ http://localhost:3000/@fs/C:/Users/avone/OneDrive/Desktop/HokkOS/HookSwap/packages/utilities/src/logger/logger.ts:57
[  623313ms] [WARNING] WARN {context: Object} Session init failed {tags: Object, extra: Object} @ http://localhost:3000/@fs/C:/Users/avone/OneDrive/Desktop/HokkOS/HookSwap/packages/utilities/src/logger/logger.ts:57
[  623314ms] [WARNING] WARN {context: Object} Session init failed {tags: Object, extra: Object} @ http://localhost:3000/@fs/C:/Users/avone/OneDrive/Desktop/HokkOS/HookSwap/packages/utilities/src/logger/logger.ts:57
[  623314ms] [WARNING] WARN {context: Object} Session init failed {tags: Object, extra: Object} @ http://localhost:3000/@fs/C:/Users/avone/OneDrive/Desktop/HokkOS/HookSwap/packages/utilities/src/logger/logger.ts:57
[  623332ms] [INFO] INFO {context: Object} [Event: Session Init Started] {git_commit_hash: 9ed17066c95192873c6353c7f745d760f7641dce} @ http://localhost:3000/@fs/C:/Users/avone/OneDrive/Desktop/HokkOS/HookSwap/packages/utilities/src/logger/logger.ts:57
[  623332ms] [INFO] INFO {context: Object} Session init started @ http://localhost:3000/@fs/C:/Users/avone/OneDrive/Desktop/HokkOS/HookSwap/packages/utilities/src/logger/logger.ts:57
[  623541ms] [INFO] INFO {context: Object} [Event: Session Init Completed] {need_challenge: true, duration_ms: 209.59999999403954, git_commit_hash: 9ed17066c95192873c6353c7f745d760f7641dce} @ http://localhost:3000/@fs/C:/Users/avone/OneDrive/Desktop/HokkOS/HookSwap/packages/utilities/src/logger/logger.ts:57
[  623542ms] [INFO] INFO {context: Object} Session init completed {needChallenge: true, durationMs: 209.59999999403954} @ http://localhost:3000/@fs/C:/Users/avone/OneDrive/Desktop/HokkOS/HookSwap/packages/utilities/src/logger/logger.ts:57
[  623943ms] [ERROR] Failed to load resource: the server responded with a status of 400 () @ https://entry-gateway.backend-staging.api.uniswap.org/uniswap.platformservice.v1.SessionService/Challenge:0
[  624953ms] [INFO] INFO {context: Object} [Event: Session Init Started] {git_commit_hash: 9ed17066c95192873c6353c7f745d760f7641dce} @ http://localhost:3000/@fs/C:/Users/avone/OneDrive/Desktop/HokkOS/HookSwap/packages/utilities/src/logger/logger.ts:57
[  624953ms] [INFO] INFO {context: Object} Session init started @ http://localhost:3000/@fs/C:/Users/avone/OneDrive/Desktop/HokkOS/HookSwap/packages/utilities/src/logger/logger.ts:57
[  625104ms] [INFO] INFO {context: Object} [Event: Session Init Completed] {need_challenge: true, duration_ms: 151.2000000178814, git_commit_hash: 9ed17066c95192873c6353c7f745d760f7641dce} @ http://localhost:3000/@fs/C:/Users/avone/OneDrive/Desktop/HokkOS/HookSwap/packages/utilities/src/logger/logger.ts:57
[  625104ms] [INFO] INFO {context: Object} Session init completed {needChallenge: true, durationMs: 151.2000000178814} @ http://localhost:3000/@fs/C:/Users/avone/OneDrive/Desktop/HokkOS/HookSwap/packages/utilities/src/logger/logger.ts:57
[  625254ms] [ERROR] Failed to load resource: the server responded with a status of 400 () @ https://entry-gateway.backend-staging.api.uniswap.org/uniswap.platformservice.v1.SessionService/Challenge:0
[  627263ms] [INFO] INFO {context: Object} [Event: Session Init Started] {git_commit_hash: 9ed17066c95192873c6353c7f745d760f7641dce} @ http://localhost:3000/@fs/C:/Users/avone/OneDrive/Desktop/HokkOS/HookSwap/packages/utilities/src/logger/logger.ts:57
[  627263ms] [INFO] INFO {context: Object} Session init started @ http://localhost:3000/@fs/C:/Users/avone/OneDrive/Desktop/HokkOS/HookSwap/packages/utilities/src/logger/logger.ts:57
[  627414ms] [INFO] INFO {context: Object} [Event: Session Init Completed] {need_challenge: true, duration_ms: 151, git_commit_hash: 9ed17066c95192873c6353c7f745d760f7641dce} @ http://localhost:3000/@fs/C:/Users/avone/OneDrive/Desktop/HokkOS/HookSwap/packages/utilities/src/logger/logger.ts:57
[  627414ms] [INFO] INFO {context: Object} Session init completed {needChallenge: true, durationMs: 151} @ http://localhost:3000/@fs/C:/Users/avone/OneDrive/Desktop/HokkOS/HookSwap/packages/utilities/src/logger/logger.ts:57
[  627694ms] [ERROR] Failed to load resource: the server responded with a status of 400 () @ https://entry-gateway.backend-staging.api.uniswap.org/uniswap.platformservice.v1.SessionService/Challenge:0
[  631696ms] [INFO] INFO {context: Object} [Event: Session Init Started] {git_commit_hash: 9ed17066c95192873c6353c7f745d760f7641dce} @ http://localhost:3000/@fs/C:/Users/avone/OneDrive/Desktop/HokkOS/HookSwap/packages/utilities/src/logger/logger.ts:57
[  631696ms] [INFO] INFO {context: Object} Session init started @ http://localhost:3000/@fs/C:/Users/avone/OneDrive/Desktop/HokkOS/HookSwap/packages/utilities/src/logger/logger.ts:57
[  632570ms] [INFO] INFO {context: Object} [Event: Session Init Completed] {need_challenge: true, duration_ms: 874.0999999940395, git_commit_hash: 9ed17066c95192873c6353c7f745d760f7641dce} @ http://localhost:3000/@fs/C:/Users/avone/OneDrive/Desktop/HokkOS/HookSwap/packages/utilities/src/logger/logger.ts:57
[  632570ms] [INFO] INFO {context: Object} Session init completed {needChallenge: true, durationMs: 874.0999999940395} @ http://localhost:3000/@fs/C:/Users/avone/OneDrive/Desktop/HokkOS/HookSwap/packages/utilities/src/logger/logger.ts:57
[  632729ms] [ERROR] Failed to load resource: the server responded with a status of 400 () @ https://entry-gateway.backend-staging.api.uniswap.org/uniswap.platformservice.v1.SessionService/Challenge:0
[  632730ms] [WARNING] WARN {context: Object} Session init failed {tags: Object, extra: Object} @ http://localhost:3000/@fs/C:/Users/avone/OneDrive/Desktop/HokkOS/HookSwap/packages/utilities/src/logger/logger.ts:57
[  632730ms] [WARNING] WARN {context: Object} Session init failed {tags: Object, extra: Object} @ http://localhost:3000/@fs/C:/Users/avone/OneDrive/Desktop/HokkOS/HookSwap/packages/utilities/src/logger/logger.ts:57
[  632730ms] [WARNING] WARN {context: Object} Session init failed {tags: Object, extra: Object} @ http://localhost:3000/@fs/C:/Users/avone/OneDrive/Desktop/HokkOS/HookSwap/packages/utilities/src/logger/logger.ts:57
[  632730ms] [WARNING] WARN {context: Object} Session init failed {tags: Object, extra: Object} @ http://localhost:3000/@fs/C:/Users/avone/OneDrive/Desktop/HokkOS/HookSwap/packages/utilities/src/logger/logger.ts:57
[  632730ms] [WARNING] WARN {context: Object} Suppressed 23 RPC errors in previous 60s window {provider: unirpc, chainId: 1, methods: Object, errors: Object} @ http://localhost:3000/@fs/C:/Users/avone/OneDrive/Desktop/HokkOS/HookSwap/packages/utilities/src/logger/logger.ts:57
[  632730ms] [WARNING] WARN {context: Object} RPC error {method: net_version, chainId: 1, durationMs: 9399, provider: unirpc, transport: viem} @ http://localhost:3000/@fs/C:/Users/avone/OneDrive/Desktop/HokkOS/HookSwap/packages/utilities/src/logger/logger.ts:57
[  632730ms] [WARNING] WARN {context: Object} RPC error {method: eth_blockNumber, chainId: 1, durationMs: 9392, provider: unirpc, transport: viem} @ http://localhost:3000/@fs/C:/Users/avone/OneDrive/Desktop/HokkOS/HookSwap/packages/utilities/src/logger/logger.ts:57
[  632731ms] [WARNING] WARN {context: Object} RPC error {method: eth_chainId, chainId: 1, durationMs: 9391, provider: unirpc, transport: viem} @ http://localhost:3000/@fs/C:/Users/avone/OneDrive/Desktop/HokkOS/HookSwap/packages/utilities/src/logger/logger.ts:57
[  632731ms] [WARNING] WARN {context: Object} RPC error {method: eth_call, chainId: 1, durationMs: 9240, provider: unirpc, transport: viem} @ http://localhost:3000/@fs/C:/Users/avone/OneDrive/Desktop/HokkOS/HookSwap/packages/utilities/src/logger/logger.ts:57
[  632731ms] [INFO] INFO {context: Object} [Event: Session Init Started] {git_commit_hash: 9ed17066c95192873c6353c7f745d760f7641dce} @ http://localhost:3000/@fs/C:/Users/avone/OneDrive/Desktop/HokkOS/HookSwap/packages/utilities/src/logger/logger.ts:57
[  632731ms] [INFO] INFO {context: Object} Session init started @ http://localhost:3000/@fs/C:/Users/avone/OneDrive/Desktop/HokkOS/HookSwap/packages/utilities/src/logger/logger.ts:57
[  632879ms] [INFO] INFO {context: Object} [Event: Session Init Completed] {need_challenge: true, duration_ms: 147.7999999821186, git_commit_hash: 9ed17066c95192873c6353c7f745d760f7641dce} @ http://localhost:3000/@fs/C:/Users/avone/OneDrive/Desktop/HokkOS/HookSwap/packages/utilities/src/logger/logger.ts:57
[  632879ms] [INFO] INFO {context: Object} Session init completed {needChallenge: true, durationMs: 147.7999999821186} @ http://localhost:3000/@fs/C:/Users/avone/OneDrive/Desktop/HokkOS/HookSwap/packages/utilities/src/logger/logger.ts:57
[  633032ms] [ERROR] Failed to load resource: the server responded with a status of 400 () @ https://entry-gateway.backend-staging.api.uniswap.org/uniswap.platformservice.v1.SessionService/Challenge:0
[  634043ms] [INFO] INFO {context: Object} [Event: Session Init Started] {git_commit_hash: 9ed17066c95192873c6353c7f745d760f7641dce} @ http://localhost:3000/@fs/C:/Users/avone/OneDrive/Desktop/HokkOS/HookSwap/packages/utilities/src/logger/logger.ts:57
[  634044ms] [INFO] INFO {context: Object} Session init started @ http://localhost:3000/@fs/C:/Users/avone/OneDrive/Desktop/HokkOS/HookSwap/packages/utilities/src/logger/logger.ts:57
[  634206ms] [INFO] INFO {context: Object} [Event: Session Init Completed] {need_challenge: true, duration_ms: 162.90000000596046, git_commit_hash: 9ed17066c95192873c6353c7f745d760f7641dce} @ http://localhost:3000/@fs/C:/Users/avone/OneDrive/Desktop/HokkOS/HookSwap/packages/utilities/src/logger/logger.ts:57
[  634206ms] [INFO] INFO {context: Object} Session init completed {needChallenge: true, durationMs: 162.90000000596046} @ http://localhost:3000/@fs/C:/Users/avone/OneDrive/Desktop/HokkOS/HookSwap/packages/utilities/src/logger/logger.ts:57
[  634829ms] [ERROR] Failed to load resource: the server responded with a status of 400 () @ https://entry-gateway.backend-staging.api.uniswap.org/uniswap.platformservice.v1.SessionService/Challenge:0
[  636832ms] [INFO] INFO {context: Object} [Event: Session Init Started] {git_commit_hash: 9ed17066c95192873c6353c7f745d760f7641dce} @ http://localhost:3000/@fs/C:/Users/avone/OneDrive/Desktop/HokkOS/HookSwap/packages/utilities/src/logger/logger.ts:57
[  636833ms] [INFO] INFO {context: Object} Session init started @ http://localhost:3000/@fs/C:/Users/avone/OneDrive/Desktop/HokkOS/HookSwap/packages/utilities/src/logger/logger.ts:57
[  637010ms] [INFO] INFO {context: Object} [Event: Session Init Completed] {need_challenge: true, duration_ms: 177.30000001192093, git_commit_hash: 9ed17066c95192873c6353c7f745d760f7641dce} @ http://localhost:3000/@fs/C:/Users/avone/OneDrive/Desktop/HokkOS/HookSwap/packages/utilities/src/logger/logger.ts:57
[  637010ms] [INFO] INFO {context: Object} Session init completed {needChallenge: true, durationMs: 177.30000001192093} @ http://localhost:3000/@fs/C:/Users/avone/OneDrive/Desktop/HokkOS/HookSwap/packages/utilities/src/logger/logger.ts:57
[  637200ms] [ERROR] Failed to load resource: the server responded with a status of 400 () @ https://entry-gateway.backend-staging.api.uniswap.org/uniswap.platformservice.v1.SessionService/Challenge:0
[  641216ms] [INFO] INFO {context: Object} [Event: Session Init Started] {git_commit_hash: 9ed17066c95192873c6353c7f745d760f7641dce} @ http://localhost:3000/@fs/C:/Users/avone/OneDrive/Desktop/HokkOS/HookSwap/packages/utilities/src/logger/logger.ts:57
[  641216ms] [INFO] INFO {context: Object} Session init started @ http://localhost:3000/@fs/C:/Users/avone/OneDrive/Desktop/HokkOS/HookSwap/packages/utilities/src/logger/logger.ts:57
[  641438ms] [INFO] INFO {context: Object} [Event: Session Init Completed] {need_challenge: true, duration_ms: 222.59999999403954, git_commit_hash: 9ed17066c95192873c6353c7f745d760f7641dce} @ http://localhost:3000/@fs/C:/Users/avone/OneDrive/Desktop/HokkOS/HookSwap/packages/utilities/src/logger/logger.ts:57
[  641438ms] [INFO] INFO {context: Object} Session init completed {needChallenge: true, durationMs: 222.59999999403954} @ http://localhost:3000/@fs/C:/Users/avone/OneDrive/Desktop/HokkOS/HookSwap/packages/utilities/src/logger/logger.ts:57
[  641613ms] [ERROR] Failed to load resource: the server responded with a status of 400 () @ https://entry-gateway.backend-staging.api.uniswap.org/uniswap.platformservice.v1.SessionService/Challenge:0
[  641613ms] [WARNING] WARN {context: Object} Session init failed {tags: Object, extra: Object} @ http://localhost:3000/@fs/C:/Users/avone/OneDrive/Desktop/HokkOS/HookSwap/packages/utilities/src/logger/logger.ts:57
[  641613ms] [WARNING] WARN {context: Object} Session init failed {tags: Object, extra: Object} @ http://localhost:3000/@fs/C:/Users/avone/OneDrive/Desktop/HokkOS/HookSwap/packages/utilities/src/logger/logger.ts:57
[  641613ms] [WARNING] WARN {context: Object} Session init failed {tags: Object, extra: Object} @ http://localhost:3000/@fs/C:/Users/avone/OneDrive/Desktop/HokkOS/HookSwap/packages/utilities/src/logger/logger.ts:57
[  641614ms] [WARNING] WARN {context: Object} Session init failed {tags: Object, extra: Object} @ http://localhost:3000/@fs/C:/Users/avone/OneDrive/Desktop/HokkOS/HookSwap/packages/utilities/src/logger/logger.ts:57
[  641614ms] [WARNING] WARN {context: Object} RPC error {method: net_version, chainId: 1, durationMs: 8883, provider: unirpc, transport: viem} @ http://localhost:3000/@fs/C:/Users/avone/OneDrive/Desktop/HokkOS/HookSwap/packages/utilities/src/logger/logger.ts:57
[  641614ms] [INFO] INFO {context: Object} [Event: Session Init Started] {git_commit_hash: 9ed17066c95192873c6353c7f745d760f7641dce} @ http://localhost:3000/@fs/C:/Users/avone/OneDrive/Desktop/HokkOS/HookSwap/packages/utilities/src/logger/logger.ts:57
[  641614ms] [INFO] INFO {context: Object} Session init started @ http://localhost:3000/@fs/C:/Users/avone/OneDrive/Desktop/HokkOS/HookSwap/packages/utilities/src/logger/logger.ts:57
[  641809ms] [INFO] INFO {context: Object} [Event: Session Init Completed] {need_challenge: true, duration_ms: 195.5, git_commit_hash: 9ed17066c95192873c6353c7f745d760f7641dce} @ http://localhost:3000/@fs/C:/Users/avone/OneDrive/Desktop/HokkOS/HookSwap/packages/utilities/src/logger/logger.ts:57
[  641810ms] [INFO] INFO {context: Object} Session init completed {needChallenge: true, durationMs: 195.5} @ http://localhost:3000/@fs/C:/Users/avone/OneDrive/Desktop/HokkOS/HookSwap/packages/utilities/src/logger/logger.ts:57
[  642003ms] [ERROR] Failed to load resource: the server responded with a status of 400 () @ https://entry-gateway.backend-staging.api.uniswap.org/uniswap.platformservice.v1.SessionService/Challenge:0
[  643018ms] [INFO] INFO {context: Object} [Event: Session Init Started] {git_commit_hash: 9ed17066c95192873c6353c7f745d760f7641dce} @ http://localhost:3000/@fs/C:/Users/avone/OneDrive/Desktop/HokkOS/HookSwap/packages/utilities/src/logger/logger.ts:57
[  643019ms] [INFO] INFO {context: Object} Session init started @ http://localhost:3000/@fs/C:/Users/avone/OneDrive/Desktop/HokkOS/HookSwap/packages/utilities/src/logger/logger.ts:57
[  643819ms] [INFO] INFO {context: Object} [Event: Session Init Completed] {need_challenge: true, duration_ms: 800.1000000238419, git_commit_hash: 9ed17066c95192873c6353c7f745d760f7641dce} @ http://localhost:3000/@fs/C:/Users/avone/OneDrive/Desktop/HokkOS/HookSwap/packages/utilities/src/logger/logger.ts:57
[  643819ms] [INFO] INFO {context: Object} Session init completed {needChallenge: true, durationMs: 800.1000000238419} @ http://localhost:3000/@fs/C:/Users/avone/OneDrive/Desktop/HokkOS/HookSwap/packages/utilities/src/logger/logger.ts:57
[  643972ms] [ERROR] Failed to load resource: the server responded with a status of 400 () @ https://entry-gateway.backend-staging.api.uniswap.org/uniswap.platformservice.v1.SessionService/Challenge:0
[  645978ms] [INFO] INFO {context: Object} [Event: Session Init Started] {git_commit_hash: 9ed17066c95192873c6353c7f745d760f7641dce} @ http://localhost:3000/@fs/C:/Users/avone/OneDrive/Desktop/HokkOS/HookSwap/packages/utilities/src/logger/logger.ts:57
[  645979ms] [INFO] INFO {context: Object} Session init started @ http://localhost:3000/@fs/C:/Users/avone/OneDrive/Desktop/HokkOS/HookSwap/packages/utilities/src/logger/logger.ts:57
[  646104ms] [INFO] INFO {context: Object} [Event: Session Init Completed] {need_challenge: true, duration_ms: 126, git_commit_hash: 9ed17066c95192873c6353c7f745d760f7641dce} @ http://localhost:3000/@fs/C:/Users/avone/OneDrive/Desktop/HokkOS/HookSwap/packages/utilities/src/logger/logger.ts:57
[  646104ms] [INFO] INFO {context: Object} Session init completed {needChallenge: true, durationMs: 126} @ http://localhost:3000/@fs/C:/Users/avone/OneDrive/Desktop/HokkOS/HookSwap/packages/utilities/src/logger/logger.ts:57
[  646220ms] [ERROR] Failed to load resource: the server responded with a status of 400 () @ https://entry-gateway.backend-staging.api.uniswap.org/uniswap.platformservice.v1.SessionService/Challenge:0
[  650237ms] [INFO] INFO {context: Object} [Event: Session Init Started] {git_commit_hash: 9ed17066c95192873c6353c7f745d760f7641dce} @ http://localhost:3000/@fs/C:/Users/avone/OneDrive/Desktop/HokkOS/HookSwap/packages/utilities/src/logger/logger.ts:57
[  650237ms] [INFO] INFO {context: Object} Session init started @ http://localhost:3000/@fs/C:/Users/avone/OneDrive/Desktop/HokkOS/HookSwap/packages/utilities/src/logger/logger.ts:57
[  650410ms] [INFO] INFO {context: Object} [Event: Session Init Completed] {need_challenge: true, duration_ms: 172.59999999403954, git_commit_hash: 9ed17066c95192873c6353c7f745d760f7641dce} @ http://localhost:3000/@fs/C:/Users/avone/OneDrive/Desktop/HokkOS/HookSwap/packages/utilities/src/logger/logger.ts:57
[  650410ms] [INFO] INFO {context: Object} Session init completed {needChallenge: true, durationMs: 172.59999999403954} @ http://localhost:3000/@fs/C:/Users/avone/OneDrive/Desktop/HokkOS/HookSwap/packages/utilities/src/logger/logger.ts:57
[  650561ms] [ERROR] Failed to load resource: the server responded with a status of 400 () @ https://entry-gateway.backend-staging.api.uniswap.org/uniswap.platformservice.v1.SessionService/Challenge:0
[  650562ms] [WARNING] WARN {context: Object} Session init failed {tags: Object, extra: Object} @ http://localhost:3000/@fs/C:/Users/avone/OneDrive/Desktop/HokkOS/HookSwap/packages/utilities/src/logger/logger.ts:57
[  650562ms] [WARNING] WARN {context: Object} Session init failed {tags: Object, extra: Object} @ http://localhost:3000/@fs/C:/Users/avone/OneDrive/Desktop/HokkOS/HookSwap/packages/utilities/src/logger/logger.ts:57
[  650562ms] [WARNING] WARN {context: Object} Session init failed {tags: Object, extra: Object} @ http://localhost:3000/@fs/C:/Users/avone/OneDrive/Desktop/HokkOS/HookSwap/packages/utilities/src/logger/logger.ts:57
[  650563ms] [WARNING] WARN {context: Object} Session init failed {tags: Object, extra: Object} @ http://localhost:3000/@fs/C:/Users/avone/OneDrive/Desktop/HokkOS/HookSwap/packages/utilities/src/logger/logger.ts:57
[  650563ms] [INFO] INFO {context: Object} [Event: Session Init Started] {git_commit_hash: 9ed17066c95192873c6353c7f745d760f7641dce} @ http://localhost:3000/@fs/C:/Users/avone/OneDrive/Desktop/HokkOS/HookSwap/packages/utilities/src/logger/logger.ts:57
[  650563ms] [INFO] INFO {context: Object} Session init started @ http://localhost:3000/@fs/C:/Users/avone/OneDrive/Desktop/HokkOS/HookSwap/packages/utilities/src/logger/logger.ts:57
[  650704ms] [INFO] INFO {context: Object} [Event: Session Init Completed] {need_challenge: true, duration_ms: 140.5, git_commit_hash: 9ed17066c95192873c6353c7f745d760f7641dce} @ http://localhost:3000/@fs/C:/Users/avone/OneDrive/Desktop/HokkOS/HookSwap/packages/utilities/src/logger/logger.ts:57
[  650704ms] [INFO] INFO {context: Object} Session init completed {needChallenge: true, durationMs: 140.5} @ http://localhost:3000/@fs/C:/Users/avone/OneDrive/Desktop/HokkOS/HookSwap/packages/utilities/src/logger/logger.ts:57
[  650856ms] [ERROR] Failed to load resource: the server responded with a status of 400 () @ https://entry-gateway.backend-staging.api.uniswap.org/uniswap.platformservice.v1.SessionService/Challenge:0
[  651868ms] [INFO] INFO {context: Object} [Event: Session Init Started] {git_commit_hash: 9ed17066c95192873c6353c7f745d760f7641dce} @ http://localhost:3000/@fs/C:/Users/avone/OneDrive/Desktop/HokkOS/HookSwap/packages/utilities/src/logger/logger.ts:57
[  651869ms] [INFO] INFO {context: Object} Session init started @ http://localhost:3000/@fs/C:/Users/avone/OneDrive/Desktop/HokkOS/HookSwap/packages/utilities/src/logger/logger.ts:57
[  652032ms] [INFO] INFO {context: Object} [Event: Session Init Completed] {need_challenge: true, duration_ms: 163.59999999403954, git_commit_hash: 9ed17066c95192873c6353c7f745d760f7641dce} @ http://localhost:3000/@fs/C:/Users/avone/OneDrive/Desktop/HokkOS/HookSwap/packages/utilities/src/logger/logger.ts:57
[  652032ms] [INFO] INFO {context: Object} Session init completed {needChallenge: true, durationMs: 163.59999999403954} @ http://localhost:3000/@fs/C:/Users/avone/OneDrive/Desktop/HokkOS/HookSwap/packages/utilities/src/logger/logger.ts:57
[  652196ms] [ERROR] Failed to load resource: the server responded with a status of 400 () @ https://entry-gateway.backend-staging.api.uniswap.org/uniswap.platformservice.v1.SessionService/Challenge:0
[  654199ms] [INFO] INFO {context: Object} [Event: Session Init Started] {git_commit_hash: 9ed17066c95192873c6353c7f745d760f7641dce} @ http://localhost:3000/@fs/C:/Users/avone/OneDrive/Desktop/HokkOS/HookSwap/packages/utilities/src/logger/logger.ts:57
[  654200ms] [INFO] INFO {context: Object} Session init started @ http://localhost:3000/@fs/C:/Users/avone/OneDrive/Desktop/HokkOS/HookSwap/packages/utilities/src/logger/logger.ts:57
[  654529ms] [INFO] INFO {context: Object} [Event: Session Init Completed] {need_challenge: true, duration_ms: 329.5, git_commit_hash: 9ed17066c95192873c6353c7f745d760f7641dce} @ http://localhost:3000/@fs/C:/Users/avone/OneDrive/Desktop/HokkOS/HookSwap/packages/utilities/src/logger/logger.ts:57
[  654529ms] [INFO] INFO {context: Object} Session init completed {needChallenge: true, durationMs: 329.5} @ http://localhost:3000/@fs/C:/Users/avone/OneDrive/Desktop/HokkOS/HookSwap/packages/utilities/src/logger/logger.ts:57
[  654785ms] [ERROR] Failed to load resource: the server responded with a status of 400 () @ https://entry-gateway.backend-staging.api.uniswap.org/uniswap.platformservice.v1.SessionService/Challenge:0
[  658792ms] [INFO] INFO {context: Object} [Event: Session Init Started] {git_commit_hash: 9ed17066c95192873c6353c7f745d760f7641dce} @ http://localhost:3000/@fs/C:/Users/avone/OneDrive/Desktop/HokkOS/HookSwap/packages/utilities/src/logger/logger.ts:57
[  658792ms] [INFO] INFO {context: Object} Session init started @ http://localhost:3000/@fs/C:/Users/avone/OneDrive/Desktop/HokkOS/HookSwap/packages/utilities/src/logger/logger.ts:57
[  658982ms] [INFO] INFO {context: Object} [Event: Session Init Completed] {need_challenge: true, duration_ms: 189.69999998807907, git_commit_hash: 9ed17066c95192873c6353c7f745d760f7641dce} @ http://localhost:3000/@fs/C:/Users/avone/OneDrive/Desktop/HokkOS/HookSwap/packages/utilities/src/logger/logger.ts:57
[  658982ms] [INFO] INFO {context: Object} Session init completed {needChallenge: true, durationMs: 189.69999998807907} @ http://localhost:3000/@fs/C:/Users/avone/OneDrive/Desktop/HokkOS/HookSwap/packages/utilities/src/logger/logger.ts:57
[  659154ms] [ERROR] Failed to load resource: the server responded with a status of 400 () @ https://entry-gateway.backend-staging.api.uniswap.org/uniswap.platformservice.v1.SessionService/Challenge:0
[  659155ms] [WARNING] WARN {context: Object} Session init failed {tags: Object, extra: Object} @ http://localhost:3000/@fs/C:/Users/avone/OneDrive/Desktop/HokkOS/HookSwap/packages/utilities/src/logger/logger.ts:57
[  659156ms] [WARNING] WARN {context: Object} Session init failed {tags: Object, extra: Object} @ http://localhost:3000/@fs/C:/Users/avone/OneDrive/Desktop/HokkOS/HookSwap/packages/utilities/src/logger/logger.ts:57
[  659156ms] [WARNING] WARN {context: Object} Session init failed {tags: Object, extra: Object} @ http://localhost:3000/@fs/C:/Users/avone/OneDrive/Desktop/HokkOS/HookSwap/packages/utilities/src/logger/logger.ts:57
[  659156ms] [INFO] INFO {context: Object} [Event: Session Init Started] {git_commit_hash: 9ed17066c95192873c6353c7f745d760f7641dce} @ http://localhost:3000/@fs/C:/Users/avone/OneDrive/Desktop/HokkOS/HookSwap/packages/utilities/src/logger/logger.ts:57
[  659157ms] [INFO] INFO {context: Object} Session init started @ http://localhost:3000/@fs/C:/Users/avone/OneDrive/Desktop/HokkOS/HookSwap/packages/utilities/src/logger/logger.ts:57
[  659343ms] [INFO] INFO {context: Object} [Event: Session Init Completed] {need_challenge: true, duration_ms: 187, git_commit_hash: 9ed17066c95192873c6353c7f745d760f7641dce} @ http://localhost:3000/@fs/C:/Users/avone/OneDrive/Desktop/HokkOS/HookSwap/packages/utilities/src/logger/logger.ts:57
[  659343ms] [INFO] INFO {context: Object} Session init completed {needChallenge: true, durationMs: 187} @ http://localhost:3000/@fs/C:/Users/avone/OneDrive/Desktop/HokkOS/HookSwap/packages/utilities/src/logger/logger.ts:57
[  659497ms] [ERROR] Failed to load resource: the server responded with a status of 400 () @ https://entry-gateway.backend-staging.api.uniswap.org/uniswap.platformservice.v1.SessionService/Challenge:0
[  660513ms] [INFO] INFO {context: Object} [Event: Session Init Started] {git_commit_hash: 9ed17066c95192873c6353c7f745d760f7641dce} @ http://localhost:3000/@fs/C:/Users/avone/OneDrive/Desktop/HokkOS/HookSwap/packages/utilities/src/logger/logger.ts:57
[  660513ms] [INFO] INFO {context: Object} Session init started @ http://localhost:3000/@fs/C:/Users/avone/OneDrive/Desktop/HokkOS/HookSwap/packages/utilities/src/logger/logger.ts:57
[  660675ms] [INFO] INFO {context: Object} [Event: Session Init Completed] {need_challenge: true, duration_ms: 162.89999997615814, git_commit_hash: 9ed17066c95192873c6353c7f745d760f7641dce} @ http://localhost:3000/@fs/C:/Users/avone/OneDrive/Desktop/HokkOS/HookSwap/packages/utilities/src/logger/logger.ts:57
[  660676ms] [INFO] INFO {context: Object} Session init completed {needChallenge: true, durationMs: 162.89999997615814} @ http://localhost:3000/@fs/C:/Users/avone/OneDrive/Desktop/HokkOS/HookSwap/packages/utilities/src/logger/logger.ts:57
[  660893ms] [ERROR] Failed to load resource: the server responded with a status of 400 () @ https://entry-gateway.backend-staging.api.uniswap.org/uniswap.platformservice.v1.SessionService/Challenge:0
[  662900ms] [INFO] INFO {context: Object} [Event: Session Init Started] {git_commit_hash: 9ed17066c95192873c6353c7f745d760f7641dce} @ http://localhost:3000/@fs/C:/Users/avone/OneDrive/Desktop/HokkOS/HookSwap/packages/utilities/src/logger/logger.ts:57
[  662901ms] [INFO] INFO {context: Object} Session init started @ http://localhost:3000/@fs/C:/Users/avone/OneDrive/Desktop/HokkOS/HookSwap/packages/utilities/src/logger/logger.ts:57
[  663033ms] [INFO] INFO {context: Object} [Event: Session Init Completed] {need_challenge: true, duration_ms: 133.09999999403954, git_commit_hash: 9ed17066c95192873c6353c7f745d760f7641dce} @ http://localhost:3000/@fs/C:/Users/avone/OneDrive/Desktop/HokkOS/HookSwap/packages/utilities/src/logger/logger.ts:57
[  663034ms] [INFO] INFO {context: Object} Session init completed {needChallenge: true, durationMs: 133.09999999403954} @ http://localhost:3000/@fs/C:/Users/avone/OneDrive/Desktop/HokkOS/HookSwap/packages/utilities/src/logger/logger.ts:57
[  663135ms] [ERROR] Failed to load resource: the server responded with a status of 400 () @ https://entry-gateway.backend-staging.api.uniswap.org/uniswap.platformservice.v1.SessionService/Challenge:0
[  667138ms] [INFO] INFO {context: Object} [Event: Session Init Started] {git_commit_hash: 9ed17066c95192873c6353c7f745d760f7641dce} @ http://localhost:3000/@fs/C:/Users/avone/OneDrive/Desktop/HokkOS/HookSwap/packages/utilities/src/logger/logger.ts:57
[  667139ms] [INFO] INFO {context: Object} Session init started @ http://localhost:3000/@fs/C:/Users/avone/OneDrive/Desktop/HokkOS/HookSwap/packages/utilities/src/logger/logger.ts:57
[  667307ms] [INFO] INFO {context: Object} [Event: Session Init Completed] {need_challenge: true, duration_ms: 168.40000000596046, git_commit_hash: 9ed17066c95192873c6353c7f745d760f7641dce} @ http://localhost:3000/@fs/C:/Users/avone/OneDrive/Desktop/HokkOS/HookSwap/packages/utilities/src/logger/logger.ts:57
[  667307ms] [INFO] INFO {context: Object} Session init completed {needChallenge: true, durationMs: 168.40000000596046} @ http://localhost:3000/@fs/C:/Users/avone/OneDrive/Desktop/HokkOS/HookSwap/packages/utilities/src/logger/logger.ts:57
[  667472ms] [ERROR] Failed to load resource: the server responded with a status of 400 () @ https://entry-gateway.backend-staging.api.uniswap.org/uniswap.platformservice.v1.SessionService/Challenge:0
[  667473ms] [WARNING] WARN {context: Object} Session init failed {tags: Object, extra: Object} @ http://localhost:3000/@fs/C:/Users/avone/OneDrive/Desktop/HokkOS/HookSwap/packages/utilities/src/logger/logger.ts:57
[  667473ms] [WARNING] WARN {context: Object} Session init failed {tags: Object, extra: Object} @ http://localhost:3000/@fs/C:/Users/avone/OneDrive/Desktop/HokkOS/HookSwap/packages/utilities/src/logger/logger.ts:57
[  667473ms] [WARNING] WARN {context: Object} Session init failed {tags: Object, extra: Object} @ http://localhost:3000/@fs/C:/Users/avone/OneDrive/Desktop/HokkOS/HookSwap/packages/utilities/src/logger/logger.ts:57
[  667474ms] [INFO] INFO {context: Object} [Event: Session Init Started] {git_commit_hash: 9ed17066c95192873c6353c7f745d760f7641dce} @ http://localhost:3000/@fs/C:/Users/avone/OneDrive/Desktop/HokkOS/HookSwap/packages/utilities/src/logger/logger.ts:57
[  667474ms] [INFO] INFO {context: Object} Session init started @ http://localhost:3000/@fs/C:/Users/avone/OneDrive/Desktop/HokkOS/HookSwap/packages/utilities/src/logger/logger.ts:57
[  667640ms] [INFO] INFO {context: Object} [Event: Session Init Completed] {need_challenge: true, duration_ms: 166.19999998807907, git_commit_hash: 9ed17066c95192873c6353c7f745d760f7641dce} @ http://localhost:3000/@fs/C:/Users/avone/OneDrive/Desktop/HokkOS/HookSwap/packages/utilities/src/logger/logger.ts:57
[  667640ms] [INFO] INFO {context: Object} Session init completed {needChallenge: true, durationMs: 166.19999998807907} @ http://localhost:3000/@fs/C:/Users/avone/OneDrive/Desktop/HokkOS/HookSwap/packages/utilities/src/logger/logger.ts:57
[  667798ms] [ERROR] Failed to load resource: the server responded with a status of 400 () @ https://entry-gateway.backend-staging.api.uniswap.org/uniswap.platformservice.v1.SessionService/Challenge:0
[  668806ms] [INFO] INFO {context: Object} [Event: Session Init Started] {git_commit_hash: 9ed17066c95192873c6353c7f745d760f7641dce} @ http://localhost:3000/@fs/C:/Users/avone/OneDrive/Desktop/HokkOS/HookSwap/packages/utilities/src/logger/logger.ts:57
[  668806ms] [INFO] INFO {context: Object} Session init started @ http://localhost:3000/@fs/C:/Users/avone/OneDrive/Desktop/HokkOS/HookSwap/packages/utilities/src/logger/logger.ts:57
[  669011ms] [INFO] INFO {context: Object} [Event: Session Init Completed] {need_challenge: true, duration_ms: 204.69999998807907, git_commit_hash: 9ed17066c95192873c6353c7f745d760f7641dce} @ http://localhost:3000/@fs/C:/Users/avone/OneDrive/Desktop/HokkOS/HookSwap/packages/utilities/src/logger/logger.ts:57
[  669011ms] [INFO] INFO {context: Object} Session init completed {needChallenge: true, durationMs: 204.69999998807907} @ http://localhost:3000/@fs/C:/Users/avone/OneDrive/Desktop/HokkOS/HookSwap/packages/utilities/src/logger/logger.ts:57
[  669164ms] [ERROR] Failed to load resource: the server responded with a status of 400 () @ https://entry-gateway.backend-staging.api.uniswap.org/uniswap.platformservice.v1.SessionService/Challenge:0
[  671179ms] [INFO] INFO {context: Object} [Event: Session Init Started] {git_commit_hash: 9ed17066c95192873c6353c7f745d760f7641dce} @ http://localhost:3000/@fs/C:/Users/avone/OneDrive/Desktop/HokkOS/HookSwap/packages/utilities/src/logger/logger.ts:57
[  671179ms] [INFO] INFO {context: Object} Session init started @ http://localhost:3000/@fs/C:/Users/avone/OneDrive/Desktop/HokkOS/HookSwap/packages/utilities/src/logger/logger.ts:57
[  671452ms] [INFO] INFO {context: Object} [Event: Session Init Completed] {need_challenge: true, duration_ms: 273.09999999403954, git_commit_hash: 9ed17066c95192873c6353c7f745d760f7641dce} @ http://localhost:3000/@fs/C:/Users/avone/OneDrive/Desktop/HokkOS/HookSwap/packages/utilities/src/logger/logger.ts:57
[  671452ms] [INFO] INFO {context: Object} Session init completed {needChallenge: true, durationMs: 273.09999999403954} @ http://localhost:3000/@fs/C:/Users/avone/OneDrive/Desktop/HokkOS/HookSwap/packages/utilities/src/logger/logger.ts:57
[  671612ms] [ERROR] Failed to load resource: the server responded with a status of 400 () @ https://entry-gateway.backend-staging.api.uniswap.org/uniswap.platformservice.v1.SessionService/Challenge:0
[  675623ms] [INFO] INFO {context: Object} [Event: Session Init Started] {git_commit_hash: 9ed17066c95192873c6353c7f745d760f7641dce} @ http://localhost:3000/@fs/C:/Users/avone/OneDrive/Desktop/HokkOS/HookSwap/packages/utilities/src/logger/logger.ts:57
[  675624ms] [INFO] INFO {context: Object} Session init started @ http://localhost:3000/@fs/C:/Users/avone/OneDrive/Desktop/HokkOS/HookSwap/packages/utilities/src/logger/logger.ts:57
[  675801ms] [INFO] INFO {context: Object} [Event: Session Init Completed] {need_challenge: true, duration_ms: 178.30000001192093, git_commit_hash: 9ed17066c95192873c6353c7f745d760f7641dce} @ http://localhost:3000/@fs/C:/Users/avone/OneDrive/Desktop/HokkOS/HookSwap/packages/utilities/src/logger/logger.ts:57
[  675801ms] [INFO] INFO {context: Object} Session init completed {needChallenge: true, durationMs: 178.30000001192093} @ http://localhost:3000/@fs/C:/Users/avone/OneDrive/Desktop/HokkOS/HookSwap/packages/utilities/src/logger/logger.ts:57
[  675967ms] [ERROR] Failed to load resource: the server responded with a status of 400 () @ https://entry-gateway.backend-staging.api.uniswap.org/uniswap.platformservice.v1.SessionService/Challenge:0
[  675969ms] [WARNING] WARN {context: Object} Session init failed {tags: Object, extra: Object} @ http://localhost:3000/@fs/C:/Users/avone/OneDrive/Desktop/HokkOS/HookSwap/packages/utilities/src/logger/logger.ts:57
[  675970ms] [WARNING] WARN {context: Object} Session init failed {tags: Object, extra: Object} @ http://localhost:3000/@fs/C:/Users/avone/OneDrive/Desktop/HokkOS/HookSwap/packages/utilities/src/logger/logger.ts:57
[  675970ms] [WARNING] WARN {context: Object} Session init failed {tags: Object, extra: Object} @ http://localhost:3000/@fs/C:/Users/avone/OneDrive/Desktop/HokkOS/HookSwap/packages/utilities/src/logger/logger.ts:57
[  675971ms] [INFO] INFO {context: Object} [Event: Session Init Started] {git_commit_hash: 9ed17066c95192873c6353c7f745d760f7641dce} @ http://localhost:3000/@fs/C:/Users/avone/OneDrive/Desktop/HokkOS/HookSwap/packages/utilities/src/logger/logger.ts:57
[  675971ms] [INFO] INFO {context: Object} Session init started @ http://localhost:3000/@fs/C:/Users/avone/OneDrive/Desktop/HokkOS/HookSwap/packages/utilities/src/logger/logger.ts:57
[  676145ms] [INFO] INFO {context: Object} [Event: Session Init Completed] {need_challenge: true, duration_ms: 174.19999998807907, git_commit_hash: 9ed17066c95192873c6353c7f745d760f7641dce} @ http://localhost:3000/@fs/C:/Users/avone/OneDrive/Desktop/HokkOS/HookSwap/packages/utilities/src/logger/logger.ts:57
[  676153ms] [INFO] INFO {context: Object} Session init completed {needChallenge: true, durationMs: 174.19999998807907} @ http://localhost:3000/@fs/C:/Users/avone/OneDrive/Desktop/HokkOS/HookSwap/packages/utilities/src/logger/logger.ts:57
[  676313ms] [ERROR] Failed to load resource: the server responded with a status of 400 () @ https://entry-gateway.backend-staging.api.uniswap.org/uniswap.platformservice.v1.SessionService/Challenge:0
[  677327ms] [INFO] INFO {context: Object} [Event: Session Init Started] {git_commit_hash: 9ed17066c95192873c6353c7f745d760f7641dce} @ http://localhost:3000/@fs/C:/Users/avone/OneDrive/Desktop/HokkOS/HookSwap/packages/utilities/src/logger/logger.ts:57
[  677327ms] [INFO] INFO {context: Object} Session init started @ http://localhost:3000/@fs/C:/Users/avone/OneDrive/Desktop/HokkOS/HookSwap/packages/utilities/src/logger/logger.ts:57
[  677555ms] [INFO] INFO {context: Object} [Event: Session Init Completed] {need_challenge: true, duration_ms: 227.90000000596046, git_commit_hash: 9ed17066c95192873c6353c7f745d760f7641dce} @ http://localhost:3000/@fs/C:/Users/avone/OneDrive/Desktop/HokkOS/HookSwap/packages/utilities/src/logger/logger.ts:57
[  677555ms] [INFO] INFO {context: Object} Session init completed {needChallenge: true, durationMs: 227.90000000596046} @ http://localhost:3000/@fs/C:/Users/avone/OneDrive/Desktop/HokkOS/HookSwap/packages/utilities/src/logger/logger.ts:57
[  677757ms] [ERROR] Failed to load resource: the server responded with a status of 400 () @ https://entry-gateway.backend-staging.api.uniswap.org/uniswap.platformservice.v1.SessionService/Challenge:0
[  679784ms] [INFO] INFO {context: Object} [Event: Session Init Started] {git_commit_hash: 9ed17066c95192873c6353c7f745d760f7641dce} @ http://localhost:3000/@fs/C:/Users/avone/OneDrive/Desktop/HokkOS/HookSwap/packages/utilities/src/logger/logger.ts:57
[  679784ms] [INFO] INFO {context: Object} Session init started @ http://localhost:3000/@fs/C:/Users/avone/OneDrive/Desktop/HokkOS/HookSwap/packages/utilities/src/logger/logger.ts:57
[  680882ms] [INFO] INFO {context: Object} [Event: Session Init Completed] {need_challenge: true, duration_ms: 1098.300000011921, git_commit_hash: 9ed17066c95192873c6353c7f745d760f7641dce} @ http://localhost:3000/@fs/C:/Users/avone/OneDrive/Desktop/HokkOS/HookSwap/packages/utilities/src/logger/logger.ts:57
[  680883ms] [INFO] INFO {context: Object} Session init completed {needChallenge: true, durationMs: 1098.300000011921} @ http://localhost:3000/@fs/C:/Users/avone/OneDrive/Desktop/HokkOS/HookSwap/packages/utilities/src/logger/logger.ts:57
[  681386ms] [ERROR] Failed to load resource: the server responded with a status of 400 () @ https://entry-gateway.backend-staging.api.uniswap.org/uniswap.platformservice.v1.SessionService/Challenge:0
[  685398ms] [INFO] INFO {context: Object} [Event: Session Init Started] {git_commit_hash: 9ed17066c95192873c6353c7f745d760f7641dce} @ http://localhost:3000/@fs/C:/Users/avone/OneDrive/Desktop/HokkOS/HookSwap/packages/utilities/src/logger/logger.ts:57
[  685399ms] [INFO] INFO {context: Object} Session init started @ http://localhost:3000/@fs/C:/Users/avone/OneDrive/Desktop/HokkOS/HookSwap/packages/utilities/src/logger/logger.ts:57
[  685553ms] [INFO] INFO {context: Object} [Event: Session Init Completed] {need_challenge: true, duration_ms: 155, git_commit_hash: 9ed17066c95192873c6353c7f745d760f7641dce} @ http://localhost:3000/@fs/C:/Users/avone/OneDrive/Desktop/HokkOS/HookSwap/packages/utilities/src/logger/logger.ts:57
[  685554ms] [INFO] INFO {context: Object} Session init completed {needChallenge: true, durationMs: 155} @ http://localhost:3000/@fs/C:/Users/avone/OneDrive/Desktop/HokkOS/HookSwap/packages/utilities/src/logger/logger.ts:57
[  685986ms] [WARNING] WARN {context: Object} Session ready timed out {tags: Object, extra: Object} @ http://localhost:3000/@fs/C:/Users/avone/OneDrive/Desktop/HokkOS/HookSwap/packages/utilities/src/logger/logger.ts:57
[  685986ms] [WARNING] WARN {context: Object} Session ready timed out {tags: Object, extra: Object} @ http://localhost:3000/@fs/C:/Users/avone/OneDrive/Desktop/HokkOS/HookSwap/packages/utilities/src/logger/logger.ts:57
[  685986ms] [WARNING] WARN {context: Object} Session ready timed out {tags: Object, extra: Object} @ http://localhost:3000/@fs/C:/Users/avone/OneDrive/Desktop/HokkOS/HookSwap/packages/utilities/src/logger/logger.ts:57
[  685988ms] [ERROR] Failed to load resource: the server responded with a status of 400 () @ https://entry-gateway.backend-staging.api.uniswap.org/uniswap.platformservice.v1.SessionService/Challenge:0
[  685989ms] [WARNING] WARN {context: Object} Session init failed {tags: Object, extra: Object} @ http://localhost:3000/@fs/C:/Users/avone/OneDrive/Desktop/HokkOS/HookSwap/packages/utilities/src/logger/logger.ts:57
[  685989ms] [WARNING] WARN {context: Object} Session init failed {tags: Object, extra: Object} @ http://localhost:3000/@fs/C:/Users/avone/OneDrive/Desktop/HokkOS/HookSwap/packages/utilities/src/logger/logger.ts:57
[  685989ms] [WARNING] WARN {context: Object} Session init failed {tags: Object, extra: Object} @ http://localhost:3000/@fs/C:/Users/avone/OneDrive/Desktop/HokkOS/HookSwap/packages/utilities/src/logger/logger.ts:57
[  685989ms] [INFO] INFO {context: Object} [Event: Session Init Started] {git_commit_hash: 9ed17066c95192873c6353c7f745d760f7641dce} @ http://localhost:3000/@fs/C:/Users/avone/OneDrive/Desktop/HokkOS/HookSwap/packages/utilities/src/logger/logger.ts:57
[  685990ms] [INFO] INFO {context: Object} Session init started @ http://localhost:3000/@fs/C:/Users/avone/OneDrive/Desktop/HokkOS/HookSwap/packages/utilities/src/logger/logger.ts:57
[  686296ms] [INFO] INFO {context: Object} [Event: Session Init Completed] {need_challenge: true, duration_ms: 306.2999999821186, git_commit_hash: 9ed17066c95192873c6353c7f745d760f7641dce} @ http://localhost:3000/@fs/C:/Users/avone/OneDrive/Desktop/HokkOS/HookSwap/packages/utilities/src/logger/logger.ts:57
[  686296ms] [INFO] INFO {context: Object} Session init completed {needChallenge: true, durationMs: 306.2999999821186} @ http://localhost:3000/@fs/C:/Users/avone/OneDrive/Desktop/HokkOS/HookSwap/packages/utilities/src/logger/logger.ts:57
[  686477ms] [ERROR] Failed to load resource: the server responded with a status of 400 () @ https://entry-gateway.backend-staging.api.uniswap.org/uniswap.platformservice.v1.SessionService/Challenge:0
[  687488ms] [INFO] INFO {context: Object} [Event: Session Init Started] {git_commit_hash: 9ed17066c95192873c6353c7f745d760f7641dce} @ http://localhost:3000/@fs/C:/Users/avone/OneDrive/Desktop/HokkOS/HookSwap/packages/utilities/src/logger/logger.ts:57
[  687488ms] [INFO] INFO {context: Object} Session init started @ http://localhost:3000/@fs/C:/Users/avone/OneDrive/Desktop/HokkOS/HookSwap/packages/utilities/src/logger/logger.ts:57
[  687876ms] [INFO] INFO {context: Object} [Event: Session Init Completed] {need_challenge: true, duration_ms: 388.30000001192093, git_commit_hash: 9ed17066c95192873c6353c7f745d760f7641dce} @ http://localhost:3000/@fs/C:/Users/avone/OneDrive/Desktop/HokkOS/HookSwap/packages/utilities/src/logger/logger.ts:57
[  687876ms] [INFO] INFO {context: Object} Session init completed {needChallenge: true, durationMs: 388.30000001192093} @ http://localhost:3000/@fs/C:/Users/avone/OneDrive/Desktop/HokkOS/HookSwap/packages/utilities/src/logger/logger.ts:57
[  688177ms] [ERROR] Failed to load resource: the server responded with a status of 400 () @ https://entry-gateway.backend-staging.api.uniswap.org/uniswap.platformservice.v1.SessionService/Challenge:0
[  690185ms] [INFO] INFO {context: Object} [Event: Session Init Started] {git_commit_hash: 9ed17066c95192873c6353c7f745d760f7641dce} @ http://localhost:3000/@fs/C:/Users/avone/OneDrive/Desktop/HokkOS/HookSwap/packages/utilities/src/logger/logger.ts:57
[  690194ms] [INFO] INFO {context: Object} Session init started @ http://localhost:3000/@fs/C:/Users/avone/OneDrive/Desktop/HokkOS/HookSwap/packages/utilities/src/logger/logger.ts:57
[  690390ms] [INFO] INFO {context: Object} [Event: Session Init Completed] {need_challenge: true, duration_ms: 205.2999999821186, git_commit_hash: 9ed17066c95192873c6353c7f745d760f7641dce} @ http://localhost:3000/@fs/C:/Users/avone/OneDrive/Desktop/HokkOS/HookSwap/packages/utilities/src/logger/logger.ts:57
[  690390ms] [INFO] INFO {context: Object} Session init completed {needChallenge: true, durationMs: 205.2999999821186} @ http://localhost:3000/@fs/C:/Users/avone/OneDrive/Desktop/HokkOS/HookSwap/packages/utilities/src/logger/logger.ts:57
[  690534ms] [ERROR] Failed to load resource: the server responded with a status of 400 () @ https://entry-gateway.backend-staging.api.uniswap.org/uniswap.platformservice.v1.SessionService/Challenge:0
[  694543ms] [INFO] INFO {context: Object} [Event: Session Init Started] {git_commit_hash: 9ed17066c95192873c6353c7f745d760f7641dce} @ http://localhost:3000/@fs/C:/Users/avone/OneDrive/Desktop/HokkOS/HookSwap/packages/utilities/src/logger/logger.ts:57
[  694544ms] [INFO] INFO {context: Object} Session init started @ http://localhost:3000/@fs/C:/Users/avone/OneDrive/Desktop/HokkOS/HookSwap/packages/utilities/src/logger/logger.ts:57
[  695168ms] [INFO] INFO {context: Object} [Event: Session Init Completed] {need_challenge: true, duration_ms: 624.5999999940395, git_commit_hash: 9ed17066c95192873c6353c7f745d760f7641dce} @ http://localhost:3000/@fs/C:/Users/avone/OneDrive/Desktop/HokkOS/HookSwap/packages/utilities/src/logger/logger.ts:57
[  695168ms] [INFO] INFO {context: Object} Session init completed {needChallenge: true, durationMs: 624.5999999940395} @ http://localhost:3000/@fs/C:/Users/avone/OneDrive/Desktop/HokkOS/HookSwap/packages/utilities/src/logger/logger.ts:57
[  695290ms] [ERROR] Failed to load resource: the server responded with a status of 400 () @ https://entry-gateway.backend-staging.api.uniswap.org/uniswap.platformservice.v1.SessionService/Challenge:0
[  695291ms] [WARNING] WARN {context: Object} Session init failed {tags: Object, extra: Object} @ http://localhost:3000/@fs/C:/Users/avone/OneDrive/Desktop/HokkOS/HookSwap/packages/utilities/src/logger/logger.ts:57
[  695291ms] [WARNING] WARN {context: Object} Session init failed {tags: Object, extra: Object} @ http://localhost:3000/@fs/C:/Users/avone/OneDrive/Desktop/HokkOS/HookSwap/packages/utilities/src/logger/logger.ts:57
[  695291ms] [WARNING] WARN {context: Object} Session init failed {tags: Object, extra: Object} @ http://localhost:3000/@fs/C:/Users/avone/OneDrive/Desktop/HokkOS/HookSwap/packages/utilities/src/logger/logger.ts:57
[  695291ms] [WARNING] WARN {context: Object} Suppressed 22 RPC errors in previous 60s window {provider: unirpc, chainId: 1, methods: Object, errors: Object} @ http://localhost:3000/@fs/C:/Users/avone/OneDrive/Desktop/HokkOS/HookSwap/packages/utilities/src/logger/logger.ts:57
[  695291ms] [WARNING] WARN {context: Object} RPC error {method: net_version, chainId: 1, durationMs: 9302, provider: unirpc, transport: viem} @ http://localhost:3000/@fs/C:/Users/avone/OneDrive/Desktop/HokkOS/HookSwap/packages/utilities/src/logger/logger.ts:57
[  695291ms] [WARNING] WARN {context: Object} RPC error {method: eth_blockNumber, chainId: 1, durationMs: 9301, provider: unirpc, transport: viem} @ http://localhost:3000/@fs/C:/Users/avone/OneDrive/Desktop/HokkOS/HookSwap/packages/utilities/src/logger/logger.ts:57
[  695291ms] [WARNING] WARN {context: Object} RPC error {method: eth_chainId, chainId: 1, durationMs: 9301, provider: unirpc, transport: viem} @ http://localhost:3000/@fs/C:/Users/avone/OneDrive/Desktop/HokkOS/HookSwap/packages/utilities/src/logger/logger.ts:57
[  695292ms] [INFO] INFO {context: Object} [Event: Session Init Started] {git_commit_hash: 9ed17066c95192873c6353c7f745d760f7641dce} @ http://localhost:3000/@fs/C:/Users/avone/OneDrive/Desktop/HokkOS/HookSwap/packages/utilities/src/logger/logger.ts:57
[  695292ms] [INFO] INFO {context: Object} Session init started @ http://localhost:3000/@fs/C:/Users/avone/OneDrive/Desktop/HokkOS/HookSwap/packages/utilities/src/logger/logger.ts:57
[  695417ms] [INFO] INFO {context: Object} [Event: Session Init Completed] {need_challenge: true, duration_ms: 125, git_commit_hash: 9ed17066c95192873c6353c7f745d760f7641dce} @ http://localhost:3000/@fs/C:/Users/avone/OneDrive/Desktop/HokkOS/HookSwap/packages/utilities/src/logger/logger.ts:57
[  695417ms] [INFO] INFO {context: Object} Session init completed {needChallenge: true, durationMs: 125} @ http://localhost:3000/@fs/C:/Users/avone/OneDrive/Desktop/HokkOS/HookSwap/packages/utilities/src/logger/logger.ts:57
[  695536ms] [ERROR] Failed to load resource: the server responded with a status of 400 () @ https://entry-gateway.backend-staging.api.uniswap.org/uniswap.platformservice.v1.SessionService/Challenge:0
[  696540ms] [INFO] INFO {context: Object} [Event: Session Init Started] {git_commit_hash: 9ed17066c95192873c6353c7f745d760f7641dce} @ http://localhost:3000/@fs/C:/Users/avone/OneDrive/Desktop/HokkOS/HookSwap/packages/utilities/src/logger/logger.ts:57
[  696540ms] [INFO] INFO {context: Object} Session init started @ http://localhost:3000/@fs/C:/Users/avone/OneDrive/Desktop/HokkOS/HookSwap/packages/utilities/src/logger/logger.ts:57
[  696721ms] [INFO] INFO {context: Object} [Event: Session Init Completed] {need_challenge: true, duration_ms: 181.2999999821186, git_commit_hash: 9ed17066c95192873c6353c7f745d760f7641dce} @ http://localhost:3000/@fs/C:/Users/avone/OneDrive/Desktop/HokkOS/HookSwap/packages/utilities/src/logger/logger.ts:57
[  696722ms] [INFO] INFO {context: Object} Session init completed {needChallenge: true, durationMs: 181.2999999821186} @ http://localhost:3000/@fs/C:/Users/avone/OneDrive/Desktop/HokkOS/HookSwap/packages/utilities/src/logger/logger.ts:57
[  696925ms] [ERROR] Failed to load resource: the server responded with a status of 400 () @ https://entry-gateway.backend-staging.api.uniswap.org/uniswap.platformservice.v1.SessionService/Challenge:0
[  698927ms] [INFO] INFO {context: Object} [Event: Session Init Started] {git_commit_hash: 9ed17066c95192873c6353c7f745d760f7641dce} @ http://localhost:3000/@fs/C:/Users/avone/OneDrive/Desktop/HokkOS/HookSwap/packages/utilities/src/logger/logger.ts:57
[  698928ms] [INFO] INFO {context: Object} Session init started @ http://localhost:3000/@fs/C:/Users/avone/OneDrive/Desktop/HokkOS/HookSwap/packages/utilities/src/logger/logger.ts:57
[  699043ms] [INFO] INFO {context: Object} [Event: Session Init Completed] {need_challenge: true, duration_ms: 115.7999999821186, git_commit_hash: 9ed17066c95192873c6353c7f745d760f7641dce} @ http://localhost:3000/@fs/C:/Users/avone/OneDrive/Desktop/HokkOS/HookSwap/packages/utilities/src/logger/logger.ts:57
[  699043ms] [INFO] INFO {context: Object} Session init completed {needChallenge: true, durationMs: 115.7999999821186} @ http://localhost:3000/@fs/C:/Users/avone/OneDrive/Desktop/HokkOS/HookSwap/packages/utilities/src/logger/logger.ts:57
[  699256ms] [ERROR] Failed to load resource: the server responded with a status of 400 () @ https://entry-gateway.backend-staging.api.uniswap.org/uniswap.platformservice.v1.SessionService/Challenge:0
[  703268ms] [INFO] INFO {context: Object} [Event: Session Init Started] {git_commit_hash: 9ed17066c95192873c6353c7f745d760f7641dce} @ http://localhost:3000/@fs/C:/Users/avone/OneDrive/Desktop/HokkOS/HookSwap/packages/utilities/src/logger/logger.ts:57
[  703268ms] [INFO] INFO {context: Object} Session init started @ http://localhost:3000/@fs/C:/Users/avone/OneDrive/Desktop/HokkOS/HookSwap/packages/utilities/src/logger/logger.ts:57
[  703435ms] [INFO] INFO {context: Object} [Event: Session Init Completed] {need_challenge: true, duration_ms: 167.69999998807907, git_commit_hash: 9ed17066c95192873c6353c7f745d760f7641dce} @ http://localhost:3000/@fs/C:/Users/avone/OneDrive/Desktop/HokkOS/HookSwap/packages/utilities/src/logger/logger.ts:57
[  703435ms] [INFO] INFO {context: Object} Session init completed {needChallenge: true, durationMs: 167.69999998807907} @ http://localhost:3000/@fs/C:/Users/avone/OneDrive/Desktop/HokkOS/HookSwap/packages/utilities/src/logger/logger.ts:57
[  703588ms] [ERROR] Failed to load resource: the server responded with a status of 400 () @ https://entry-gateway.backend-staging.api.uniswap.org/uniswap.platformservice.v1.SessionService/Challenge:0
[  703588ms] [WARNING] WARN {context: Object} Session init failed {tags: Object, extra: Object} @ http://localhost:3000/@fs/C:/Users/avone/OneDrive/Desktop/HokkOS/HookSwap/packages/utilities/src/logger/logger.ts:57
[  703588ms] [WARNING] WARN {context: Object} Session init failed {tags: Object, extra: Object} @ http://localhost:3000/@fs/C:/Users/avone/OneDrive/Desktop/HokkOS/HookSwap/packages/utilities/src/logger/logger.ts:57
[  703588ms] [WARNING] WARN {context: Object} Session init failed {tags: Object, extra: Object} @ http://localhost:3000/@fs/C:/Users/avone/OneDrive/Desktop/HokkOS/HookSwap/packages/utilities/src/logger/logger.ts:57
[  703595ms] [WARNING] WARN {context: Object} RPC error {method: net_version, chainId: 1, durationMs: 8303, provider: unirpc, transport: viem} @ http://localhost:3000/@fs/C:/Users/avone/OneDrive/Desktop/HokkOS/HookSwap/packages/utilities/src/logger/logger.ts:57
[  703595ms] [WARNING] WARN {context: Object} RPC error {method: eth_blockNumber, chainId: 1, durationMs: 8302, provider: unirpc, transport: viem} @ http://localhost:3000/@fs/C:/Users/avone/OneDrive/Desktop/HokkOS/HookSwap/packages/utilities/src/logger/logger.ts:57
[  703596ms] [INFO] INFO {context: Object} [Event: Session Init Started] {git_commit_hash: 9ed17066c95192873c6353c7f745d760f7641dce} @ http://localhost:3000/@fs/C:/Users/avone/OneDrive/Desktop/HokkOS/HookSwap/packages/utilities/src/logger/logger.ts:57
[  703596ms] [INFO] INFO {context: Object} Session init started @ http://localhost:3000/@fs/C:/Users/avone/OneDrive/Desktop/HokkOS/HookSwap/packages/utilities/src/logger/logger.ts:57
[  703761ms] [INFO] INFO {context: Object} [Event: Session Init Completed] {need_challenge: true, duration_ms: 164.90000000596046, git_commit_hash: 9ed17066c95192873c6353c7f745d760f7641dce} @ http://localhost:3000/@fs/C:/Users/avone/OneDrive/Desktop/HokkOS/HookSwap/packages/utilities/src/logger/logger.ts:57
[  703761ms] [INFO] INFO {context: Object} Session init completed {needChallenge: true, durationMs: 164.90000000596046} @ http://localhost:3000/@fs/C:/Users/avone/OneDrive/Desktop/HokkOS/HookSwap/packages/utilities/src/logger/logger.ts:57
[  703938ms] [ERROR] Failed to load resource: the server responded with a status of 400 () @ https://entry-gateway.backend-staging.api.uniswap.org/uniswap.platformservice.v1.SessionService/Challenge:0
[  704945ms] [INFO] INFO {context: Object} [Event: Session Init Started] {git_commit_hash: 9ed17066c95192873c6353c7f745d760f7641dce} @ http://localhost:3000/@fs/C:/Users/avone/OneDrive/Desktop/HokkOS/HookSwap/packages/utilities/src/logger/logger.ts:57
[  704945ms] [INFO] INFO {context: Object} Session init started @ http://localhost:3000/@fs/C:/Users/avone/OneDrive/Desktop/HokkOS/HookSwap/packages/utilities/src/logger/logger.ts:57
[  705126ms] [INFO] INFO {context: Object} [Event: Session Init Completed] {need_challenge: true, duration_ms: 181.59999999403954, git_commit_hash: 9ed17066c95192873c6353c7f745d760f7641dce} @ http://localhost:3000/@fs/C:/Users/avone/OneDrive/Desktop/HokkOS/HookSwap/packages/utilities/src/logger/logger.ts:57
[  705126ms] [INFO] INFO {context: Object} Session init completed {needChallenge: true, durationMs: 181.59999999403954} @ http://localhost:3000/@fs/C:/Users/avone/OneDrive/Desktop/HokkOS/HookSwap/packages/utilities/src/logger/logger.ts:57
[  705513ms] [ERROR] Failed to load resource: the server responded with a status of 400 () @ https://entry-gateway.backend-staging.api.uniswap.org/uniswap.platformservice.v1.SessionService/Challenge:0
[  707516ms] [INFO] INFO {context: Object} [Event: Session Init Started] {git_commit_hash: 9ed17066c95192873c6353c7f745d760f7641dce} @ http://localhost:3000/@fs/C:/Users/avone/OneDrive/Desktop/HokkOS/HookSwap/packages/utilities/src/logger/logger.ts:57
[  707517ms] [INFO] INFO {context: Object} Session init started @ http://localhost:3000/@fs/C:/Users/avone/OneDrive/Desktop/HokkOS/HookSwap/packages/utilities/src/logger/logger.ts:57
[  708486ms] [INFO] INFO {context: Object} [Event: Session Init Completed] {need_challenge: true, duration_ms: 970, git_commit_hash: 9ed17066c95192873c6353c7f745d760f7641dce} @ http://localhost:3000/@fs/C:/Users/avone/OneDrive/Desktop/HokkOS/HookSwap/packages/utilities/src/logger/logger.ts:57
[  708487ms] [INFO] INFO {context: Object} Session init completed {needChallenge: true, durationMs: 970} @ http://localhost:3000/@fs/C:/Users/avone/OneDrive/Desktop/HokkOS/HookSwap/packages/utilities/src/logger/logger.ts:57
[  709020ms] [ERROR] Failed to load resource: the server responded with a status of 400 () @ https://entry-gateway.backend-staging.api.uniswap.org/uniswap.platformservice.v1.SessionService/Challenge:0
[  713031ms] [INFO] INFO {context: Object} [Event: Session Init Started] {git_commit_hash: 9ed17066c95192873c6353c7f745d760f7641dce} @ http://localhost:3000/@fs/C:/Users/avone/OneDrive/Desktop/HokkOS/HookSwap/packages/utilities/src/logger/logger.ts:57
[  713031ms] [INFO] INFO {context: Object} Session init started @ http://localhost:3000/@fs/C:/Users/avone/OneDrive/Desktop/HokkOS/HookSwap/packages/utilities/src/logger/logger.ts:57
[  713193ms] [INFO] INFO {context: Object} [Event: Session Init Completed] {need_challenge: true, duration_ms: 162.40000000596046, git_commit_hash: 9ed17066c95192873c6353c7f745d760f7641dce} @ http://localhost:3000/@fs/C:/Users/avone/OneDrive/Desktop/HokkOS/HookSwap/packages/utilities/src/logger/logger.ts:57
[  713193ms] [INFO] INFO {context: Object} Session init completed {needChallenge: true, durationMs: 162.40000000596046} @ http://localhost:3000/@fs/C:/Users/avone/OneDrive/Desktop/HokkOS/HookSwap/packages/utilities/src/logger/logger.ts:57
[  713346ms] [ERROR] Failed to load resource: the server responded with a status of 400 () @ https://entry-gateway.backend-staging.api.uniswap.org/uniswap.platformservice.v1.SessionService/Challenge:0
[  713346ms] [WARNING] WARN {context: Object} Session init failed {tags: Object, extra: Object} @ http://localhost:3000/@fs/C:/Users/avone/OneDrive/Desktop/HokkOS/HookSwap/packages/utilities/src/logger/logger.ts:57
[  713346ms] [WARNING] WARN {context: Object} Session init failed {tags: Object, extra: Object} @ http://localhost:3000/@fs/C:/Users/avone/OneDrive/Desktop/HokkOS/HookSwap/packages/utilities/src/logger/logger.ts:57
[  713346ms] [WARNING] WARN {context: Object} Session init failed {tags: Object, extra: Object} @ http://localhost:3000/@fs/C:/Users/avone/OneDrive/Desktop/HokkOS/HookSwap/packages/utilities/src/logger/logger.ts:57
[  713347ms] [INFO] INFO {context: Object} [Event: Session Init Started] {git_commit_hash: 9ed17066c95192873c6353c7f745d760f7641dce} @ http://localhost:3000/@fs/C:/Users/avone/OneDrive/Desktop/HokkOS/HookSwap/packages/utilities/src/logger/logger.ts:57
[  713347ms] [INFO] INFO {context: Object} Session init started @ http://localhost:3000/@fs/C:/Users/avone/OneDrive/Desktop/HokkOS/HookSwap/packages/utilities/src/logger/logger.ts:57
[  713620ms] [INFO] INFO {context: Object} [Event: Session Init Completed] {need_challenge: true, duration_ms: 273.19999998807907, git_commit_hash: 9ed17066c95192873c6353c7f745d760f7641dce} @ http://localhost:3000/@fs/C:/Users/avone/OneDrive/Desktop/HokkOS/HookSwap/packages/utilities/src/logger/logger.ts:57
[  713620ms] [INFO] INFO {context: Object} Session init completed {needChallenge: true, durationMs: 273.19999998807907} @ http://localhost:3000/@fs/C:/Users/avone/OneDrive/Desktop/HokkOS/HookSwap/packages/utilities/src/logger/logger.ts:57
[  713793ms] [ERROR] Failed to load resource: the server responded with a status of 400 () @ https://entry-gateway.backend-staging.api.uniswap.org/uniswap.platformservice.v1.SessionService/Challenge:0
[  714808ms] [INFO] INFO {context: Object} [Event: Session Init Started] {git_commit_hash: 9ed17066c95192873c6353c7f745d760f7641dce} @ http://localhost:3000/@fs/C:/Users/avone/OneDrive/Desktop/HokkOS/HookSwap/packages/utilities/src/logger/logger.ts:57
[  714808ms] [INFO] INFO {context: Object} Session init started @ http://localhost:3000/@fs/C:/Users/avone/OneDrive/Desktop/HokkOS/HookSwap/packages/utilities/src/logger/logger.ts:57
[  716300ms] [INFO] INFO {context: Object} [Event: Session Init Completed] {need_challenge: true, duration_ms: 1492.199999988079, git_commit_hash: 9ed17066c95192873c6353c7f745d760f7641dce} @ http://localhost:3000/@fs/C:/Users/avone/OneDrive/Desktop/HokkOS/HookSwap/packages/utilities/src/logger/logger.ts:57
[  716301ms] [INFO] INFO {context: Object} Session init completed {needChallenge: true, durationMs: 1492.199999988079} @ http://localhost:3000/@fs/C:/Users/avone/OneDrive/Desktop/HokkOS/HookSwap/packages/utilities/src/logger/logger.ts:57
[  716500ms] [ERROR] Failed to load resource: the server responded with a status of 400 () @ https://entry-gateway.backend-staging.api.uniswap.org/uniswap.platformservice.v1.SessionService/Challenge:0
[  718510ms] [INFO] INFO {context: Object} [Event: Session Init Started] {git_commit_hash: 9ed17066c95192873c6353c7f745d760f7641dce} @ http://localhost:3000/@fs/C:/Users/avone/OneDrive/Desktop/HokkOS/HookSwap/packages/utilities/src/logger/logger.ts:57
[  718511ms] [INFO] INFO {context: Object} Session init started @ http://localhost:3000/@fs/C:/Users/avone/OneDrive/Desktop/HokkOS/HookSwap/packages/utilities/src/logger/logger.ts:57
[  719088ms] [INFO] INFO {context: Object} [Event: Session Init Completed] {need_challenge: true, duration_ms: 577.7999999821186, git_commit_hash: 9ed17066c95192873c6353c7f745d760f7641dce} @ http://localhost:3000/@fs/C:/Users/avone/OneDrive/Desktop/HokkOS/HookSwap/packages/utilities/src/logger/logger.ts:57
[  719088ms] [INFO] INFO {context: Object} Session init completed {needChallenge: true, durationMs: 577.7999999821186} @ http://localhost:3000/@fs/C:/Users/avone/OneDrive/Desktop/HokkOS/HookSwap/packages/utilities/src/logger/logger.ts:57
[  719323ms] [ERROR] Failed to load resource: the server responded with a status of 400 () @ https://entry-gateway.backend-staging.api.uniswap.org/uniswap.platformservice.v1.SessionService/Challenge:0
[  723332ms] [INFO] INFO {context: Object} [Event: Session Init Started] {git_commit_hash: 9ed17066c95192873c6353c7f745d760f7641dce} @ http://localhost:3000/@fs/C:/Users/avone/OneDrive/Desktop/HokkOS/HookSwap/packages/utilities/src/logger/logger.ts:57
[  723332ms] [INFO] INFO {context: Object} Session init started @ http://localhost:3000/@fs/C:/Users/avone/OneDrive/Desktop/HokkOS/HookSwap/packages/utilities/src/logger/logger.ts:57
[  723347ms] [WARNING] WARN {context: Object} Session ready timed out {tags: Object, extra: Object} @ http://localhost:3000/@fs/C:/Users/avone/OneDrive/Desktop/HokkOS/HookSwap/packages/utilities/src/logger/logger.ts:57
[  723362ms] [WARNING] WARN {context: Object} Session ready timed out {tags: Object, extra: Object} @ http://localhost:3000/@fs/C:/Users/avone/OneDrive/Desktop/HokkOS/HookSwap/packages/utilities/src/logger/logger.ts:57
[  723363ms] [WARNING] WARN {context: Object} Session ready timed out {tags: Object, extra: Object} @ http://localhost:3000/@fs/C:/Users/avone/OneDrive/Desktop/HokkOS/HookSwap/packages/utilities/src/logger/logger.ts:57
[  724116ms] [INFO] INFO {context: Object} [Event: Session Init Completed] {need_challenge: true, duration_ms: 784.6999999880791, git_commit_hash: 9ed17066c95192873c6353c7f745d760f7641dce} @ http://localhost:3000/@fs/C:/Users/avone/OneDrive/Desktop/HokkOS/HookSwap/packages/utilities/src/logger/logger.ts:57
[  724117ms] [INFO] INFO {context: Object} Session init completed {needChallenge: true, durationMs: 784.6999999880791} @ http://localhost:3000/@fs/C:/Users/avone/OneDrive/Desktop/HokkOS/HookSwap/packages/utilities/src/logger/logger.ts:57
[  724259ms] [ERROR] Failed to load resource: the server responded with a status of 400 () @ https://entry-gateway.backend-staging.api.uniswap.org/uniswap.platformservice.v1.SessionService/Challenge:0
[  724260ms] [WARNING] WARN {context: Object} Session init failed {tags: Object, extra: Object} @ http://localhost:3000/@fs/C:/Users/avone/OneDrive/Desktop/HokkOS/HookSwap/packages/utilities/src/logger/logger.ts:57
[  724260ms] [WARNING] WARN {context: Object} Session init failed {tags: Object, extra: Object} @ http://localhost:3000/@fs/C:/Users/avone/OneDrive/Desktop/HokkOS/HookSwap/packages/utilities/src/logger/logger.ts:57
[  724260ms] [WARNING] WARN {context: Object} Session init failed {tags: Object, extra: Object} @ http://localhost:3000/@fs/C:/Users/avone/OneDrive/Desktop/HokkOS/HookSwap/packages/utilities/src/logger/logger.ts:57
[  724261ms] [INFO] INFO {context: Object} [Event: Session Init Started] {git_commit_hash: 9ed17066c95192873c6353c7f745d760f7641dce} @ http://localhost:3000/@fs/C:/Users/avone/OneDrive/Desktop/HokkOS/HookSwap/packages/utilities/src/logger/logger.ts:57
[  724261ms] [INFO] INFO {context: Object} Session init started @ http://localhost:3000/@fs/C:/Users/avone/OneDrive/Desktop/HokkOS/HookSwap/packages/utilities/src/logger/logger.ts:57
[  724385ms] [INFO] INFO {context: Object} [Event: Session Init Completed] {need_challenge: true, duration_ms: 124.2000000178814, git_commit_hash: 9ed17066c95192873c6353c7f745d760f7641dce} @ http://localhost:3000/@fs/C:/Users/avone/OneDrive/Desktop/HokkOS/HookSwap/packages/utilities/src/logger/logger.ts:57
[  724385ms] [INFO] INFO {context: Object} Session init completed {needChallenge: true, durationMs: 124.2000000178814} @ http://localhost:3000/@fs/C:/Users/avone/OneDrive/Desktop/HokkOS/HookSwap/packages/utilities/src/logger/logger.ts:57
[  724538ms] [ERROR] Failed to load resource: the server responded with a status of 400 () @ https://entry-gateway.backend-staging.api.uniswap.org/uniswap.platformservice.v1.SessionService/Challenge:0
[  725551ms] [INFO] INFO {context: Object} [Event: Session Init Started] {git_commit_hash: 9ed17066c95192873c6353c7f745d760f7641dce} @ http://localhost:3000/@fs/C:/Users/avone/OneDrive/Desktop/HokkOS/HookSwap/packages/utilities/src/logger/logger.ts:57
[  725551ms] [INFO] INFO {context: Object} Session init started @ http://localhost:3000/@fs/C:/Users/avone/OneDrive/Desktop/HokkOS/HookSwap/packages/utilities/src/logger/logger.ts:57
[  725665ms] [INFO] INFO {context: Object} [Event: Session Init Completed] {need_challenge: true, duration_ms: 113.69999998807907, git_commit_hash: 9ed17066c95192873c6353c7f745d760f7641dce} @ http://localhost:3000/@fs/C:/Users/avone/OneDrive/Desktop/HokkOS/HookSwap/packages/utilities/src/logger/logger.ts:57
[  725665ms] [INFO] INFO {context: Object} Session init completed {needChallenge: true, durationMs: 113.69999998807907} @ http://localhost:3000/@fs/C:/Users/avone/OneDrive/Desktop/HokkOS/HookSwap/packages/utilities/src/logger/logger.ts:57
[  725773ms] [ERROR] Failed to load resource: the server responded with a status of 400 () @ https://entry-gateway.backend-staging.api.uniswap.org/uniswap.platformservice.v1.SessionService/Challenge:0
[  727786ms] [INFO] INFO {context: Object} [Event: Session Init Started] {git_commit_hash: 9ed17066c95192873c6353c7f745d760f7641dce} @ http://localhost:3000/@fs/C:/Users/avone/OneDrive/Desktop/HokkOS/HookSwap/packages/utilities/src/logger/logger.ts:57
[  727787ms] [INFO] INFO {context: Object} Session init started @ http://localhost:3000/@fs/C:/Users/avone/OneDrive/Desktop/HokkOS/HookSwap/packages/utilities/src/logger/logger.ts:57
[  728290ms] [INFO] INFO {context: Object} [Event: Session Init Completed] {need_challenge: true, duration_ms: 503.89999997615814, git_commit_hash: 9ed17066c95192873c6353c7f745d760f7641dce} @ http://localhost:3000/@fs/C:/Users/avone/OneDrive/Desktop/HokkOS/HookSwap/packages/utilities/src/logger/logger.ts:57
[  728290ms] [INFO] INFO {context: Object} Session init completed {needChallenge: true, durationMs: 503.89999997615814} @ http://localhost:3000/@fs/C:/Users/avone/OneDrive/Desktop/HokkOS/HookSwap/packages/utilities/src/logger/logger.ts:57
[  728395ms] [ERROR] Failed to load resource: the server responded with a status of 400 () @ https://entry-gateway.backend-staging.api.uniswap.org/uniswap.platformservice.v1.SessionService/Challenge:0
[  732412ms] [INFO] INFO {context: Object} [Event: Session Init Started] {git_commit_hash: 9ed17066c95192873c6353c7f745d760f7641dce} @ http://localhost:3000/@fs/C:/Users/avone/OneDrive/Desktop/HokkOS/HookSwap/packages/utilities/src/logger/logger.ts:57
[  732412ms] [INFO] INFO {context: Object} Session init started @ http://localhost:3000/@fs/C:/Users/avone/OneDrive/Desktop/HokkOS/HookSwap/packages/utilities/src/logger/logger.ts:57
[  732555ms] [INFO] INFO {context: Object} [Event: Session Init Completed] {need_challenge: true, duration_ms: 143.09999999403954, git_commit_hash: 9ed17066c95192873c6353c7f745d760f7641dce} @ http://localhost:3000/@fs/C:/Users/avone/OneDrive/Desktop/HokkOS/HookSwap/packages/utilities/src/logger/logger.ts:57
[  732555ms] [INFO] INFO {context: Object} Session init completed {needChallenge: true, durationMs: 143.09999999403954} @ http://localhost:3000/@fs/C:/Users/avone/OneDrive/Desktop/HokkOS/HookSwap/packages/utilities/src/logger/logger.ts:57
[  732662ms] [ERROR] Failed to load resource: the server responded with a status of 400 () @ https://entry-gateway.backend-staging.api.uniswap.org/uniswap.platformservice.v1.SessionService/Challenge:0
[  732663ms] [WARNING] WARN {context: Object} Session init failed {tags: Object, extra: Object} @ http://localhost:3000/@fs/C:/Users/avone/OneDrive/Desktop/HokkOS/HookSwap/packages/utilities/src/logger/logger.ts:57
[  732663ms] [WARNING] WARN {context: Object} Session init failed {tags: Object, extra: Object} @ http://localhost:3000/@fs/C:/Users/avone/OneDrive/Desktop/HokkOS/HookSwap/packages/utilities/src/logger/logger.ts:57
[  732663ms] [WARNING] WARN {context: Object} Session init failed {tags: Object, extra: Object} @ http://localhost:3000/@fs/C:/Users/avone/OneDrive/Desktop/HokkOS/HookSwap/packages/utilities/src/logger/logger.ts:57
[  732663ms] [INFO] INFO {context: Object} [Event: Session Init Started] {git_commit_hash: 9ed17066c95192873c6353c7f745d760f7641dce} @ http://localhost:3000/@fs/C:/Users/avone/OneDrive/Desktop/HokkOS/HookSwap/packages/utilities/src/logger/logger.ts:57
[  732663ms] [INFO] INFO {context: Object} Session init started @ http://localhost:3000/@fs/C:/Users/avone/OneDrive/Desktop/HokkOS/HookSwap/packages/utilities/src/logger/logger.ts:57
[  732783ms] [INFO] INFO {context: Object} [Event: Session Init Completed] {need_challenge: true, duration_ms: 120.30000001192093, git_commit_hash: 9ed17066c95192873c6353c7f745d760f7641dce} @ http://localhost:3000/@fs/C:/Users/avone/OneDrive/Desktop/HokkOS/HookSwap/packages/utilities/src/logger/logger.ts:57
[  732783ms] [INFO] INFO {context: Object} Session init completed {needChallenge: true, durationMs: 120.30000001192093} @ http://localhost:3000/@fs/C:/Users/avone/OneDrive/Desktop/HokkOS/HookSwap/packages/utilities/src/logger/logger.ts:57
[  732902ms] [ERROR] Failed to load resource: the server responded with a status of 400 () @ https://entry-gateway.backend-staging.api.uniswap.org/uniswap.platformservice.v1.SessionService/Challenge:0
[  733918ms] [INFO] INFO {context: Object} [Event: Session Init Started] {git_commit_hash: 9ed17066c95192873c6353c7f745d760f7641dce} @ http://localhost:3000/@fs/C:/Users/avone/OneDrive/Desktop/HokkOS/HookSwap/packages/utilities/src/logger/logger.ts:57
[  733918ms] [INFO] INFO {context: Object} Session init started @ http://localhost:3000/@fs/C:/Users/avone/OneDrive/Desktop/HokkOS/HookSwap/packages/utilities/src/logger/logger.ts:57
[  734037ms] [INFO] INFO {context: Object} [Event: Session Init Completed] {need_challenge: true, duration_ms: 119.80000001192093, git_commit_hash: 9ed17066c95192873c6353c7f745d760f7641dce} @ http://localhost:3000/@fs/C:/Users/avone/OneDrive/Desktop/HokkOS/HookSwap/packages/utilities/src/logger/logger.ts:57
[  734038ms] [INFO] INFO {context: Object} Session init completed {needChallenge: true, durationMs: 119.80000001192093} @ http://localhost:3000/@fs/C:/Users/avone/OneDrive/Desktop/HokkOS/HookSwap/packages/utilities/src/logger/logger.ts:57
[  734146ms] [ERROR] Failed to load resource: the server responded with a status of 400 () @ https://entry-gateway.backend-staging.api.uniswap.org/uniswap.platformservice.v1.SessionService/Challenge:0
[  736160ms] [INFO] INFO {context: Object} [Event: Session Init Started] {git_commit_hash: 9ed17066c95192873c6353c7f745d760f7641dce} @ http://localhost:3000/@fs/C:/Users/avone/OneDrive/Desktop/HokkOS/HookSwap/packages/utilities/src/logger/logger.ts:57
[  736160ms] [INFO] INFO {context: Object} Session init started @ http://localhost:3000/@fs/C:/Users/avone/OneDrive/Desktop/HokkOS/HookSwap/packages/utilities/src/logger/logger.ts:57
[  736354ms] [INFO] INFO {context: Object} [Event: Session Init Completed] {need_challenge: true, duration_ms: 194.5, git_commit_hash: 9ed17066c95192873c6353c7f745d760f7641dce} @ http://localhost:3000/@fs/C:/Users/avone/OneDrive/Desktop/HokkOS/HookSwap/packages/utilities/src/logger/logger.ts:57
[  736354ms] [INFO] INFO {context: Object} Session init completed {needChallenge: true, durationMs: 194.5} @ http://localhost:3000/@fs/C:/Users/avone/OneDrive/Desktop/HokkOS/HookSwap/packages/utilities/src/logger/logger.ts:57
[  736460ms] [ERROR] Failed to load resource: the server responded with a status of 400 () @ https://entry-gateway.backend-staging.api.uniswap.org/uniswap.platformservice.v1.SessionService/Challenge:0
[  740463ms] [INFO] INFO {context: Object} [Event: Session Init Started] {git_commit_hash: 9ed17066c95192873c6353c7f745d760f7641dce} @ http://localhost:3000/@fs/C:/Users/avone/OneDrive/Desktop/HokkOS/HookSwap/packages/utilities/src/logger/logger.ts:57
[  740463ms] [INFO] INFO {context: Object} Session init started @ http://localhost:3000/@fs/C:/Users/avone/OneDrive/Desktop/HokkOS/HookSwap/packages/utilities/src/logger/logger.ts:57
[  740612ms] [INFO] INFO {context: Object} [Event: Session Init Completed] {need_challenge: true, duration_ms: 149, git_commit_hash: 9ed17066c95192873c6353c7f745d760f7641dce} @ http://localhost:3000/@fs/C:/Users/avone/OneDrive/Desktop/HokkOS/HookSwap/packages/utilities/src/logger/logger.ts:57
[  740612ms] [INFO] INFO {context: Object} Session init completed {needChallenge: true, durationMs: 149} @ http://localhost:3000/@fs/C:/Users/avone/OneDrive/Desktop/HokkOS/HookSwap/packages/utilities/src/logger/logger.ts:57
[  740734ms] [ERROR] Failed to load resource: the server responded with a status of 400 () @ https://entry-gateway.backend-staging.api.uniswap.org/uniswap.platformservice.v1.SessionService/Challenge:0
[  740735ms] [WARNING] WARN {context: Object} Session init failed {tags: Object, extra: Object} @ http://localhost:3000/@fs/C:/Users/avone/OneDrive/Desktop/HokkOS/HookSwap/packages/utilities/src/logger/logger.ts:57
[  740735ms] [WARNING] WARN {context: Object} Session init failed {tags: Object, extra: Object} @ http://localhost:3000/@fs/C:/Users/avone/OneDrive/Desktop/HokkOS/HookSwap/packages/utilities/src/logger/logger.ts:57
[  740735ms] [WARNING] WARN {context: Object} Session init failed {tags: Object, extra: Object} @ http://localhost:3000/@fs/C:/Users/avone/OneDrive/Desktop/HokkOS/HookSwap/packages/utilities/src/logger/logger.ts:57
[  740736ms] [INFO] INFO {context: Object} [Event: Session Init Started] {git_commit_hash: 9ed17066c95192873c6353c7f745d760f7641dce} @ http://localhost:3000/@fs/C:/Users/avone/OneDrive/Desktop/HokkOS/HookSwap/packages/utilities/src/logger/logger.ts:57
[  740736ms] [INFO] INFO {context: Object} Session init started @ http://localhost:3000/@fs/C:/Users/avone/OneDrive/Desktop/HokkOS/HookSwap/packages/utilities/src/logger/logger.ts:57
[  740864ms] [INFO] INFO {context: Object} [Event: Session Init Completed] {need_challenge: true, duration_ms: 128.09999999403954, git_commit_hash: 9ed17066c95192873c6353c7f745d760f7641dce} @ http://localhost:3000/@fs/C:/Users/avone/OneDrive/Desktop/HokkOS/HookSwap/packages/utilities/src/logger/logger.ts:57
[  740864ms] [INFO] INFO {context: Object} Session init completed {needChallenge: true, durationMs: 128.09999999403954} @ http://localhost:3000/@fs/C:/Users/avone/OneDrive/Desktop/HokkOS/HookSwap/packages/utilities/src/logger/logger.ts:57
[  740976ms] [ERROR] Failed to load resource: the server responded with a status of 400 () @ https://entry-gateway.backend-staging.api.uniswap.org/uniswap.platformservice.v1.SessionService/Challenge:0
[  741980ms] [INFO] INFO {context: Object} [Event: Session Init Started] {git_commit_hash: 9ed17066c95192873c6353c7f745d760f7641dce} @ http://localhost:3000/@fs/C:/Users/avone/OneDrive/Desktop/HokkOS/HookSwap/packages/utilities/src/logger/logger.ts:57
[  741980ms] [INFO] INFO {context: Object} Session init started @ http://localhost:3000/@fs/C:/Users/avone/OneDrive/Desktop/HokkOS/HookSwap/packages/utilities/src/logger/logger.ts:57
[  742104ms] [INFO] INFO {context: Object} [Event: Session Init Completed] {need_challenge: true, duration_ms: 124.7000000178814, git_commit_hash: 9ed17066c95192873c6353c7f745d760f7641dce} @ http://localhost:3000/@fs/C:/Users/avone/OneDrive/Desktop/HokkOS/HookSwap/packages/utilities/src/logger/logger.ts:57
[  742105ms] [INFO] INFO {context: Object} Session init completed {needChallenge: true, durationMs: 124.7000000178814} @ http://localhost:3000/@fs/C:/Users/avone/OneDrive/Desktop/HokkOS/HookSwap/packages/utilities/src/logger/logger.ts:57
[  742230ms] [ERROR] Failed to load resource: the server responded with a status of 400 () @ https://entry-gateway.backend-staging.api.uniswap.org/uniswap.platformservice.v1.SessionService/Challenge:0
[  744246ms] [INFO] INFO {context: Object} [Event: Session Init Started] {git_commit_hash: 9ed17066c95192873c6353c7f745d760f7641dce} @ http://localhost:3000/@fs/C:/Users/avone/OneDrive/Desktop/HokkOS/HookSwap/packages/utilities/src/logger/logger.ts:57
[  744247ms] [INFO] INFO {context: Object} Session init started @ http://localhost:3000/@fs/C:/Users/avone/OneDrive/Desktop/HokkOS/HookSwap/packages/utilities/src/logger/logger.ts:57
[  744487ms] [INFO] INFO {context: Object} [Event: Session Init Completed] {need_challenge: true, duration_ms: 241.09999999403954, git_commit_hash: 9ed17066c95192873c6353c7f745d760f7641dce} @ http://localhost:3000/@fs/C:/Users/avone/OneDrive/Desktop/HokkOS/HookSwap/packages/utilities/src/logger/logger.ts:57
[  744487ms] [INFO] INFO {context: Object} Session init completed {needChallenge: true, durationMs: 241.09999999403954} @ http://localhost:3000/@fs/C:/Users/avone/OneDrive/Desktop/HokkOS/HookSwap/packages/utilities/src/logger/logger.ts:57
[  744599ms] [ERROR] Failed to load resource: the server responded with a status of 400 () @ https://entry-gateway.backend-staging.api.uniswap.org/uniswap.platformservice.v1.SessionService/Challenge:0
[  748606ms] [INFO] INFO {context: Object} [Event: Session Init Started] {git_commit_hash: 9ed17066c95192873c6353c7f745d760f7641dce} @ http://localhost:3000/@fs/C:/Users/avone/OneDrive/Desktop/HokkOS/HookSwap/packages/utilities/src/logger/logger.ts:57
[  748606ms] [INFO] INFO {context: Object} Session init started @ http://localhost:3000/@fs/C:/Users/avone/OneDrive/Desktop/HokkOS/HookSwap/packages/utilities/src/logger/logger.ts:57
[  748764ms] [INFO] INFO {context: Object} [Event: Session Init Completed] {need_challenge: true, duration_ms: 158.90000000596046, git_commit_hash: 9ed17066c95192873c6353c7f745d760f7641dce} @ http://localhost:3000/@fs/C:/Users/avone/OneDrive/Desktop/HokkOS/HookSwap/packages/utilities/src/logger/logger.ts:57
[  748765ms] [INFO] INFO {context: Object} Session init completed {needChallenge: true, durationMs: 158.90000000596046} @ http://localhost:3000/@fs/C:/Users/avone/OneDrive/Desktop/HokkOS/HookSwap/packages/utilities/src/logger/logger.ts:57
[  748872ms] [ERROR] Failed to load resource: the server responded with a status of 400 () @ https://entry-gateway.backend-staging.api.uniswap.org/uniswap.platformservice.v1.SessionService/Challenge:0
[  748873ms] [WARNING] WARN {context: Object} Session init failed {tags: Object, extra: Object} @ http://localhost:3000/@fs/C:/Users/avone/OneDrive/Desktop/HokkOS/HookSwap/packages/utilities/src/logger/logger.ts:57
[  748874ms] [WARNING] WARN {context: Object} Session init failed {tags: Object, extra: Object} @ http://localhost:3000/@fs/C:/Users/avone/OneDrive/Desktop/HokkOS/HookSwap/packages/utilities/src/logger/logger.ts:57
[  748874ms] [WARNING] WARN {context: Object} Session init failed {tags: Object, extra: Object} @ http://localhost:3000/@fs/C:/Users/avone/OneDrive/Desktop/HokkOS/HookSwap/packages/utilities/src/logger/logger.ts:57
[  748875ms] [INFO] INFO {context: Object} [Event: Session Init Started] {git_commit_hash: 9ed17066c95192873c6353c7f745d760f7641dce} @ http://localhost:3000/@fs/C:/Users/avone/OneDrive/Desktop/HokkOS/HookSwap/packages/utilities/src/logger/logger.ts:57
[  748875ms] [INFO] INFO {context: Object} Session init started @ http://localhost:3000/@fs/C:/Users/avone/OneDrive/Desktop/HokkOS/HookSwap/packages/utilities/src/logger/logger.ts:57
[  748997ms] [INFO] INFO {context: Object} [Event: Session Init Completed] {need_challenge: true, duration_ms: 122.2999999821186, git_commit_hash: 9ed17066c95192873c6353c7f745d760f7641dce} @ http://localhost:3000/@fs/C:/Users/avone/OneDrive/Desktop/HokkOS/HookSwap/packages/utilities/src/logger/logger.ts:57
[  748997ms] [INFO] INFO {context: Object} Session init completed {needChallenge: true, durationMs: 122.2999999821186} @ http://localhost:3000/@fs/C:/Users/avone/OneDrive/Desktop/HokkOS/HookSwap/packages/utilities/src/logger/logger.ts:57
[  749099ms] [ERROR] Failed to load resource: the server responded with a status of 400 () @ https://entry-gateway.backend-staging.api.uniswap.org/uniswap.platformservice.v1.SessionService/Challenge:0
[  750108ms] [INFO] INFO {context: Object} [Event: Session Init Started] {git_commit_hash: 9ed17066c95192873c6353c7f745d760f7641dce} @ http://localhost:3000/@fs/C:/Users/avone/OneDrive/Desktop/HokkOS/HookSwap/packages/utilities/src/logger/logger.ts:57
[  750108ms] [INFO] INFO {context: Object} Session init started @ http://localhost:3000/@fs/C:/Users/avone/OneDrive/Desktop/HokkOS/HookSwap/packages/utilities/src/logger/logger.ts:57
[  750231ms] [INFO] INFO {context: Object} [Event: Session Init Completed] {need_challenge: true, duration_ms: 123, git_commit_hash: 9ed17066c95192873c6353c7f745d760f7641dce} @ http://localhost:3000/@fs/C:/Users/avone/OneDrive/Desktop/HokkOS/HookSwap/packages/utilities/src/logger/logger.ts:57
[  750231ms] [INFO] INFO {context: Object} Session init completed {needChallenge: true, durationMs: 123} @ http://localhost:3000/@fs/C:/Users/avone/OneDrive/Desktop/HokkOS/HookSwap/packages/utilities/src/logger/logger.ts:57
[  750346ms] [ERROR] Failed to load resource: the server responded with a status of 400 () @ https://entry-gateway.backend-staging.api.uniswap.org/uniswap.platformservice.v1.SessionService/Challenge:0
[  752358ms] [INFO] INFO {context: Object} [Event: Session Init Started] {git_commit_hash: 9ed17066c95192873c6353c7f745d760f7641dce} @ http://localhost:3000/@fs/C:/Users/avone/OneDrive/Desktop/HokkOS/HookSwap/packages/utilities/src/logger/logger.ts:57
[  752359ms] [INFO] INFO {context: Object} Session init started @ http://localhost:3000/@fs/C:/Users/avone/OneDrive/Desktop/HokkOS/HookSwap/packages/utilities/src/logger/logger.ts:57
[  752609ms] [INFO] INFO {context: Object} [Event: Session Init Completed] {need_challenge: true, duration_ms: 250.89999997615814, git_commit_hash: 9ed17066c95192873c6353c7f745d760f7641dce} @ http://localhost:3000/@fs/C:/Users/avone/OneDrive/Desktop/HokkOS/HookSwap/packages/utilities/src/logger/logger.ts:57
[  752609ms] [INFO] INFO {context: Object} Session init completed {needChallenge: true, durationMs: 250.89999997615814} @ http://localhost:3000/@fs/C:/Users/avone/OneDrive/Desktop/HokkOS/HookSwap/packages/utilities/src/logger/logger.ts:57
[  752743ms] [ERROR] Failed to load resource: the server responded with a status of 400 () @ https://entry-gateway.backend-staging.api.uniswap.org/uniswap.platformservice.v1.SessionService/Challenge:0
[  756752ms] [INFO] INFO {context: Object} [Event: Session Init Started] {git_commit_hash: 9ed17066c95192873c6353c7f745d760f7641dce} @ http://localhost:3000/@fs/C:/Users/avone/OneDrive/Desktop/HokkOS/HookSwap/packages/utilities/src/logger/logger.ts:57
[  756752ms] [INFO] INFO {context: Object} Session init started @ http://localhost:3000/@fs/C:/Users/avone/OneDrive/Desktop/HokkOS/HookSwap/packages/utilities/src/logger/logger.ts:57
[  756889ms] [INFO] INFO {context: Object} [Event: Session Init Completed] {need_challenge: true, duration_ms: 137.7000000178814, git_commit_hash: 9ed17066c95192873c6353c7f745d760f7641dce} @ http://localhost:3000/@fs/C:/Users/avone/OneDrive/Desktop/HokkOS/HookSwap/packages/utilities/src/logger/logger.ts:57
[  756889ms] [INFO] INFO {context: Object} Session init completed {needChallenge: true, durationMs: 137.7000000178814} @ http://localhost:3000/@fs/C:/Users/avone/OneDrive/Desktop/HokkOS/HookSwap/packages/utilities/src/logger/logger.ts:57
[  757005ms] [ERROR] Failed to load resource: the server responded with a status of 400 () @ https://entry-gateway.backend-staging.api.uniswap.org/uniswap.platformservice.v1.SessionService/Challenge:0
[  757006ms] [WARNING] WARN {context: Object} Session init failed {tags: Object, extra: Object} @ http://localhost:3000/@fs/C:/Users/avone/OneDrive/Desktop/HokkOS/HookSwap/packages/utilities/src/logger/logger.ts:57
[  757006ms] [WARNING] WARN {context: Object} Session init failed {tags: Object, extra: Object} @ http://localhost:3000/@fs/C:/Users/avone/OneDrive/Desktop/HokkOS/HookSwap/packages/utilities/src/logger/logger.ts:57
[  757006ms] [WARNING] WARN {context: Object} Session init failed {tags: Object, extra: Object} @ http://localhost:3000/@fs/C:/Users/avone/OneDrive/Desktop/HokkOS/HookSwap/packages/utilities/src/logger/logger.ts:57
[  757006ms] [WARNING] WARN {context: Object} Suppressed 19 RPC errors in previous 60s window {provider: unirpc, chainId: 1, methods: Object, errors: Object} @ http://localhost:3000/@fs/C:/Users/avone/OneDrive/Desktop/HokkOS/HookSwap/packages/utilities/src/logger/logger.ts:57
[  757007ms] [WARNING] WARN {context: Object} RPC error {method: net_version, chainId: 1, durationMs: 8132, provider: unirpc, transport: viem} @ http://localhost:3000/@fs/C:/Users/avone/OneDrive/Desktop/HokkOS/HookSwap/packages/utilities/src/logger/logger.ts:57
[  757007ms] [WARNING] WARN {context: Object} RPC error {method: eth_blockNumber, chainId: 1, durationMs: 8130, provider: unirpc, transport: viem} @ http://localhost:3000/@fs/C:/Users/avone/OneDrive/Desktop/HokkOS/HookSwap/packages/utilities/src/logger/logger.ts:57
[  757007ms] [WARNING] WARN {context: Object} RPC error {method: eth_chainId, chainId: 1, durationMs: 8129, provider: unirpc, transport: viem} @ http://localhost:3000/@fs/C:/Users/avone/OneDrive/Desktop/HokkOS/HookSwap/packages/utilities/src/logger/logger.ts:57
[  757007ms] [INFO] INFO {context: Object} [Event: Session Init Started] {git_commit_hash: 9ed17066c95192873c6353c7f745d760f7641dce} @ http://localhost:3000/@fs/C:/Users/avone/OneDrive/Desktop/HokkOS/HookSwap/packages/utilities/src/logger/logger.ts:57
[  757007ms] [INFO] INFO {context: Object} Session init started @ http://localhost:3000/@fs/C:/Users/avone/OneDrive/Desktop/HokkOS/HookSwap/packages/utilities/src/logger/logger.ts:57
[  757128ms] [INFO] INFO {context: Object} [Event: Session Init Completed] {need_challenge: true, duration_ms: 120.59999999403954, git_commit_hash: 9ed17066c95192873c6353c7f745d760f7641dce} @ http://localhost:3000/@fs/C:/Users/avone/OneDrive/Desktop/HokkOS/HookSwap/packages/utilities/src/logger/logger.ts:57
[  757128ms] [INFO] INFO {context: Object} Session init completed {needChallenge: true, durationMs: 120.59999999403954} @ http://localhost:3000/@fs/C:/Users/avone/OneDrive/Desktop/HokkOS/HookSwap/packages/utilities/src/logger/logger.ts:57
[  757242ms] [ERROR] Failed to load resource: the server responded with a status of 400 () @ https://entry-gateway.backend-staging.api.uniswap.org/uniswap.platformservice.v1.SessionService/Challenge:0
[  758257ms] [INFO] INFO {context: Object} [Event: Session Init Started] {git_commit_hash: 9ed17066c95192873c6353c7f745d760f7641dce} @ http://localhost:3000/@fs/C:/Users/avone/OneDrive/Desktop/HokkOS/HookSwap/packages/utilities/src/logger/logger.ts:57
[  758257ms] [INFO] INFO {context: Object} Session init started @ http://localhost:3000/@fs/C:/Users/avone/OneDrive/Desktop/HokkOS/HookSwap/packages/utilities/src/logger/logger.ts:57
[  758478ms] [INFO] INFO {context: Object} [Event: Session Init Completed] {need_challenge: true, duration_ms: 221.2000000178814, git_commit_hash: 9ed17066c95192873c6353c7f745d760f7641dce} @ http://localhost:3000/@fs/C:/Users/avone/OneDrive/Desktop/HokkOS/HookSwap/packages/utilities/src/logger/logger.ts:57
[  758478ms] [INFO] INFO {context: Object} Session init completed {needChallenge: true, durationMs: 221.2000000178814} @ http://localhost:3000/@fs/C:/Users/avone/OneDrive/Desktop/HokkOS/HookSwap/packages/utilities/src/logger/logger.ts:57
[  758877ms] [ERROR] Failed to load resource: the server responded with a status of 400 () @ https://entry-gateway.backend-staging.api.uniswap.org/uniswap.platformservice.v1.SessionService/Challenge:0
[  760881ms] [INFO] INFO {context: Object} [Event: Session Init Started] {git_commit_hash: 9ed17066c95192873c6353c7f745d760f7641dce} @ http://localhost:3000/@fs/C:/Users/avone/OneDrive/Desktop/HokkOS/HookSwap/packages/utilities/src/logger/logger.ts:57
[  760881ms] [INFO] INFO {context: Object} Session init started @ http://localhost:3000/@fs/C:/Users/avone/OneDrive/Desktop/HokkOS/HookSwap/packages/utilities/src/logger/logger.ts:57
[  760997ms] [INFO] INFO {context: Object} [Event: Session Init Completed] {need_challenge: true, duration_ms: 116.59999999403954, git_commit_hash: 9ed17066c95192873c6353c7f745d760f7641dce} @ http://localhost:3000/@fs/C:/Users/avone/OneDrive/Desktop/HokkOS/HookSwap/packages/utilities/src/logger/logger.ts:57
[  760997ms] [INFO] INFO {context: Object} Session init completed {needChallenge: true, durationMs: 116.59999999403954} @ http://localhost:3000/@fs/C:/Users/avone/OneDrive/Desktop/HokkOS/HookSwap/packages/utilities/src/logger/logger.ts:57
[  761102ms] [ERROR] Failed to load resource: the server responded with a status of 400 () @ https://entry-gateway.backend-staging.api.uniswap.org/uniswap.platformservice.v1.SessionService/Challenge:0
[  765109ms] [INFO] INFO {context: Object} [Event: Session Init Started] {git_commit_hash: 9ed17066c95192873c6353c7f745d760f7641dce} @ http://localhost:3000/@fs/C:/Users/avone/OneDrive/Desktop/HokkOS/HookSwap/packages/utilities/src/logger/logger.ts:57
[  765109ms] [INFO] INFO {context: Object} Session init started @ http://localhost:3000/@fs/C:/Users/avone/OneDrive/Desktop/HokkOS/HookSwap/packages/utilities/src/logger/logger.ts:57
[  765260ms] [INFO] INFO {context: Object} [Event: Session Init Completed] {need_challenge: true, duration_ms: 150.89999997615814, git_commit_hash: 9ed17066c95192873c6353c7f745d760f7641dce} @ http://localhost:3000/@fs/C:/Users/avone/OneDrive/Desktop/HokkOS/HookSwap/packages/utilities/src/logger/logger.ts:57
[  765260ms] [INFO] INFO {context: Object} Session init completed {needChallenge: true, durationMs: 150.89999997615814} @ http://localhost:3000/@fs/C:/Users/avone/OneDrive/Desktop/HokkOS/HookSwap/packages/utilities/src/logger/logger.ts:57
[  765392ms] [ERROR] Failed to load resource: the server responded with a status of 400 () @ https://entry-gateway.backend-staging.api.uniswap.org/uniswap.platformservice.v1.SessionService/Challenge:0
[  765393ms] [WARNING] WARN {context: Object} Session init failed {tags: Object, extra: Object} @ http://localhost:3000/@fs/C:/Users/avone/OneDrive/Desktop/HokkOS/HookSwap/packages/utilities/src/logger/logger.ts:57
[  765393ms] [WARNING] WARN {context: Object} Session init failed {tags: Object, extra: Object} @ http://localhost:3000/@fs/C:/Users/avone/OneDrive/Desktop/HokkOS/HookSwap/packages/utilities/src/logger/logger.ts:57
[  765393ms] [WARNING] WARN {context: Object} Session init failed {tags: Object, extra: Object} @ http://localhost:3000/@fs/C:/Users/avone/OneDrive/Desktop/HokkOS/HookSwap/packages/utilities/src/logger/logger.ts:57
[  765393ms] [WARNING] WARN {context: Object} RPC error {method: net_version, chainId: 1, durationMs: 8386, provider: unirpc, transport: viem} @ http://localhost:3000/@fs/C:/Users/avone/OneDrive/Desktop/HokkOS/HookSwap/packages/utilities/src/logger/logger.ts:57
[  765393ms] [WARNING] WARN {context: Object} RPC error {method: eth_blockNumber, chainId: 1, durationMs: 8385, provider: unirpc, transport: viem} @ http://localhost:3000/@fs/C:/Users/avone/OneDrive/Desktop/HokkOS/HookSwap/packages/utilities/src/logger/logger.ts:57
[  765394ms] [INFO] INFO {context: Object} [Event: Session Init Started] {git_commit_hash: 9ed17066c95192873c6353c7f745d760f7641dce} @ http://localhost:3000/@fs/C:/Users/avone/OneDrive/Desktop/HokkOS/HookSwap/packages/utilities/src/logger/logger.ts:57
[  765394ms] [INFO] INFO {context: Object} Session init started @ http://localhost:3000/@fs/C:/Users/avone/OneDrive/Desktop/HokkOS/HookSwap/packages/utilities/src/logger/logger.ts:57
[  765522ms] [INFO] INFO {context: Object} [Event: Session Init Completed] {need_challenge: true, duration_ms: 128.90000000596046, git_commit_hash: 9ed17066c95192873c6353c7f745d760f7641dce} @ http://localhost:3000/@fs/C:/Users/avone/OneDrive/Desktop/HokkOS/HookSwap/packages/utilities/src/logger/logger.ts:57
[  765522ms] [INFO] INFO {context: Object} Session init completed {needChallenge: true, durationMs: 128.90000000596046} @ http://localhost:3000/@fs/C:/Users/avone/OneDrive/Desktop/HokkOS/HookSwap/packages/utilities/src/logger/logger.ts:57
[  765655ms] [ERROR] Failed to load resource: the server responded with a status of 400 () @ https://entry-gateway.backend-staging.api.uniswap.org/uniswap.platformservice.v1.SessionService/Challenge:0
[  766666ms] [INFO] INFO {context: Object} [Event: Session Init Started] {git_commit_hash: 9ed17066c95192873c6353c7f745d760f7641dce} @ http://localhost:3000/@fs/C:/Users/avone/OneDrive/Desktop/HokkOS/HookSwap/packages/utilities/src/logger/logger.ts:57
[  766666ms] [INFO] INFO {context: Object} Session init started @ http://localhost:3000/@fs/C:/Users/avone/OneDrive/Desktop/HokkOS/HookSwap/packages/utilities/src/logger/logger.ts:57
[  767529ms] [INFO] INFO {context: Object} [Event: Session Init Completed] {need_challenge: true, duration_ms: 862.8999999761581, git_commit_hash: 9ed17066c95192873c6353c7f745d760f7641dce} @ http://localhost:3000/@fs/C:/Users/avone/OneDrive/Desktop/HokkOS/HookSwap/packages/utilities/src/logger/logger.ts:57
[  767529ms] [INFO] INFO {context: Object} Session init completed {needChallenge: true, durationMs: 862.8999999761581} @ http://localhost:3000/@fs/C:/Users/avone/OneDrive/Desktop/HokkOS/HookSwap/packages/utilities/src/logger/logger.ts:57
[  768113ms] [ERROR] Failed to load resource: the server responded with a status of 400 () @ https://entry-gateway.backend-staging.api.uniswap.org/uniswap.platformservice.v1.SessionService/Challenge:0
[  770116ms] [INFO] INFO {context: Object} [Event: Session Init Started] {git_commit_hash: 9ed17066c95192873c6353c7f745d760f7641dce} @ http://localhost:3000/@fs/C:/Users/avone/OneDrive/Desktop/HokkOS/HookSwap/packages/utilities/src/logger/logger.ts:57
[  770116ms] [INFO] INFO {context: Object} Session init started @ http://localhost:3000/@fs/C:/Users/avone/OneDrive/Desktop/HokkOS/HookSwap/packages/utilities/src/logger/logger.ts:57
[  770260ms] [INFO] INFO {context: Object} [Event: Session Init Completed] {need_challenge: true, duration_ms: 144.59999999403954, git_commit_hash: 9ed17066c95192873c6353c7f745d760f7641dce} @ http://localhost:3000/@fs/C:/Users/avone/OneDrive/Desktop/HokkOS/HookSwap/packages/utilities/src/logger/logger.ts:57
[  770261ms] [INFO] INFO {context: Object} Session init completed {needChallenge: true, durationMs: 144.59999999403954} @ http://localhost:3000/@fs/C:/Users/avone/OneDrive/Desktop/HokkOS/HookSwap/packages/utilities/src/logger/logger.ts:57
[  770409ms] [ERROR] Failed to load resource: the server responded with a status of 400 () @ https://entry-gateway.backend-staging.api.uniswap.org/uniswap.platformservice.v1.SessionService/Challenge:0
[  774415ms] [INFO] INFO {context: Object} [Event: Session Init Started] {git_commit_hash: 9ed17066c95192873c6353c7f745d760f7641dce} @ http://localhost:3000/@fs/C:/Users/avone/OneDrive/Desktop/HokkOS/HookSwap/packages/utilities/src/logger/logger.ts:57
[  774415ms] [INFO] INFO {context: Object} Session init started @ http://localhost:3000/@fs/C:/Users/avone/OneDrive/Desktop/HokkOS/HookSwap/packages/utilities/src/logger/logger.ts:57
[  774555ms] [INFO] INFO {context: Object} [Event: Session Init Completed] {need_challenge: true, duration_ms: 140.2999999821186, git_commit_hash: 9ed17066c95192873c6353c7f745d760f7641dce} @ http://localhost:3000/@fs/C:/Users/avone/OneDrive/Desktop/HokkOS/HookSwap/packages/utilities/src/logger/logger.ts:57
[  774555ms] [INFO] INFO {context: Object} Session init completed {needChallenge: true, durationMs: 140.2999999821186} @ http://localhost:3000/@fs/C:/Users/avone/OneDrive/Desktop/HokkOS/HookSwap/packages/utilities/src/logger/logger.ts:57
[  774689ms] [ERROR] Failed to load resource: the server responded with a status of 400 () @ https://entry-gateway.backend-staging.api.uniswap.org/uniswap.platformservice.v1.SessionService/Challenge:0
[  774689ms] [WARNING] WARN {context: Object} Session init failed {tags: Object, extra: Object} @ http://localhost:3000/@fs/C:/Users/avone/OneDrive/Desktop/HokkOS/HookSwap/packages/utilities/src/logger/logger.ts:57
[  774689ms] [WARNING] WARN {context: Object} Session init failed {tags: Object, extra: Object} @ http://localhost:3000/@fs/C:/Users/avone/OneDrive/Desktop/HokkOS/HookSwap/packages/utilities/src/logger/logger.ts:57
[  774690ms] [WARNING] WARN {context: Object} Session init failed {tags: Object, extra: Object} @ http://localhost:3000/@fs/C:/Users/avone/OneDrive/Desktop/HokkOS/HookSwap/packages/utilities/src/logger/logger.ts:57
[  774690ms] [INFO] INFO {context: Object} [Event: Session Init Started] {git_commit_hash: 9ed17066c95192873c6353c7f745d760f7641dce} @ http://localhost:3000/@fs/C:/Users/avone/OneDrive/Desktop/HokkOS/HookSwap/packages/utilities/src/logger/logger.ts:57
[  774690ms] [INFO] INFO {context: Object} Session init started @ http://localhost:3000/@fs/C:/Users/avone/OneDrive/Desktop/HokkOS/HookSwap/packages/utilities/src/logger/logger.ts:57
[  777056ms] [INFO] INFO {context: Object} [Event: Session Init Completed] {need_challenge: true, duration_ms: 2365.800000011921, git_commit_hash: 9ed17066c95192873c6353c7f745d760f7641dce} @ http://localhost:3000/@fs/C:/Users/avone/OneDrive/Desktop/HokkOS/HookSwap/packages/utilities/src/logger/logger.ts:57
[  777056ms] [INFO] INFO {context: Object} Session init completed {needChallenge: true, durationMs: 2365.800000011921} @ http://localhost:3000/@fs/C:/Users/avone/OneDrive/Desktop/HokkOS/HookSwap/packages/utilities/src/logger/logger.ts:57
[  777196ms] [ERROR] Failed to load resource: the server responded with a status of 400 () @ https://entry-gateway.backend-staging.api.uniswap.org/uniswap.platformservice.v1.SessionService/Challenge:0
[  778200ms] [INFO] INFO {context: Object} [Event: Session Init Started] {git_commit_hash: 9ed17066c95192873c6353c7f745d760f7641dce} @ http://localhost:3000/@fs/C:/Users/avone/OneDrive/Desktop/HokkOS/HookSwap/packages/utilities/src/logger/logger.ts:57
[  778201ms] [INFO] INFO {context: Object} Session init started @ http://localhost:3000/@fs/C:/Users/avone/OneDrive/Desktop/HokkOS/HookSwap/packages/utilities/src/logger/logger.ts:57
[  778316ms] [INFO] INFO {context: Object} [Event: Session Init Completed] {need_challenge: true, duration_ms: 115.30000001192093, git_commit_hash: 9ed17066c95192873c6353c7f745d760f7641dce} @ http://localhost:3000/@fs/C:/Users/avone/OneDrive/Desktop/HokkOS/HookSwap/packages/utilities/src/logger/logger.ts:57
[  778316ms] [INFO] INFO {context: Object} Session init completed {needChallenge: true, durationMs: 115.30000001192093} @ http://localhost:3000/@fs/C:/Users/avone/OneDrive/Desktop/HokkOS/HookSwap/packages/utilities/src/logger/logger.ts:57
[  778425ms] [ERROR] Failed to load resource: the server responded with a status of 400 () @ https://entry-gateway.backend-staging.api.uniswap.org/uniswap.platformservice.v1.SessionService/Challenge:0
[  780429ms] [INFO] INFO {context: Object} [Event: Session Init Started] {git_commit_hash: 9ed17066c95192873c6353c7f745d760f7641dce} @ http://localhost:3000/@fs/C:/Users/avone/OneDrive/Desktop/HokkOS/HookSwap/packages/utilities/src/logger/logger.ts:57
[  780429ms] [INFO] INFO {context: Object} Session init started @ http://localhost:3000/@fs/C:/Users/avone/OneDrive/Desktop/HokkOS/HookSwap/packages/utilities/src/logger/logger.ts:57
[  780729ms] [INFO] INFO {context: Object} [Event: Session Init Completed] {need_challenge: true, duration_ms: 300.2000000178814, git_commit_hash: 9ed17066c95192873c6353c7f745d760f7641dce} @ http://localhost:3000/@fs/C:/Users/avone/OneDrive/Desktop/HokkOS/HookSwap/packages/utilities/src/logger/logger.ts:57
[  780729ms] [INFO] INFO {context: Object} Session init completed {needChallenge: true, durationMs: 300.2000000178814} @ http://localhost:3000/@fs/C:/Users/avone/OneDrive/Desktop/HokkOS/HookSwap/packages/utilities/src/logger/logger.ts:57
[  780922ms] [ERROR] Failed to load resource: the server responded with a status of 400 () @ https://entry-gateway.backend-staging.api.uniswap.org/uniswap.platformservice.v1.SessionService/Challenge:0
[  784698ms] [WARNING] WARN {context: Object} Session ready timed out {tags: Object, extra: Object} @ http://localhost:3000/@fs/C:/Users/avone/OneDrive/Desktop/HokkOS/HookSwap/packages/utilities/src/logger/logger.ts:57
[  784698ms] [WARNING] WARN {context: Object} Session ready timed out {tags: Object, extra: Object} @ http://localhost:3000/@fs/C:/Users/avone/OneDrive/Desktop/HokkOS/HookSwap/packages/utilities/src/logger/logger.ts:57
[  784699ms] [WARNING] WARN {context: Object} Session ready timed out {tags: Object, extra: Object} @ http://localhost:3000/@fs/C:/Users/avone/OneDrive/Desktop/HokkOS/HookSwap/packages/utilities/src/logger/logger.ts:57
[  784931ms] [INFO] INFO {context: Object} [Event: Session Init Started] {git_commit_hash: 9ed17066c95192873c6353c7f745d760f7641dce} @ http://localhost:3000/@fs/C:/Users/avone/OneDrive/Desktop/HokkOS/HookSwap/packages/utilities/src/logger/logger.ts:57
[  784931ms] [INFO] INFO {context: Object} Session init started @ http://localhost:3000/@fs/C:/Users/avone/OneDrive/Desktop/HokkOS/HookSwap/packages/utilities/src/logger/logger.ts:57
[  785061ms] [INFO] INFO {context: Object} [Event: Session Init Completed] {need_challenge: true, duration_ms: 130.19999998807907, git_commit_hash: 9ed17066c95192873c6353c7f745d760f7641dce} @ http://localhost:3000/@fs/C:/Users/avone/OneDrive/Desktop/HokkOS/HookSwap/packages/utilities/src/logger/logger.ts:57
[  785061ms] [INFO] INFO {context: Object} Session init completed {needChallenge: true, durationMs: 130.19999998807907} @ http://localhost:3000/@fs/C:/Users/avone/OneDrive/Desktop/HokkOS/HookSwap/packages/utilities/src/logger/logger.ts:57
[  785166ms] [ERROR] Failed to load resource: the server responded with a status of 400 () @ https://entry-gateway.backend-staging.api.uniswap.org/uniswap.platformservice.v1.SessionService/Challenge:0
[  785168ms] [WARNING] WARN {context: Object} Session init failed {tags: Object, extra: Object} @ http://localhost:3000/@fs/C:/Users/avone/OneDrive/Desktop/HokkOS/HookSwap/packages/utilities/src/logger/logger.ts:57
[  785168ms] [WARNING] WARN {context: Object} Session init failed {tags: Object, extra: Object} @ http://localhost:3000/@fs/C:/Users/avone/OneDrive/Desktop/HokkOS/HookSwap/packages/utilities/src/logger/logger.ts:57
[  785168ms] [WARNING] WARN {context: Object} Session init failed {tags: Object, extra: Object} @ http://localhost:3000/@fs/C:/Users/avone/OneDrive/Desktop/HokkOS/HookSwap/packages/utilities/src/logger/logger.ts:57
[  785169ms] [INFO] INFO {context: Object} [Event: Session Init Started] {git_commit_hash: 9ed17066c95192873c6353c7f745d760f7641dce} @ http://localhost:3000/@fs/C:/Users/avone/OneDrive/Desktop/HokkOS/HookSwap/packages/utilities/src/logger/logger.ts:57
[  785170ms] [INFO] INFO {context: Object} Session init started @ http://localhost:3000/@fs/C:/Users/avone/OneDrive/Desktop/HokkOS/HookSwap/packages/utilities/src/logger/logger.ts:57
[  785287ms] [INFO] INFO {context: Object} [Event: Session Init Completed] {need_challenge: true, duration_ms: 118.09999999403954, git_commit_hash: 9ed17066c95192873c6353c7f745d760f7641dce} @ http://localhost:3000/@fs/C:/Users/avone/OneDrive/Desktop/HokkOS/HookSwap/packages/utilities/src/logger/logger.ts:57
[  785288ms] [INFO] INFO {context: Object} Session init completed {needChallenge: true, durationMs: 118.09999999403954} @ http://localhost:3000/@fs/C:/Users/avone/OneDrive/Desktop/HokkOS/HookSwap/packages/utilities/src/logger/logger.ts:57
[  785391ms] [ERROR] Failed to load resource: the server responded with a status of 400 () @ https://entry-gateway.backend-staging.api.uniswap.org/uniswap.platformservice.v1.SessionService/Challenge:0
[  786398ms] [INFO] INFO {context: Object} [Event: Session Init Started] {git_commit_hash: 9ed17066c95192873c6353c7f745d760f7641dce} @ http://localhost:3000/@fs/C:/Users/avone/OneDrive/Desktop/HokkOS/HookSwap/packages/utilities/src/logger/logger.ts:57
[  786398ms] [INFO] INFO {context: Object} Session init started @ http://localhost:3000/@fs/C:/Users/avone/OneDrive/Desktop/HokkOS/HookSwap/packages/utilities/src/logger/logger.ts:57
[  786515ms] [INFO] INFO {context: Object} [Event: Session Init Completed] {need_challenge: true, duration_ms: 117.2999999821186, git_commit_hash: 9ed17066c95192873c6353c7f745d760f7641dce} @ http://localhost:3000/@fs/C:/Users/avone/OneDrive/Desktop/HokkOS/HookSwap/packages/utilities/src/logger/logger.ts:57
[  786515ms] [INFO] INFO {context: Object} Session init completed {needChallenge: true, durationMs: 117.2999999821186} @ http://localhost:3000/@fs/C:/Users/avone/OneDrive/Desktop/HokkOS/HookSwap/packages/utilities/src/logger/logger.ts:57
[  786611ms] [ERROR] Failed to load resource: the server responded with a status of 400 () @ https://entry-gateway.backend-staging.api.uniswap.org/uniswap.platformservice.v1.SessionService/Challenge:0
[  788625ms] [INFO] INFO {context: Object} [Event: Session Init Started] {git_commit_hash: 9ed17066c95192873c6353c7f745d760f7641dce} @ http://localhost:3000/@fs/C:/Users/avone/OneDrive/Desktop/HokkOS/HookSwap/packages/utilities/src/logger/logger.ts:57
[  788625ms] [INFO] INFO {context: Object} Session init started @ http://localhost:3000/@fs/C:/Users/avone/OneDrive/Desktop/HokkOS/HookSwap/packages/utilities/src/logger/logger.ts:57
[  790029ms] [INFO] INFO {context: Object} [Event: Session Init Completed] {need_challenge: true, duration_ms: 1404.0999999940395, git_commit_hash: 9ed17066c95192873c6353c7f745d760f7641dce} @ http://localhost:3000/@fs/C:/Users/avone/OneDrive/Desktop/HokkOS/HookSwap/packages/utilities/src/logger/logger.ts:57
[  790029ms] [INFO] INFO {context: Object} Session init completed {needChallenge: true, durationMs: 1404.0999999940395} @ http://localhost:3000/@fs/C:/Users/avone/OneDrive/Desktop/HokkOS/HookSwap/packages/utilities/src/logger/logger.ts:57
[  790167ms] [ERROR] Failed to load resource: the server responded with a status of 400 () @ https://entry-gateway.backend-staging.api.uniswap.org/uniswap.platformservice.v1.SessionService/Challenge:0
[  794173ms] [INFO] INFO {context: Object} [Event: Session Init Started] {git_commit_hash: 9ed17066c95192873c6353c7f745d760f7641dce} @ http://localhost:3000/@fs/C:/Users/avone/OneDrive/Desktop/HokkOS/HookSwap/packages/utilities/src/logger/logger.ts:57
[  794173ms] [INFO] INFO {context: Object} Session init started @ http://localhost:3000/@fs/C:/Users/avone/OneDrive/Desktop/HokkOS/HookSwap/packages/utilities/src/logger/logger.ts:57
[  794340ms] [INFO] INFO {context: Object} [Event: Session Init Completed] {need_challenge: true, duration_ms: 167.40000000596046, git_commit_hash: 9ed17066c95192873c6353c7f745d760f7641dce} @ http://localhost:3000/@fs/C:/Users/avone/OneDrive/Desktop/HokkOS/HookSwap/packages/utilities/src/logger/logger.ts:57
[  794341ms] [INFO] INFO {context: Object} Session init completed {needChallenge: true, durationMs: 167.40000000596046} @ http://localhost:3000/@fs/C:/Users/avone/OneDrive/Desktop/HokkOS/HookSwap/packages/utilities/src/logger/logger.ts:57
[  794508ms] [ERROR] Failed to load resource: the server responded with a status of 400 () @ https://entry-gateway.backend-staging.api.uniswap.org/uniswap.platformservice.v1.SessionService/Challenge:0
[  794508ms] [WARNING] WARN {context: Object} Session init failed {tags: Object, extra: Object} @ http://localhost:3000/@fs/C:/Users/avone/OneDrive/Desktop/HokkOS/HookSwap/packages/utilities/src/logger/logger.ts:57
[  794508ms] [WARNING] WARN {context: Object} Session init failed {tags: Object, extra: Object} @ http://localhost:3000/@fs/C:/Users/avone/OneDrive/Desktop/HokkOS/HookSwap/packages/utilities/src/logger/logger.ts:57
[  794508ms] [WARNING] WARN {context: Object} Session init failed {tags: Object, extra: Object} @ http://localhost:3000/@fs/C:/Users/avone/OneDrive/Desktop/HokkOS/HookSwap/packages/utilities/src/logger/logger.ts:57
[  794509ms] [INFO] INFO {context: Object} [Event: Session Init Started] {git_commit_hash: 9ed17066c95192873c6353c7f745d760f7641dce} @ http://localhost:3000/@fs/C:/Users/avone/OneDrive/Desktop/HokkOS/HookSwap/packages/utilities/src/logger/logger.ts:57
[  794509ms] [INFO] INFO {context: Object} Session init started @ http://localhost:3000/@fs/C:/Users/avone/OneDrive/Desktop/HokkOS/HookSwap/packages/utilities/src/logger/logger.ts:57
[  794862ms] [INFO] INFO {context: Object} [Event: Session Init Completed] {need_challenge: true, duration_ms: 353.59999999403954, git_commit_hash: 9ed17066c95192873c6353c7f745d760f7641dce} @ http://localhost:3000/@fs/C:/Users/avone/OneDrive/Desktop/HokkOS/HookSwap/packages/utilities/src/logger/logger.ts:57
[  794863ms] [INFO] INFO {context: Object} Session init completed {needChallenge: true, durationMs: 353.59999999403954} @ http://localhost:3000/@fs/C:/Users/avone/OneDrive/Desktop/HokkOS/HookSwap/packages/utilities/src/logger/logger.ts:57
[  795053ms] [ERROR] Failed to load resource: the server responded with a status of 400 () @ https://entry-gateway.backend-staging.api.uniswap.org/uniswap.platformservice.v1.SessionService/Challenge:0
[  796058ms] [INFO] INFO {context: Object} [Event: Session Init Started] {git_commit_hash: 9ed17066c95192873c6353c7f745d760f7641dce} @ http://localhost:3000/@fs/C:/Users/avone/OneDrive/Desktop/HokkOS/HookSwap/packages/utilities/src/logger/logger.ts:57
[  796058ms] [INFO] INFO {context: Object} Session init started @ http://localhost:3000/@fs/C:/Users/avone/OneDrive/Desktop/HokkOS/HookSwap/packages/utilities/src/logger/logger.ts:57
[  796475ms] [INFO] INFO {context: Object} [Event: Session Init Completed] {need_challenge: true, duration_ms: 416.7999999821186, git_commit_hash: 9ed17066c95192873c6353c7f745d760f7641dce} @ http://localhost:3000/@fs/C:/Users/avone/OneDrive/Desktop/HokkOS/HookSwap/packages/utilities/src/logger/logger.ts:57
[  796475ms] [INFO] INFO {context: Object} Session init completed {needChallenge: true, durationMs: 416.7999999821186} @ http://localhost:3000/@fs/C:/Users/avone/OneDrive/Desktop/HokkOS/HookSwap/packages/utilities/src/logger/logger.ts:57
[  796574ms] [ERROR] Failed to load resource: the server responded with a status of 400 () @ https://entry-gateway.backend-staging.api.uniswap.org/uniswap.platformservice.v1.SessionService/Challenge:0
[  798588ms] [INFO] INFO {context: Object} [Event: Session Init Started] {git_commit_hash: 9ed17066c95192873c6353c7f745d760f7641dce} @ http://localhost:3000/@fs/C:/Users/avone/OneDrive/Desktop/HokkOS/HookSwap/packages/utilities/src/logger/logger.ts:57
[  798588ms] [INFO] INFO {context: Object} Session init started @ http://localhost:3000/@fs/C:/Users/avone/OneDrive/Desktop/HokkOS/HookSwap/packages/utilities/src/logger/logger.ts:57
[  798760ms] [INFO] INFO {context: Object} [Event: Session Init Completed] {need_challenge: true, duration_ms: 171.90000000596046, git_commit_hash: 9ed17066c95192873c6353c7f745d760f7641dce} @ http://localhost:3000/@fs/C:/Users/avone/OneDrive/Desktop/HokkOS/HookSwap/packages/utilities/src/logger/logger.ts:57
[  798760ms] [INFO] INFO {context: Object} Session init completed {needChallenge: true, durationMs: 171.90000000596046} @ http://localhost:3000/@fs/C:/Users/avone/OneDrive/Desktop/HokkOS/HookSwap/packages/utilities/src/logger/logger.ts:57
[  798918ms] [ERROR] Failed to load resource: the server responded with a status of 400 () @ https://entry-gateway.backend-staging.api.uniswap.org/uniswap.platformservice.v1.SessionService/Challenge:0
[  802921ms] [INFO] INFO {context: Object} [Event: Session Init Started] {git_commit_hash: 9ed17066c95192873c6353c7f745d760f7641dce} @ http://localhost:3000/@fs/C:/Users/avone/OneDrive/Desktop/HokkOS/HookSwap/packages/utilities/src/logger/logger.ts:57
[  802921ms] [INFO] INFO {context: Object} Session init started @ http://localhost:3000/@fs/C:/Users/avone/OneDrive/Desktop/HokkOS/HookSwap/packages/utilities/src/logger/logger.ts:57
[  803501ms] [INFO] INFO {context: Object} [Event: Session Init Completed] {need_challenge: true, duration_ms: 580.2999999821186, git_commit_hash: 9ed17066c95192873c6353c7f745d760f7641dce} @ http://localhost:3000/@fs/C:/Users/avone/OneDrive/Desktop/HokkOS/HookSwap/packages/utilities/src/logger/logger.ts:57
[  803501ms] [INFO] INFO {context: Object} Session init completed {needChallenge: true, durationMs: 580.2999999821186} @ http://localhost:3000/@fs/C:/Users/avone/OneDrive/Desktop/HokkOS/HookSwap/packages/utilities/src/logger/logger.ts:57
[  803780ms] [ERROR] Failed to load resource: the server responded with a status of 400 () @ https://entry-gateway.backend-staging.api.uniswap.org/uniswap.platformservice.v1.SessionService/Challenge:0
[  803781ms] [WARNING] WARN {context: Object} Session init failed {tags: Object, extra: Object} @ http://localhost:3000/@fs/C:/Users/avone/OneDrive/Desktop/HokkOS/HookSwap/packages/utilities/src/logger/logger.ts:57
[  803781ms] [WARNING] WARN {context: Object} Session init failed {tags: Object, extra: Object} @ http://localhost:3000/@fs/C:/Users/avone/OneDrive/Desktop/HokkOS/HookSwap/packages/utilities/src/logger/logger.ts:57
[  803781ms] [WARNING] WARN {context: Object} Session init failed {tags: Object, extra: Object} @ http://localhost:3000/@fs/C:/Users/avone/OneDrive/Desktop/HokkOS/HookSwap/packages/utilities/src/logger/logger.ts:57
[  803781ms] [INFO] INFO {context: Object} [Event: Session Init Started] {git_commit_hash: 9ed17066c95192873c6353c7f745d760f7641dce} @ http://localhost:3000/@fs/C:/Users/avone/OneDrive/Desktop/HokkOS/HookSwap/packages/utilities/src/logger/logger.ts:57
[  803781ms] [INFO] INFO {context: Object} Session init started @ http://localhost:3000/@fs/C:/Users/avone/OneDrive/Desktop/HokkOS/HookSwap/packages/utilities/src/logger/logger.ts:57
[  805196ms] [INFO] INFO {context: Object} [Event: Session Init Completed] {need_challenge: true, duration_ms: 1414.5, git_commit_hash: 9ed17066c95192873c6353c7f745d760f7641dce} @ http://localhost:3000/@fs/C:/Users/avone/OneDrive/Desktop/HokkOS/HookSwap/packages/utilities/src/logger/logger.ts:57
[  805196ms] [INFO] INFO {context: Object} Session init completed {needChallenge: true, durationMs: 1414.5} @ http://localhost:3000/@fs/C:/Users/avone/OneDrive/Desktop/HokkOS/HookSwap/packages/utilities/src/logger/logger.ts:57
[  805300ms] [ERROR] Failed to load resource: the server responded with a status of 400 () @ https://entry-gateway.backend-staging.api.uniswap.org/uniswap.platformservice.v1.SessionService/Challenge:0
[  806304ms] [INFO] INFO {context: Object} [Event: Session Init Started] {git_commit_hash: 9ed17066c95192873c6353c7f745d760f7641dce} @ http://localhost:3000/@fs/C:/Users/avone/OneDrive/Desktop/HokkOS/HookSwap/packages/utilities/src/logger/logger.ts:57
[  806305ms] [INFO] INFO {context: Object} Session init started @ http://localhost:3000/@fs/C:/Users/avone/OneDrive/Desktop/HokkOS/HookSwap/packages/utilities/src/logger/logger.ts:57
[  806417ms] [INFO] INFO {context: Object} [Event: Session Init Completed] {need_challenge: true, duration_ms: 112.80000001192093, git_commit_hash: 9ed17066c95192873c6353c7f745d760f7641dce} @ http://localhost:3000/@fs/C:/Users/avone/OneDrive/Desktop/HokkOS/HookSwap/packages/utilities/src/logger/logger.ts:57
[  806417ms] [INFO] INFO {context: Object} Session init completed {needChallenge: true, durationMs: 112.80000001192093} @ http://localhost:3000/@fs/C:/Users/avone/OneDrive/Desktop/HokkOS/HookSwap/packages/utilities/src/logger/logger.ts:57
[  806512ms] [ERROR] Failed to load resource: the server responded with a status of 400 () @ https://entry-gateway.backend-staging.api.uniswap.org/uniswap.platformservice.v1.SessionService/Challenge:0
[  808524ms] [INFO] INFO {context: Object} [Event: Session Init Started] {git_commit_hash: 9ed17066c95192873c6353c7f745d760f7641dce} @ http://localhost:3000/@fs/C:/Users/avone/OneDrive/Desktop/HokkOS/HookSwap/packages/utilities/src/logger/logger.ts:57
[  808524ms] [INFO] INFO {context: Object} Session init started @ http://localhost:3000/@fs/C:/Users/avone/OneDrive/Desktop/HokkOS/HookSwap/packages/utilities/src/logger/logger.ts:57
[  808926ms] [INFO] INFO {context: Object} [Event: Session Init Completed] {need_challenge: true, duration_ms: 402.30000001192093, git_commit_hash: 9ed17066c95192873c6353c7f745d760f7641dce} @ http://localhost:3000/@fs/C:/Users/avone/OneDrive/Desktop/HokkOS/HookSwap/packages/utilities/src/logger/logger.ts:57
[  808926ms] [INFO] INFO {context: Object} Session init completed {needChallenge: true, durationMs: 402.30000001192093} @ http://localhost:3000/@fs/C:/Users/avone/OneDrive/Desktop/HokkOS/HookSwap/packages/utilities/src/logger/logger.ts:57
[  809182ms] [ERROR] Failed to load resource: the server responded with a status of 400 () @ https://entry-gateway.backend-staging.api.uniswap.org/uniswap.platformservice.v1.SessionService/Challenge:0
